id,sales
3000888,3.5376414903690785
3002082,9.819016775395117
3002081,495.4299717264796
3002080,0.17313936694420756
3002079,2128.134337204391
3002078,5.832644822859156
3002077,0.12554903769323147
3002076,3.7632380801846796
3002075,7.703492762815275
3002074,33.743834047888804
3002073,3341.527617499418
3002072,57.21700842589162
3002071,182.75981448118912
3002070,13.0295673195889
3002069,8.230188391012412
3002068,261.8226225165935
3002067,194.0971245594543
3002066,7.038423705384783
3002065,67.30442050076526
3002064,13.416746842515195
3002063,32.84734597142934
3002062,8.805581611113661
3002061,219.95255395084158
3002060,0.296253548987797
3002083,807.2905872815226
3002084,687.2662396199839
3002085,179.35187200287672
3002086,101.47492204668796
3002110,0.09725469139349185
3002109,4.112633979362417
3002108,10.42501627196569
3002107,33.167102409173374
3002106,3568.7358786435334
3002105,79.49920664553864
3002104,169.13775970637312
3002103,9.113469264187554
3002102,9.575770764320465
3002101,209.37698145316088
3002100,168.35530326527586
3002059,38.81769831558937
3002099,7.778855033104287
3002097,9.540896225507682
3002096,40.66830162801063
3002095,12.498976198758053
3002094,191.1883019706432
3002093,0.2727686750303192
3002092,28.6643330469953
3002091,21.221946491139597
3002090,0.9871810051407592
3002089,21.20393094852787
3002088,2830.6052458636755
3002087,102.97059191190941
3002098,70.52526628030127
3002058,25.090079193877962
3002057,0.9210270598284143
3002056,20.607104395364708
3002027,0.20622694561915078
3002026,33.140421963489004
3002025,26.90331132861181
3002024,0.7741154761460021
3002023,7.630198309900269
3002022,3911.2188774505935
3002021,63.73730663846821
3002020,138.78392090363837
3002019,235.7420415431518
3002018,577.2817307578433
3002017,1178.3721857926123
3002028,252.29172392877186
3002016,6.492681590634517
3002014,0.10564208037017049
3002013,2416.376299623944
3002012,2.6875812744627465
3002011,0.18147536179966606
3002010,4.58289045200891
3002009,21.56569051981896
3002008,29.969256830846373
3002007,3574.7008360664195
3002006,74.62104012633266
3002005,423.0928884397365
3002004,9.39983499855852
3002015,355.7543371770261
3002111,2.4946527587498037
3002029,0.8224092129969958
3002031,9.338412498233126
3002055,3412.4518471554966
3002054,92.58547839272072
3002053,106.63087258712363
3002052,217.33310318406834
3002051,691.959369352221
3002050,939.7298675757017
3002049,12.126380553237214
3002048,451.60157058802673
3002047,0.15582690316488687
3002046,2092.7399308649638
3002045,7.065255549334623
3002030,5.585960359606629
3002044,0.17370758193811492
3002042,2.6243763616453726
3002041,31.068464366805756
3002040,1991.2082307584544
3002039,51.15705172100524
3002038,148.48035699014855
3002037,4.634429228903793
3002036,1.2660393230894167
3002035,269.9918660474461
3002034,144.65871726471943
3002033,1.4416481618982013
3002032,56.31805151019985
3002043,4.621093632458866
3002112,3360.825463514408
3002113,0.06218585620762631
3002114,425.39381555654097
3002194,30.413549517078913
3002193,517.6530705844341
3002192,0.8040833338076785
3002191,76.57854314930258
3002190,56.94078986366882
3002189,1.367643160928504
3002188,75.42594470115597
3002187,7951.549571992741
3002186,292.275509468787
3002185,308.6199680800063
3002184,588.3818673885062
3002195,58.62197620257656
3002183,2068.0971712235696
3002181,23.690794229932184
3002180,1136.1663334831035
3002179,0.18384383242642588
3002178,7033.709149494738
3002177,13.727404177366585
3002176,0.1643559841472061
3002175,11.352875736645396
3002174,94.90811926494563
3002173,154.03067530179527
3002172,11435.836648268712
3002171,320.31689992620426
3002182,2142.7296454576267
3002170,1079.2608183852963
3002196,15.615518481110879
3002198,12.119787334498927
3002222,1.248437308551158
3002221,50.26416601288699
3002220,7138.715916816406
3002219,190.74167706922316
3002218,138.35837130262559
3002217,589.6093219227037
3002216,1565.5352433579083
3002215,1866.6575379538576
3002214,19.006578457922437
3002213,783.0990237605412
3002212,0.12115034364737917
3002197,197.99780597817235
3002211,4756.7982521092645
3002209,0.08780793740525833
3002208,9.613310940256751
3002207,69.2972220396051
3002206,128.6416876376961
3002205,7707.383902653491
3002204,238.57859896950427
3002203,991.1253589969343
3002202,32.70722238172647
3002201,21.53370926498327
3002200,573.159216769358
3002199,933.3084142492214
3002210,13.672819589831699
3002003,8.633435129155144
3002169,29.310021989820413
3002167,570.4246636894829
3002138,59.46548653823054
3002137,149.3024818327487
3002136,4.225179519668647
3002135,1.8615010582596425
3002134,228.48970387939013
3002133,167.65225113733524
3002132,1.6489432480185573
3002131,55.27583334055771
3002130,5.9964866892921425
3002129,7.646679139404133
3002128,0.2778923195980928
3002139,1944.9502095107755
3002127,212.22208974485343
3002125,22.904637071183295
3002124,20.12314481407195
3002123,0.5770735539016993
3002122,4.514292111963594
3002121,4199.9521522227315
3002120,50.55019891726581
3002119,129.58236800659296
3002118,223.51979986912897
3002117,638.5749229400406
3002116,1047.7191286919144
3002115,6.324194600782502
3002126,0.14149742326697917
3002168,25.20201237258657
3002140,42.59828101246983
3002142,13.620356587412516
3002166,910.926578407274
3002165,15.628391069826801
3002164,286.26819666606207
3002163,25.833200083514125
3002162,60.09230462224596
3002161,30.560675276801778
3002160,512.0921771848074
3002159,1.0973291977106632
3002158,91.51307151504476
3002157,77.44086794670635
3002156,2.4478665974750218
3002141,0.8177942532682463
3002155,81.84510008368484
3002153,368.38390374790123
3002152,406.5280444312874
3002151,554.2866822704593
3002150,2606.1157598331483
3002149,2346.760500864446
3002148,26.06615180259075
3002147,1330.7236631523222
3002146,0.2349010356258018
3002145,8639.257433511582
3002144,14.889188869357742
3002143,0.21975561864564633
3002154,9135.957410171302
3002224,56.62840468767387
3002002,217.31783451287106
3002000,6.176702090218323
3001859,0.5265279660642379
3001858,7.392972285017056
3001857,3399.7171870868137
3001856,72.83195590704969
3001855,136.9659124798255
3001854,205.258875888827
3001853,718.5458404598261
3001852,912.3839763944834
3001851,6.78482189377233
3001850,468.74738771937734
3001849,0.05685739692768711
3001848,2577.8133395659506
3001847,2.619955307856524
3001846,0.09686022918923275
3001845,4.146159643586501
3001844,0.32809542958510024
3001843,28.60354332179111
3001842,661.561050035169
3001841,25.03172920052738
3001840,49.47249054425421
3001839,1.5794852065250966
3001838,0.527287045067161
3001837,93.81346669938314
3001860,22.992392537191595
3001861,24.914403873206023
3001862,0.19418484065383632
3001863,217.23597359056373
3001887,185.92831647163717
3001886,894.3045688970715
3001885,998.2483202429363
3001884,10.927880367814936
3001883,569.1470559172842
3001882,0.16500930802017638
3001881,2832.7015921609445
3001880,6.898987700361054
3001879,0.13161656993666046
3001878,4.083435177045441
3001877,1.162293715406716
3001836,83.91921724197255
3001876,53.18671519017033
3001874,63.16474656176739
3001873,121.61742536165595
3001872,4.4759624137336225
3001871,2.837640010308079
3001870,243.58457761481287
3001869,178.84149047314045
3001868,1.5229747057205842
3001867,66.896658160433
3001866,6.7972507310273125
3001865,14.560717735550998
3001864,0.259643889226595
3001875,2804.242917914653
3001835,0.5002295861191148
3001834,31.51410341583245
3001833,4.470650125950679
3001804,249.9178578835404
3001803,166.77473093792278
3001802,1.8507550433240096
3001801,50.52460974856356
3001800,10.238321534854142
3001799,13.13041711489822
3001798,2.7216369183465137
3001797,217.14434586138785
3001796,0.3185119894519981
3001795,33.50460636948426
3001794,26.28019228916818
3001805,3.1215556143130545
3001793,0.973666460565068
3001791,3588.9359628667135
3001790,59.39455489959233
3001789,131.05828380493747
3001788,207.21106500885986
3001787,667.1783726538636
3001786,922.3448188179776
3001785,7.554244963904761
3001784,479.63853038019215
3001783,0.10712583196212892
3001782,2278.8111088964615
3001781,4.422369515396766
3001792,6.062523318892329
3001888,147.6359565822746
3001806,5.3335925233994725
3001808,37.679663031458105
3001832,4.078554046240422
3001831,0.0358260493827749
3001830,105.61177604900323
3001829,0.06263844680260461
3001828,13.841079741262776
3001827,13.146152518525938
3001826,0.3148474414893126
3001825,2.027873766085314
3001824,1765.4838187386317
3001823,32.67296365075966
3001822,90.5293353634757
3001807,146.73970771620142
3001821,88.65196065488192
3001819,500.9314684063808
3001818,2.4211753366694304
3001817,108.35084772016187
3001816,0.0
3001815,1174.7402840842522
3001814,1.1750033225532466
3001813,0.028673577804852534
3001812,2.3903907269622326
3001811,3.660760462460968
3001810,42.325766741258505
3001809,1613.5901733123685
3001820,223.23847434559744
3001889,126.46562243202976
3001890,3862.9156407896457
3001891,37.926009252066535
3001971,8.222364803051635
3001970,4.674176853530407
3001969,283.33959073976513
3001968,200.43283510406
3001967,3.135440387783449
3001966,63.582797697849955
3001965,9.892250783994289
3001964,26.549414063653415
3001963,6.7104159673899115
3001962,260.64947033155556
3001961,0.31718371020577024
3001972,174.6876113636648
3001960,34.1517219053561
3001958,1.0813181448016853
3001957,20.716908599052616
3001956,4470.574634700897
3001955,76.9020801926611
3001954,202.68982876308237
3001953,212.01392463032576
3001952,856.3180710678058
3001951,1246.695343021959
3001950,8.754212244790882
3001949,575.1063188534754
3001948,0.13361220727466522
3001959,30.807277337020846
3001947,2993.6830619458765
3001973,84.66591985812852
3001975,46.404451897178994
3001999,81.20924018213093
3001998,8.663004729654752
3001997,27.827262830211623
3001996,15.515102578974766
3001995,236.70854902089462
3001994,0.2249594752643653
3001993,26.712988214534533
3001992,19.570723047913223
3001991,0.8882999557111078
3001990,18.98343390463867
3001989,3399.3695913866577
3001974,2322.000223494339
3001988,94.39648466740748
3001986,205.81766625273278
3001985,891.8321107103442
3001984,803.8804245165542
3001983,10.097121263025914
3001982,414.5512896877075
3001981,0.09550860005986174
3001980,2408.259923717651
3001979,5.777605346140554
3001978,0.05296454085796767
3001977,3.3513792882415334
3001976,8.099245195748631
3001987,121.66869705002762
3002001,375.57517690622757
3001946,5.671292805587297
3001944,5.116299887323828
3001915,0.054300546479657964
3001914,1970.1019726007582
3001913,7.033821694546482
3001912,0.05946426633666178
3001911,4.820584865022894
3001910,15.85117990344364
3001909,35.01287819514315
3001908,3679.157587029328
3001907,109.5595719183639
3001906,207.6257855739871
3001905,10.388276191407407
3001916,382.8493821742141
3001904,12.259125597946145
3001902,213.92783088672635
3001901,9.031414389238346
3001900,98.75944401844858
3001899,11.493972971745757
3001898,40.055963139654175
3001897,13.650457756773196
3001896,233.21419925030375
3001895,0.2667507479349077
3001894,32.43601874018082
3001893,25.496020404878607
3001892,1.3556030656534532
3001903,241.36018876508712
3001945,0.18939165751882397
3001917,11.756441056935149
3001919,652.8666992163127
3001943,13.04393770349842
3001942,28.93752685361375
3001941,2743.047080371197
3001940,73.85780464161947
3001939,167.30262711234892
3001938,11.584693110821966
3001937,8.008931311698651
3001936,229.46939575309975
3001935,215.9321080866573
3001934,7.036961969867047
3001933,81.64802055621497
3001918,819.1064103431298
3001932,12.351844496132804
3001930,12.801856633951951
3001929,218.31687235472316
3001928,0.17776330068221716
3001927,34.49807334018148
3001926,27.754431645019665
3001925,1.068483846215179
3001924,21.74248790539793
3001923,3272.895378276919
3001922,94.32694301109127
3001921,105.35032381292018
3001920,172.14022416563895
3001931,23.5210915684851
3001780,0.18760117244592883
3002225,0.7089892184180984
3002227,23.844436769332123
3002529,60.8722316992219
3002528,0.9516202074508797
3002527,27.873561462676896
3002526,5.010910964443936
3002525,3.963116973400451
3002524,0.29515431108021495
3002523,168.69034408406173
3002522,0.12005678543115433
3002521,20.273212053276712
3002520,17.070804385945383
3002519,0.4007493846278855
3002518,4.75894971864181
3002517,2606.585594591456
3002516,29.741403611086916
3002515,56.40442746719126
3002514,159.36011998631156
3002513,261.2562628369973
3002512,854.636606574471
3002511,4.24804867140536
3002510,184.07203260988842
3002509,0.04841357074728697
3002508,1546.8131876454277
3002507,1.648632270287019
3002530,157.7481320367301
3002531,0.5379191211079224
3002532,2.781984606107571
3002533,55.74551747819939
3002557,18.48216804310144
3002556,246.45346004953723
3002555,0.27035290090777114
3002554,34.29720200735396
3002553,23.70787656191733
3002552,0.9429175211568173
3002551,26.929593175509602
3002550,4135.8428154087815
3002549,124.27630057311907
3002548,136.36454115108003
3002547,264.56189856200257
3002506,0.09860908446936671
3002546,1017.134675440355
3002544,12.575978560582413
3002543,507.46106183784946
3002542,0.09491527066061459
3002541,2865.681661532083
3002540,7.487065334437052
3002539,0.09185758613101944
3002538,4.273261536452995
3002537,1.1460693869217287
3002536,25.22887316788767
3002535,958.5409638746137
3002534,48.35052265123419
3002545,1014.7745583313152
3002505,4.02094785739504
3002504,3.6585645346723625
3002503,37.382658790874835
3002474,6.771363425716413
3002473,0.12589497006525877
3002472,5.069629959036168
3002471,4.320960440655413
3002470,78.82744471525997
3002469,5099.457730165264
3002468,55.62001933099637
3002467,98.64895639516659
3002466,12.315672916956864
3002465,8.328020567111391
3002464,409.99663434061176
3002475,1931.8400293409968
3002463,118.62928023897568
3002461,139.5789182103895
3002460,10.050100519599413
3002459,23.82228498865755
3002458,3.7514892833780102
3002457,284.7189354948183
3002456,0.6273799326696767
3002455,33.08884522552631
3002454,27.369160133536514
3002453,1.5601267284132145
3002452,13.857961575418441
3002451,4218.07210817607
3002462,5.746612342175997
3002558,28.008660814006692
3002476,0.19410964157685495
3002478,8.096858723604258
3002502,2627.926005799596
3002501,118.02363855813759
3002500,260.99809976684725
3002499,6.955107941843875
3002498,5.034654350862668
3002497,230.78917558343076
3002496,263.58124628372633
3002495,3.8276187174753744
3002494,86.13424081661682
3002493,11.226492820211645
3002492,17.033720078817222
3002477,463.75772465904464
3002491,3.5410950258465173
3002489,0.3410002546159302
3002488,36.43565875675048
3002487,24.05005830333883
3002486,1.0215384521275355
3002485,10.257933083597113
3002484,2835.57049306879
3002483,123.66466309433888
3002482,109.93874922833885
3002481,215.81915648590697
3002480,677.5463286243788
3002479,809.6140245366197
3002490,197.31722127814996
3002559,13.049725751497439
3002560,90.86578050712257
3002561,7.085018387497771
3002641,0.08138911153796272
3002640,3113.627254552646
3002639,7.102913175936299
3002638,0.1758192074731063
3002637,6.591034643144382
3002636,41.15696658898755
3002635,37.048078553368654
3002634,5169.884539877268
3002633,157.46539135318022
3002632,604.9450287507881
3002631,14.088336071804076
3002642,597.8602816587428
3002630,11.63801656817626
3002628,533.9470928977877
3002627,9.814913849750088
3002626,136.8390559219106
3002625,20.469090277672496
3002624,41.91057293822427
3002623,20.471985032950506
3002622,306.5704732161501
3002621,0.4764883728909022
3002620,44.617913191075395
3002619,33.60643733731095
3002618,1.7469521135010333
3002629,304.9551278324135
3002617,35.73367570973282
3002643,11.590603202341152
3002645,1106.1906376891952
3002669,13.50239762147117
3002668,49.31623226241293
3002667,2700.5611437312273
3002666,84.19340531465271
3002665,360.9710658423301
3002664,9.211461547478482
3002663,4.456618811036453
3002662,365.03211421331844
3002661,327.6901255476367
3002660,3.126752502803277
3002659,54.66237769526657
3002644,1389.8149379759634
3002658,12.388178328405933
3002656,9.7939416661916
3002655,328.7415134581983
3002654,0.3994115453322719
3002653,39.77010364648215
3002652,32.34873583902603
3002651,1.2080127795435538
3002650,12.042174639451291
3002649,5143.772272578961
3002648,79.47986291830173
3002647,173.7570806472918
3002646,390.0499359093458
3002657,19.060654529163696
3002450,180.08828545169374
3002616,4612.395803377651
3002614,214.1117271117025
3002585,1.668940729307887
3002584,37.49715007953475
3002583,4132.918537115177
3002582,173.80488659878154
3002581,209.9095044661922
3002580,224.74846840020936
3002579,1322.0310662718005
3002578,1085.6540417014178
3002577,15.933733822968119
3002576,670.2983069231093
3002575,0.19596722356430674
3002586,26.319137211391315
3002574,3751.418062885897
3002572,0.17420274132730199
3002571,4.26047046923339
3002570,25.94013529086444
3002569,30.94020697567341
3002568,3915.154019460637
3002567,95.77342419032153
3002566,477.15086512299257
3002565,10.521877253575012
3002564,9.382032733179027
3002563,263.89229303389783
3002562,445.10325388981084
3002573,7.160368195874167
3002615,163.6114580779075
3002587,40.563175945844485
3002589,269.2223654582374
3002613,281.22887292511433
3002612,1305.9487963630684
3002611,1187.4834382023355
3002610,16.62958442714467
3002609,705.5695302256299
3002608,0.1558981377334998
3002607,3800.868003205453
3002606,9.203222876688217
3002605,0.15680314874533036
3002604,5.316192393678142
3002603,42.41952327265615
3002588,0.48338280463376315
3002602,33.45142811692548
3002600,153.4269316203019
3002599,599.3775187087506
3002598,12.664615718063622
3002597,10.067719491867388
3002596,245.92212625096224
3002595,542.4349481073262
3002594,10.46984029797208
3002593,139.1051233965984
3002592,16.934689111379196
3002591,44.52430947499572
3002590,15.864393173079531
3002601,5629.083004339551
3002226,490.4557157905915
3002449,133.18307210627282
3002447,1054.285188603536
3002306,29.3959014069132
3002305,111.82212285310237
3002304,3178.167693649915
3002303,98.6135172515047
3002302,671.4988806128813
3002301,25.43086098880064
3002300,17.601085564080172
3002299,547.95329576934
3002298,774.21348906403
3002297,6.3513341848822655
3002296,103.7222959779205
3002295,7.299666484896827
3002294,28.113580617475407
3002293,25.440521349786135
3002292,467.8195703510024
3002291,0.5616720148999228
3002290,45.652444788382795
3002289,37.53783399984323
3002288,0.8125774933526819
3002287,42.856713502018614
3002286,6845.90750885193
3002285,138.5487364535363
3002284,101.19368609491833
3002307,9.02169906432491
3002308,0.12891483318509794
3002309,11.805629415822033
3002310,6335.294185857188
3002334,23.9952621800591
3002333,18.63898171902331
3002332,475.04119882917934
3002331,735.3160450395586
3002330,12.583772242539228
3002329,195.25615568806577
3002328,14.596272175523618
3002327,62.37802057906418
3002326,17.841860252085958
3002325,455.61621372926254
3002324,0.6358412313277007
3002283,529.491280808156
3002323,62.04815679867646
3002321,1.358789886074569
3002320,64.03115328062098
3002319,6877.964049644431
3002318,255.73873477830227
3002317,279.9401114291532
3002316,461.2614545986408
3002315,1883.5135265675221
3002314,1881.144042569632
3002313,22.58196432857976
3002312,1072.0298708162786
3002311,0.190191789590144
3002322,49.915090441645404
3002282,1290.0146101335827
3002281,1750.0423686706424
3002280,18.506141542654373
3002251,208.95653016625525
3002250,569.5556371271383
3002249,1879.3214200140874
3002248,1902.973880427066
3002247,21.19841696984035
3002246,1008.0879609760291
3002245,0.21025081521912967
3002244,5969.460414271507
3002243,14.706091391801552
3002242,0.11385646399926141
3002241,10.575858930088055
3002252,223.91509890357582
3002240,45.11527941766413
3002238,4430.181432483851
3002237,137.68334542061544
3002236,827.6645607712231
3002235,26.734613755575747
3002234,19.622230156362004
3002233,566.7194826645026
3002232,823.252857625763
3002231,8.717904693552986
3002230,130.27271168187173
3002229,10.633243686195799
3002228,41.21098925633727
3002239,114.10764098970455
3002335,788.6783572342339
3002253,7788.425437747328
3002255,1.427347006459021
3002279,674.952349437809
3002278,0.09822310034155424
3002277,3965.5046176196615
3002276,13.063853753798192
3002275,0.06177410774485185
3002274,9.146629501889317
3002273,52.99317935087654
3002272,123.77542061505692
3002271,6427.607477095372
3002270,177.97396618577798
3002269,834.7164321175035
3002254,58.72973408258692
3002268,22.804764718042126
3002266,603.9779616826471
3002265,807.2998692759389
3002264,10.446312423258288
3002263,163.37576650222715
3002262,11.033573276012055
3002261,52.69346746234925
3002260,32.77942330518226
3002259,523.3477071232732
3002258,0.8652138157038947
3002257,66.5965981910073
3002256,46.48902862271412
3002267,20.58623791791697
3002336,209.26502267686098
3002337,8750.556965597854
3002338,109.55939153334309
3002418,5174.8266563058705
3002417,202.07299057364733
3002416,266.88041766349676
3002415,314.497895853038
3002414,1493.327686511574
3002413,1405.314592037126
3002412,12.851121925291848
3002411,899.9364992458782
3002410,0.17842369549794695
3002409,4458.7497806242245
3002408,7.889226117217554
3002419,26.668668482557276
3002407,0.138019067158533
3002405,23.073206083048348
3002404,100.71793795682856
3002403,2909.6340051094085
3002402,87.6940490724294
3002401,364.85909313305586
3002400,15.258683196928008
3002399,9.208368806023644
3002398,381.5322998747062
3002397,583.9820082663853
3002396,5.965272488531371
3002395,95.15355460810807
3002406,5.991661740233363
3002394,9.754989249359085
3002420,1.123306751110717
3002422,35.54468705991596
3002446,1371.6907975357958
3002445,6.294149681060557
3002444,914.403456855337
3002443,0.3425468757592268
3002442,3402.6514119289163
3002441,7.621781514454071
3002440,0.2569410175407758
3002439,4.752877246234417
3002438,40.28227121057093
3002437,94.22005053027699
3002436,6228.570764887549
3002421,28.778614538151455
3002435,148.10177468912354
3002433,11.235971509935185
3002432,13.49490431103705
3002431,340.77137001313724
3002430,629.8194071347946
3002429,7.3334206086870175
3002428,146.19306226803795
3002427,11.676789779529846
3002426,48.80234021575854
3002425,3.4333017774805334
3002424,343.36504535128546
3002423,0.6874017412661464
3002434,602.329020406742
3002448,372.5670504478664
3002393,23.863646796852702
3002391,323.33626232419863
3002362,70.1167723176145
3002361,12.032586375523119
3002360,16.251122921130737
3002359,8.133049451161028
3002358,188.44985078796122
3002357,0.31598403785928425
3002356,34.04736278892544
3002355,24.059631556442216
3002354,0.9075768176026635
3002353,16.236449429691483
3002352,3138.339213143186
3002363,4.74665340574025
3002351,82.8359607914531
3002349,201.86474430999567
3002348,635.0454352629015
3002347,877.0599222592526
3002346,14.196340971085226
3002345,398.1280254404161
3002344,0.10723151707797365
3002343,1875.9380727383334
3002342,6.372172699955357
3002341,0.153627535231359
3002340,4.751085660443317
3002339,64.72161894416517
3002350,98.84016665287507
3002392,17.254536177614842
3002364,209.8147308093898
3002366,4.2935659156802695
3002390,0.4568870804449587
3002389,52.963100193062104
3002388,40.254213339566945
3002387,1.0486245329285597
3002386,40.14034392481152
3002385,5187.821925965184
3002384,128.55542273539254
3002383,102.97442620900587
3002382,363.822039401419
3002381,1092.595352175898
3002380,1401.8836734628017
3002365,212.55725368185725
3002379,21.51272415330431
3002377,0.1392924998657766
3002376,3595.5407218376213
3002375,9.727393238083483
3002374,0.08361486309738678
3002373,8.447196048690353
3002372,11.870867015317756
3002371,28.731996407660947
3002370,2067.7512869016014
3002369,70.64403158456187
3002368,193.24679926001173
3002367,7.58393785402942
3002378,546.3740790336955
3001779,4.245041602952646
3002223,37.63737198913014
3001777,29.789213434579864
3001190,164.6049398103537
3001189,0.0
3001188,1165.78694458385
3001187,3.546288229104726
3001186,0.060611010030703974
3001185,1.8363218445001999
3001184,6.238802627088912
3001183,31.962631278847276
3001182,2152.731906772319
3001181,52.05596249147761
3001180,226.16903716109073
3001179,4.134064989524586
3001178,1.1210499173072574
3001177,259.83350228462865
3001176,205.8478998306875
3001175,1.394297730373689
3001174,46.61132275470323
3001173,8.003126468217603
3001172,4.40781114569799
3001171,1.6386576069872367
3001170,269.843124857987
3001169,0.16049622514971004
3001168,28.260670475664437
3001191,2.062381318845237
3001192,387.6201176231919
3001193,354.78331098183
3001194,81.69677460444416
3001218,4.0555869190139395
3001217,2.07097347833485
3001216,38.02477691262953
3001215,750.3519375273788
3001214,18.583236354343377
3001213,14.502875727802476
3001212,3.0954235850567757
3001211,2.320405383312578
3001210,77.99215043478523
3001209,1.4537214963272467
3001208,1.1103892181206652
3001167,18.93727059724424
3001207,21.641552904374944
3001205,12.0651626489862
3001204,2.4577008466921413
3001203,57.4623107148691
3001202,0.12012149411878854
3001201,12.769071901011433
3001200,9.56964833660315
3001199,0.4980776084545847
3001198,4.186873425845414
3001197,2106.4943124961023
3001196,17.50589082440287
3001195,29.10604299305691
3001206,4.664965096587166
3001166,0.5599555156349405
3001165,6.421788050066771
3001164,3901.748423503709
3001135,19.079421801468097
3001134,16.72492114221585
3001133,0.33842405332143616
3001132,3.011188610146627
3001131,2257.6104082021375
3001130,33.447822018753044
3001129,86.18214967458468
3001128,153.6085163208738
3001127,281.3867470322343
3001126,729.0044114324184
3001125,4.133355040347919
3001136,0.1019668930937886
3001124,155.97796070035315
3001122,1396.8655731759484
3001121,1.7747665543530986
3001120,0.08276026357970274
3001119,3.316027952371841
3001118,3.6434321682676787
3001117,27.864199377636588
3001116,968.9874392147468
3001115,39.9359632856862
3001114,131.9502508089383
3001113,3.887527292004034
3001112,0.9183591911127551
3001123,0.0
3001219,0.16928514094632566
3001137,167.63324450026118
3001139,3.860928505482919
3001163,64.20777386291805
3001162,122.11933665170251
3001161,334.5214914688905
3001160,666.6534563914356
3001159,1059.3217502791288
3001158,5.618704312427865
3001157,308.27193298243833
3001156,0.07681012993377485
3001155,2711.3490088132376
3001154,2.392307315062229
3001153,0.12984202421028815
3001138,0.3516915391826178
3001152,4.0597212041362845
3001150,27.584004966282876
3001149,915.6750778340595
3001148,32.94436039162653
3001147,87.36927674427476
3001146,2.8452150674419876
3001145,0.6906055163871898
3001144,153.10781791740297
3001143,95.57912387143331
3001142,0.8170111402331888
3001141,31.14956466785133
3001140,5.952900667070882
3001151,1.4810149135205175
3001220,2.334484624737622
3001221,1813.4849357804383
3001222,0.06104841539836974
3001302,275.51212389551284
3001301,0.14978509558395758
3001300,26.05290920158497
3001299,22.89027061973588
3001298,0.5297430307419946
3001297,8.938337578180466
3001296,4262.487556762421
3001295,55.22192183982187
3001294,102.67535600957669
3001293,328.69712985342375
3001292,896.9757969756304
3001303,5.160964653869369
3001291,1157.0503529836271
3001289,476.86384660931697
3001288,0.0
3001287,2855.565541954266
3001286,5.409148053579369
3001285,0.2607348201582463
3001284,4.976133110513986
3001283,24.073186011119198
3001282,31.123204563924425
3001281,3775.2893900640793
3001280,89.6819288453362
3001279,431.0546225690587
3001290,6.87663637447591
3001278,10.18037056255015
3001304,15.289772994557161
3001306,46.58193247458562
3001330,6.391062591394628
3001329,3343.9279003592264
3001328,62.12257376236658
3001327,143.5295233741198
3001326,240.77417343321747
3001325,696.7681229687703
3001324,971.3411246564365
3001323,7.0092725817196015
3001322,393.1395750922568
3001321,0.09555550153914716
3001320,2096.5735285521823
3001305,7.66352829551901
3001319,4.651445676009723
3001317,5.471901361564969
3001316,8.171151096188302
3001315,46.98962964038679
3001314,2180.5523037611406
3001313,60.038620531112414
3001312,198.5883468500153
3001311,5.816534140252372
3001310,3.1550559457959064
3001309,294.3989785842643
3001308,198.72778243712094
3001307,1.957017361716923
3001318,0.23968421069215295
3001111,178.63295627078148
3001277,9.403082379973531
3001275,357.86334990809377
3001246,115.10997254515917
3001245,3.780389764555818
3001244,0.9168973414953723
3001243,169.04582191879197
3001242,125.5533580904085
3001241,1.1729996144738326
3001240,33.353558180798565
3001239,5.678252979261581
3001238,3.33041078518864
3001237,2.842090372191419
3001236,187.18995280816148
3001247,37.95858835685351
3001235,0.15005104025498797
3001233,16.57361671958988
3001232,0.5792332129204696
3001231,5.838282916500362
3001230,3032.3734371100645
3001229,41.21370911807952
3001228,57.464075142415865
3001227,233.55189630011856
3001226,370.2305263727749
3001225,795.5831740131239
3001224,5.286454265884293
3001223,169.41278792654074
3001234,23.22759361140985
3001276,232.96358721038166
3001248,843.1317946610232
3001250,2.793418357326508
3001274,6.854172466052909
3001273,89.394917462517
3001272,13.867008258552037
3001271,31.017460968344174
3001270,16.601276789297067
3001269,240.5190747723325
3001268,0.29966231393180515
3001267,32.470751945365876
3001266,23.209978714398986
3001265,1.0798734131975896
3001264,23.583858637605807
3001249,25.05514533812735
3001263,3773.1561033249773
3001261,136.8729332903837
3001260,224.2927676969918
3001259,976.9619920168033
3001258,924.0342409869426
3001257,11.394663477069656
3001256,497.3412778876589
3001255,0.10987804251261551
3001254,2728.125523397966
3001253,6.508049042744584
3001252,0.10036201094597769
3001251,3.905365741943199
3001262,105.91573471981525
3001331,0.6663794900106423
3001110,144.09885896817275
3001108,31.721694053173103
3000967,14.470779751865729
3000966,5404.89496804108
3000965,75.6791874532107
3000964,145.25529654893674
3000963,384.17755391756367
3000962,849.8023790647813
3000961,1559.5886704169968
3000960,10.226656890947934
3000959,588.8171914427173
3000958,0.12055538180793915
3000957,3232.0704068882314
3000956,6.066158876763896
3000955,0.24758399393243777
3000954,5.896978323231313
3000953,2.1348817023825557
3000952,24.480070602626697
3000951,575.2963539582049
3000950,18.59296406019699
3000949,128.87860853115515
3000948,3.051725581635367
3000947,0.636687999372763
3000946,148.44003886167044
3000945,128.09789736854069
3000968,0.8204010942781144
3000969,31.131808636257112
3000970,34.75483104567771
3000971,0.3048172967236119
3000995,368.7154457123042
3000994,726.2582232893163
3000993,5.148431014656341
3000992,165.82403054070963
3000991,0.04899190702179402
3000990,1589.4306744197502
3000989,1.959906447451722
3000988,0.12307551641583131
3000987,3.572238548486653
3000986,7.678957655914759
3000985,44.933050197861036
3000944,0.5974234947248835
3000984,2376.732531209883
3000982,349.5351179666948
3000981,9.770724741492655
3000980,2.6354306142994344
3000979,374.4721142208564
3000978,461.4660579347007
3000977,2.270927983053837
3000976,47.57658094365147
3000975,8.449688097001033
3000974,12.154280576437259
3000973,7.349626103965594
3000972,346.92235844990216
3000983,70.1826742337623
3000943,16.501893771371922
3000942,3.7756021281046515
3000941,2.5391447651022085
3000912,332.2396819405589
3000911,6.729129591613801
3000910,89.97216920834579
3000909,12.117235960738933
3000908,32.642239405703656
3000907,15.501998165527606
3000906,206.30633319614242
3000905,0.2793757396310423
3000904,31.526365202284225
3000903,22.644067546386992
3000902,1.1685569206140456
3000913,174.49050745322666
3000901,21.71546713551585
3000899,96.08010447443898
3000898,113.98099254139804
3000897,164.00825274547043
3000896,901.1990456725089
3000895,730.0339107846552
3000894,12.395752552678118
3000893,428.2684466485757
3000892,0.09936004237427191
3000891,2291.1541170372752
3000890,5.496574305031702
3001778,1.2679627989989286
3000900,3047.303261086316
3000996,181.66173276095444
3000914,8.913241832941027
3000916,341.04364607289375
3000940,1.822565043877253
3000939,156.88169688208538
3000938,0.09736112234075571
3000937,14.129945365612329
3000936,10.07618431841676
3000935,0.3650432487695541
3000934,2.742243837046471
3000933,2673.225683774048
3000932,26.06337107608398
3000931,29.897624647245408
3000930,179.49307508984228
3000915,9.983336742070861
3000929,281.5341210821029
3000927,2.954449440537682
3000926,108.94945566407095
3000925,0.0
3000924,1179.3123964546003
3000923,1.7611992636436344
3000922,0.08763020691578433
3000921,2.2836451057211016
3000920,22.40709848520332
3000919,30.483877793862113
3000918,3549.795063348482
3000917,72.81326702341745
3000928,697.4460697173558
3000997,48.13132111247862
3000998,33.930715570268376
3000999,2575.6158140549246
3001079,0.650643459410092
3001078,192.3649802662053
3001077,150.85724126306602
3001076,1.0320302791377012
3001075,31.557450976770824
3001074,5.73402623423684
3001073,3.204699510959763
3001072,0.6512125495326075
3001071,206.93515459479002
3001070,0.11201518573771131
3001069,25.442539079086842
3001080,3.1870056636559454
3001068,16.696105194096884
3001066,4.262344121506395
3001065,2740.8636512281696
3001064,37.788531407255164
3001063,44.96977767340251
3001062,199.36462678768797
3001061,395.4904465879113
3001060,878.4805284724234
3001059,5.037139896559477
3001058,181.3071001338939
3001057,0.0259921136862469
3001056,1567.9364589350228
3001067,0.4536496618130306
3001055,2.198284105975972
3001081,100.78704758115704
3001083,831.310319494848
3001107,6.927987235503199
3001106,3.6610121286255675
3001105,3.1041900037574246
3001104,209.18780681726588
3001103,0.15886947944014124
3001102,25.654661210542532
3001101,17.45411355690247
3001100,0.6133758750792062
3001099,6.503032302287677
3001098,2984.701849187489
3001097,43.60521359197979
3001082,43.29657830956508
3001096,65.29791068138111
3001094,380.673051145429
3001093,813.4934175986793
3001092,5.076005586960208
3001091,172.8180624635427
3001090,0.06860724686854641
3001089,1658.071962671669
3001088,2.5880453191321475
3001087,0.2882267659107968
3001086,3.607342493757887
3001085,2.379506218818354
3001084,24.480956925974265
3001095,251.33468029019545
3001109,1.1748870625776902
3001054,0.09991383734076979
3001052,1.617461094783442
3001023,1565.752401921943
3001022,1.9385604853155853
3001021,0.1032965803357307
3001020,3.471899286603116
3001019,1.7433878020343134
3001018,24.03771140568605
3001017,715.5389890886347
3001016,33.07121432846363
3001015,109.54313462197918
3001014,3.3739367629027726
3001013,0.7642670716789304
3001024,0.039496280272073636
3001012,158.0067150111629
3001010,0.877148784139067
3001009,34.02823736896183
3001008,6.392342215015746
3001007,3.031900682239213
3001006,1.276586253882769
3001005,166.29651475244916
3001004,0.12361779957557982
3001003,21.221794215913835
3001002,14.748560371535893
3001001,0.5106593994979225
3001000,3.9972021181401063
3001011,123.5338272668564
3001053,3.2734989792987
3001025,162.79683672392997
3001027,710.2983050676969
3001051,23.405304221976806
3001050,696.1457359796141
3001049,31.120932829594437
3001048,102.93817021585777
3001047,3.2409987421208104
3001046,0.7287544435017208
3001045,162.18276307169887
3001044,118.8492854326592
3001043,0.8200961888219138
3001042,33.06602222182468
3001041,4.227928742985936
3001026,4.815537320248069
3001040,3.0238041631104924
3001038,161.92374230789378
3001037,0.12523374901425682
3001036,20.359394465949507
3001035,14.45294589511368
3001034,0.4997649746521495
3001033,3.9448045829269205
3001032,2515.331211318057
3001031,33.37781761230828
3001030,46.496208498533974
3001029,172.31840362890756
3001028,347.34836638650614
3001039,1.3502693774197576
3001332,23.604769207428767
3000889,0.08993419154596796
3001334,0.25939426247117764
3001636,206.9785204685709
3001635,38.189894861501
3001634,68.56118015372088
3001633,30.313190322452726
3001632,423.4539004803968
3001631,1.2486829589682316
3001630,65.60670424341009
3001629,50.02506234188015
3001628,2.7282892893607897
3001627,70.98094309768406
3001626,6360.899804797295
3001625,275.6116588984723
3001624,372.51240034207206
3001623,373.5457466202895
3001622,2018.388871781235
3001621,1749.962386928597
3001620,27.25504928549947
3001619,1120.0947443298323
3001618,0.40826926353052284
3001617,6362.7452850870195
3001616,12.115688072389135
3001615,0.4161659406489116
3001614,7.309047548304491
3001637,16.203667704477205
3001638,830.9515697998493
3001639,439.4910889212986
3001640,17.092113076791957
3001664,0.11369753892020705
3001663,14.29051447095602
3001662,13.30706225611938
3001661,0.3320492890562098
3001660,2.1493552883968485
3001659,1718.1168998732385
3001658,29.313333234032346
3001657,83.4252710469154
3001656,110.5339699203891
3001655,254.07237581114194
3001654,520.7066556963123
3001613,2.5118033254861967
3001653,3.4648307776252416
3001651,0.0
3001650,1184.7648274789544
3001649,1.4004605100203977
3001648,0.03570603615529637
3001647,2.347590131085746
3001646,82.96717116442429
3001645,45.29456836651633
3001644,8462.863848186178
3001643,298.7261723315746
3001642,1054.169184440996
3001641,20.30921559243255
3001652,129.99098892585968
3001612,60.50806545182562
3001611,2080.2130506813755
3001610,55.2967141268037
3001581,4.2243968877033335
3001580,2.9491343406650636
3001579,63.05021629480248
3001578,2323.074353857828
3001577,60.620681965049364
3001576,147.1092261008759
3001575,4.838235723085091
3001574,3.077791686866645
3001573,250.38994427757044
3001572,158.47807866523507
3001571,1.272370190911813
3001582,0.21165251768540644
3001570,69.57627496721034
3001568,11.900628665382596
3001567,0.3217719420505678
3001566,238.99054595274123
3001565,0.31630886623417326
3001564,26.843119429371633
3001563,24.552214703781868
3001562,0.8277682055482625
3001561,5.707122471717136
3001560,4080.424322000973
3001559,58.37001132580834
3001558,163.9418212381627
3001569,6.055061476075021
3001665,117.36834561056031
3001583,2.982223088262639
3001585,0.1389812322753297
3001609,140.74048809024313
3001608,4.693655474189752
3001607,3.0489469310140542
3001606,220.99089707733745
3001605,152.91628135597753
3001604,1.450230566986201
3001603,61.85542868033433
3001602,6.12742235872952
3001601,10.906049192777232
3001600,0.31686903827627355
3001599,223.46582069766237
3001584,2435.7231045765757
3001598,0.32023505015141507
3001596,22.504362139225424
3001595,0.7520230653209736
3001594,5.044677120440388
3001593,3228.872405614557
3001592,55.97412549048031
3001591,138.52002005135083
3001590,224.54349568496892
3001589,763.4253950489517
3001588,875.2015208225041
3001587,7.242302970780246
3001586,483.4236440236014
3001597,26.548305247381183
3001666,0.3733214514671819
3001667,3.7687246002732415
3001668,4.358995712085904
3001748,2.1174782568200055
3001747,0.18168255487353693
3001746,5.284035544922159
3001745,0.8726121578513693
3001744,27.084106297871642
3001743,581.4507782546606
3001742,15.90038576109069
3001741,61.13672043736131
3001740,1.7966710334920486
3001739,0.6038961118889725
3001738,102.3274173926304
3001749,1782.1820384994278
3001737,57.609563301469265
3001735,30.10757948700474
3001734,4.486769116187391
3001733,3.3866275148514227
3001732,0.2137979537760987
3001731,107.58173101547722
3001730,0.07300702735920961
3001729,11.181773952720025
3001728,11.742072334538369
3001727,0.28733889085790193
3001726,1.439137159042747
3001725,1623.6183377751975
3001736,0.39762357092330763
3001724,22.321823708131596
3001750,0.059855389125461046
3001752,5.039152209526394
3001333,28.857403538328306
3001775,38.71880127318607
3001774,176.24527574796792
3001773,3.5576634620102903
3001772,0.9193496782894328
3001771,208.8972606640252
3001770,202.54870174392036
3001769,0.9343374017878459
3001768,50.23021189241879
3001767,7.30374918198919
3001766,4.334115709239471
3001751,258.657306299896
3001765,0.37665652638789193
3001763,0.1703099785189624
3001762,24.627528622798874
3001761,24.704384424792025
3001760,0.623601072763661
3001759,3.339059212915216
3001758,3024.5390856448535
3001757,54.56784610684662
3001756,133.11374574662423
3001755,198.73857212135468
3001754,459.55318318682134
3001753,870.8376225921712
3001764,199.99794204808475
3001557,265.14008956240065
3001723,87.61842991395372
3001721,207.58705362532754
3001692,3786.370922985837
3001691,55.27886805233811
3001690,190.31569569533326
3001689,242.03590572520403
3001688,727.0862911574819
3001687,1117.1341428434916
3001686,6.87463718876114
3001685,468.15255013749737
3001684,0.07602929562670241
3001683,2465.199971854983
3001682,3.9995534121704086
3001693,6.623663454962133
3001681,0.2204107611361191
3001679,1.3842918762613894
3001678,27.931156307966553
3001677,775.6278618298396
3001676,23.680460973714137
3001675,75.92571188368073
3001674,2.4028961936779107
3001673,0.8606388749940115
3001672,104.83155806521755
3001671,67.7352350670931
3001670,0.6054775614178158
3001669,34.07525269143053
3001680,5.510041910723856
3001722,98.89297571454026
3001694,0.5473442971211764
3001696,23.521029756977303
3001720,487.94125026375195
3001719,3.037560969178765
3001718,103.83343275949842
3001717,0.0
3001716,893.0398126741018
3001715,1.039413244992427
3001714,0.004281326850151802
3001713,1.7368074351613316
3001712,4.080012543307007
3001711,43.52023744557476
3001710,2203.219190768451
3001695,20.015971599357893
3001709,50.47781659881066
3001707,5.6085681556674105
3001706,2.347039077525502
3001705,254.66959808112455
3001704,249.4895177390185
3001703,1.4878902898073387
3001702,37.51121611414436
3001701,7.554688333856042
3001700,11.396280828916796
3001699,1.9080571847345098
3001698,221.57466773516967
3001697,0.2604541649694484
3001708,167.54464766147626
3001556,943.2171473131513
3001776,1649.9969439591523
3001554,7.948246525047827
3001413,1721.8680955421005
3001412,36.77956536599299
3001411,245.32824429461004
3001410,4.959668663083404
3001409,3.5505908150189587
3001408,149.9856890846546
3001407,326.04867430263414
3001406,3.0950308604871193
3001405,52.35211677306802
3001404,7.303362555426487
3001403,9.263722147006565
3001402,6.789914057553846
3001401,131.7814410127837
3001400,0.12095129406619798
3001399,22.217906691986325
3001398,14.249819717844943
3001397,0.49088764420175324
3001396,15.243390014263678
3001395,2188.8115687474487
3001394,61.412826921614794
3001393,53.00460384030951
3001392,145.18997021411943
3001391,483.8983378732554
3001414,28.684713935395422
3001415,9.69053579842765
3001416,3.3003214864214225
3001417,0.09394926817567466
3001441,302.7651982451752
3001440,316.5802842272229
3001439,9.012949736198816
3001438,122.41376503265015
3001437,16.883407089288017
3001436,47.865245124352136
3001435,8.494124863835568
3001434,271.9764834608905
3001433,0.25209794942684466
3001432,53.130219805306474
3001431,27.92655714735963
3001389,9.13321739022407
3001430,1.221678621279862
3001428,3726.7902510966996
3001427,145.80170627779842
3001426,222.38601761554648
3001425,280.610415663264
3001424,1268.3798762695444
3001423,1015.8749258146246
3001422,13.89354755844369
3001421,803.1836217028125
3001420,0.18363749988723121
3001419,3311.500293651141
3001418,7.166849606925192
3001429,20.145321785950276
3001388,254.5349419617233
3001387,0.03617258688681117
3001386,1422.6320743677456
3001357,701.9321905118265
3001356,4.806328200763594
3001355,170.1176539298773
3001354,0.10721080333723736
3001353,1394.715323571558
3001352,2.4350847862172755
3001351,0.2213254031916673
3001350,3.2671637353862595
3001349,3.5590758471604484
3001348,40.84941042408802
3001347,1813.5359073662833
3001358,311.72179753253147
3001346,87.95776785914592
3001344,7.291816378704819
3001343,2.117393544028808
3001342,233.5551935571317
3001341,173.44631455108694
3001340,1.7142355070142532
3001339,47.40899871374867
3001338,9.6580532393688
3001337,11.789294927115623
3001336,2.360694327642425
3001335,221.88833722655247
3001555,1075.7943380349654
3001345,184.85401703663334
3001442,13.587168875856284
3001359,147.55982289253575
3001361,49.78242023137433
3001385,3.5995504527425384
3001384,0.04433416149995006
3001383,3.0535855588002434
3001382,1.1937176660580189
3001381,27.61533834615193
3001380,971.4004506226423
3001379,39.57046517135492
3001378,56.908620699477474
3001377,3.6797599281956357
3001376,0.9971803093791636
3001375,135.4378001887197
3001360,73.24644665336126
3001374,54.27743949619584
3001372,39.92153588590608
3001371,5.200962988753572
3001370,5.004658527544814
3001369,0.8698520796592659
3001368,157.62025436903883
3001367,0.18461428854613196
3001366,27.183754805314134
3001365,21.26288645029715
3001364,0.5423000500868382
3001363,3.603990451796389
3001362,1935.8994279071062
3001373,1.6396020803748614
3001443,9.474570836769146
3001390,498.51959220035815
3001445,114.79307627541006
3001524,226.88350384056548
3001523,909.5820237958251
3001522,773.9383293248504
3001521,10.782403425914701
3001520,541.1897467556929
3001519,0.11148363270511939
3001518,2663.036612792946
3001517,5.934859601700425
3001516,0.11503853630613632
3001515,4.0066462409507935
3001514,2.466319341342718
3001526,108.45566952806489
3001513,25.647292174197162
3001511,17.64920827587386
3001510,118.79290127895587
3001509,3.0147156381064777
3001508,2.7923315733663383
3001507,118.14933993704258
3001506,143.42357126664598
3001505,1.478062155445269
3001504,33.28375237321654
3001503,5.282002015689647
3001502,7.856147900891591
3001501,1.697617701426661
3001512,1043.9013563638528
3001500,87.50688266748443
3001527,3179.3206742744537
3001529,1.2362836801169257
3001444,436.21256240054805
3001552,0.13988133684697737
3001551,2973.2835790270533
3001550,3.1758932045895554
3001549,0.2064946596917133
3001548,5.170904239723396
3001547,15.226540351850414
3001546,28.434137286650063
3001545,4112.70973760032
3001544,70.0692816186336
3001543,356.8928539637059
3001528,20.043124788341082
3001542,8.256154517618711
3001540,219.17158747379005
3001539,292.55429170648995
3001538,4.9148414981637565
3001537,116.62696289963101
3001536,11.67361099562199
3001535,35.839528257450816
3001534,6.59194438323746
3001533,195.55809923309877
3001532,0.2526715009149813
3001531,33.16488956591863
3001530,21.049325582294767
3001541,8.593156953384948
3001499,0.15295460127055072
3001525,164.90698234695668
3001553,588.9486534150678
3001469,31.471442502066452
3001468,0.5580508162247446
3001467,102.18481824834923
3001466,0.1414971612563995
3001465,21.06373764132499
3001464,13.339542483626806
3001463,0.7200787991507198
3001462,8.837097566968096
3001461,1972.3938454697254
3001460,73.41394272946908
3001459,81.76628301461999
3001470,8.977747300249602
3001458,118.84785617954007
3001456,434.08710495531284
3001455,5.301942902123589
3001454,309.7702727991938
3001453,0.0406097652612337
3001452,1819.8421635408497
3001451,3.584398295629529
3001450,0.04961168800369337
3001449,1.8559657224611574
3001448,25.466646306517713
3001447,38.38611058151104
3001498,13.20367336324083
3001457,555.7739329247137
3001471,91.38001436818557
3001446,4511.1389512098995
3001473,127.8000000364523
3001472,3.8081834780801476
3001496,0.45110457432542056
3001495,3.887250153393449
3001494,1467.7010059181673
3001493,34.65098007192186
3001492,39.05392118925395
3001491,85.91752711764352
3001490,303.1727022022149
3001489,374.08149809164286
3001488,6.126497067955368
3001487,205.6681785894658
3001486,0.01994044059688534
3001497,10.182134158570435
3001484,1.9010747196395488
3001483,0.008893187637976892
3001482,2.465118166053824
3001481,3.0698468407615334
3001480,28.397900088620272
3001479,2165.3674775186555
3001478,34.86061138827681
3001477,111.06593114802192
3001476,3.9548553012734073
3001475,4.59957346330875
3001474,105.22432674529989
3001485,963.984470890647
3003856,0.5069833023829005
3003857,7.3131632104094955
3003858,3.615786258363684
3003859,0.10665175067542658
3003864,9.738196642591141
3003861,584.9971165996255
3003862,0.14919723564382215
3003863,74.75294224975939
3003842,0.2685565922233157
3003860,3.444458973777775
3003855,1766.008645339605
3003849,188.84781110715295
3003853,200.11227941506831
3003852,9.846918849077555
3003851,9.724285270333176
3003850,240.9860423461682
3003848,7.00805841440908
3003847,54.88975969170456
3003846,5.017347129393357
3003845,12.395341793167539
3003844,8.559017045242253
3003843,195.91672860700132
3003865,33.0251641602664
3003854,56.61332103885897
3003866,68.54171941904634
3003879,3.217338346264814
3003868,84.03588267255373
3003841,17.617118319499166
3003892,0.09424030538866227
3003891,4.131145461486423
3003890,10.017187692098577
3003889,0.5408316937769995
3003888,1284.9924695614682
3003887,78.68240713167349
3003886,114.70595185562699
3003885,8.80196864257336
3003884,9.436734331746635
3003883,96.17033107665753
3003867,92.10601668711267
3003882,117.10498735057293
3003880,43.168092524896515
3003878,19.363350844018264
3003877,12.174391416035704
3003876,83.84091473035963
3003875,0.2560359734607126
3003874,13.314235220637546
3003873,16.06608903635612
3003872,0.9512548909614487
3003871,21.061487317152736
3003870,99.09109335192501
3003869,94.50113734287541
3003881,7.74569274939247
3003840,22.569213835106137
3003786,9.018228740193182
3003838,20.4684895518619
3003809,0.19785552179407753
3003808,13.937552461056084
3003807,18.69470511750307
3003806,0.7643553765860673
3003805,7.596743940292374
3003804,3623.7851198753033
3003803,63.76930027557387
3003802,133.06032824589022
3003801,215.06697074224624
3003800,447.9839395499475
3003799,1055.2584982892697
3003810,238.0166621962956
3003798,6.437414611064944
3003796,0.09796873292321592
3003795,2186.3060979281327
3003794,2.047287207611463
3003793,0.17450477660066058
3003792,4.576166171704986
3003791,20.482623786515816
3003790,0.24020908478172015
3003789,1960.6075466639327
3003788,73.25599918215427
3003787,397.71606831402926
3003893,1.8174831258549546
3003797,335.85595492298825
3003839,0.8799806121939888
3003811,0.8030924923873433
3003813,5.143361354624801
3003837,3119.96886409151
3003836,71.9922959090563
3003835,105.53816000870128
3003834,197.2461316756056
3003833,568.3120827863028
3003832,831.7523415654099
3003831,11.989618043543922
3003830,414.01800475933356
3003829,0.13113043248661602
3003828,1876.532997224156
3003827,5.379811516429497
3003812,0.7648729829553453
3003826,0.15114885016434862
3003824,2.562476333998579
3003823,0.2898701734971806
3003822,762.9183238803936
3003821,51.54189889991876
3003820,147.02471501743625
3003819,4.595325314620628
3003818,1.250710077662375
3003817,255.06454301832065
3003816,167.05987847471604
3003815,1.4324247917931063
3003814,38.81094186761203
3003825,4.4232041069508075
3003894,3078.7215484322332
3004004,1.2003951095761067
3003896,408.7372272920477
3003976,26.956998757972737
3003975,469.94570711676334
3003974,0.7655356143935172
3003973,59.43856669305329
3003972,50.30883535634179
3003971,1.3170538990413037
3003970,75.58617435637133
3003969,7359.685891461505
3003968,249.02643641421022
3003967,337.034507566615
3003966,536.502638083284
3003977,21.58596672428073
3003965,1745.0829537839559
3003963,24.05686054908928
3003962,1040.9279811157219
3003961,0.1585487260267436
3003960,6379.802825221069
3003959,11.017522574126556
3003958,0.14197699065703587
3003957,10.917995110557086
3003956,90.6864872268164
3003955,149.06369507940306
3003954,6917.809365011988
3003953,314.5167849883114
3003964,1931.4847115642729
3003952,1018.8648796692054
3003978,10.32211105667434
3003980,12.072799524634886
3003563,3.4395187291886575
3004003,50.37164312262064
3004002,6610.76111363465
3004001,173.09368089582264
3004000,178.27820334420989
3003999,534.09222994084
3003998,1293.9178266087013
3003997,1682.6169832241756
3003996,20.388268309609803
3003995,733.8108656169655
3003994,0.09719480453334364
3003979,201.19151328782866
3003993,4447.465314831092
3003991,0.06690020207242721
3003990,9.239671359889519
3003989,66.20291670833218
3003988,124.48813739842593
3003987,4662.2508948932345
3003986,234.253948099906
3003985,935.6569560327099
3003984,24.16001460832709
3003983,21.05223311261865
3003982,524.5703069950929
3003981,828.6224626349123
3003992,12.805215836954398
3003895,0.05159237018139149
3003951,28.197841451945568
3003949,522.0671687370832
3003920,59.8751214426465
3003919,152.73915228066977
3003918,4.164399013055363
3003917,1.8456035682951053
3003916,213.10440379428059
3003915,217.53757708547428
3003914,1.6394562008199185
3003913,52.46946144749862
3003912,2.1500152775478463
3003911,1.8026535274239928
3003910,0.27807324488433544
3003921,594.896408641614
3003909,201.4367692169508
3003907,10.728994916045503
3003906,13.24742345417126
3003905,0.5693601663217076
3003904,4.550972399917057
3003903,3981.4676554046996
3003902,49.97525161425524
3003901,126.90113210304455
3003900,214.01627296778526
3003899,473.6056106586237
3003898,938.6622859767998
3003897,6.5057021772387476
3003908,0.13532743703559277
3003950,24.64215585038641
3003922,0.7198613626138166
3003924,13.105649731946734
3003948,886.390140638886
3003947,15.568837385150879
3003946,279.707418335704
3003945,25.046292417548926
3003944,22.439491129819036
3003943,29.21340263001267
3003942,471.4185576211162
3003941,1.0525157149200193
3003940,71.07350403552283
3003939,73.67968889478949
3003938,2.3741962787672852
3003923,0.8557466351368161
3003937,82.01878772175849
3003935,319.8496177114909
3003934,450.26334764572096
3003933,505.40861744757973
3003932,2213.828362396737
3003931,2109.421436097396
3003930,26.467435231218182
3003929,1224.0073854454477
3003928,0.20851499362125045
3003927,7895.924031491949
3003926,11.965535787733824
3003925,0.19631184077966796
3003936,8488.450898036925
3003785,8.427598210541504
3003675,23.17363016489183
3003783,365.44298686805905
3003641,0.5364160835933622
3003640,7.397499114328202
3003639,3249.314340065054
3003638,76.22055395668785
3003637,135.56005854461787
3003636,196.69061991636684
3003635,569.0462962554624
3003634,841.8035727661785
3003633,6.869043465649587
3003632,453.7906327740719
3003631,0.05768251842654165
3003630,2528.01200887138
3003629,1.995054395176417
3003628,0.10295782157744364
3003627,4.185340039788028
3003626,0.4190113092843322
3003625,0.19523570636395846
3003624,189.75650360022934
3003623,26.732699245880948
3003622,53.065925293889855
3003621,1.669290551003113
3003620,0.554041515936277
3003619,80.83321682544458
3003642,16.318787846748698
3003643,16.51608737350531
3003644,0.20648771003322333
3003645,199.61253537941738
3003669,167.718415160141
3003668,755.3915062853416
3003667,883.2177785375519
3003666,10.83877681104912
3003665,529.3724022143637
3003664,0.1412330998349159
3003663,2579.131513545257
3003662,6.522277832952232
3003661,0.11261741272532869
3003660,3.926071265070833
3003659,1.2673361447399811
3003618,130.21304379741116
3003658,0.870798854109196
3003656,65.98746368474643
3003655,128.03507724950762
3003654,4.52343752134112
3003653,2.87658998812154
3003652,231.52663120549877
3003651,275.58420785562146
3003650,1.5413296173245876
3003649,52.416160459637766
3003648,2.898075041908505
3003647,4.931753499383312
3003646,0.30171523979612547
3003657,1195.8088004043407
3003617,0.5247521722230692
3003616,24.236712760176584
3003615,1.2700540429412768
3003586,220.04135590028062
3003585,228.73889786493098
3003584,1.8582407538584782
3003583,40.318678062034614
3003582,4.835393694832042
3003581,3.6029622814979474
3003580,2.6821892355486177
3003579,195.80245954156513
3003578,0.30936128798389456
3003577,22.38347808092737
3003576,22.53815794356732
3003587,3.093674219268741
3003575,0.9628085533926074
3003573,3352.6029827581715
3003572,77.9105748989421
3003571,126.03455822663555
3003570,185.41882941563537
3003569,520.3477937250004
3003568,874.0143370633822
3003567,7.762009187578844
3003566,457.59051193297586
3003565,0.09944218702225863
3003564,2206.2966963943104
3004006,40.71000035120075
3003574,6.236569862355918
3003670,131.89511598429448
3003588,5.2896362948130875
3003590,47.55564221620142
3003614,0.20440696925886107
3003613,0.09165170053974082
3003612,95.53229995683606
3003611,0.07115436834515931
3003610,5.016405462975189
3003609,10.595899655756558
3003608,0.3339324253504035
3003607,2.077746851986376
3003606,1665.318807781856
3003605,36.273856638380934
3003604,79.83845384899745
3003589,145.3010162123932
3003603,80.82536483182759
3003601,451.93613549643175
3003600,2.670376265200286
3003599,98.59090833921249
3003598,0.0
3003597,1160.66672853291
3003596,0.2649323451449282
3003595,0.0359278564378373
3003594,2.414283203947994
3003593,3.5726952078483665
3003592,1.1405549614412602
3003591,451.3860662460987
3003602,150.39295387295041
3003671,125.78492712900827
3003672,3525.294153604733
3003673,37.67628941076186
3003754,171.75640626957622
3003753,8.152554202578214
3003752,4.639486081980034
3003751,261.6643898710401
3003750,217.67035181530377
3003749,3.11981868690152
3003748,60.58552556783806
3003747,4.676884298363109
3003746,8.843403269052587
3003745,6.731655105388596
3003744,250.64950853788966
3003755,84.92566971713872
3003743,0.3132446764069821
3003741,24.618604485286752
3003740,1.06107395397798
3003739,20.63272449795495
3003738,4199.027690670505
3003737,88.04081993538213
3003736,185.73774178460835
3003735,202.6912679237508
3003734,629.7783640439974
3003733,1162.6129929272547
3003732,8.711114734753385
3003731,544.2720324163049
3003742,22.47708562184173
3003730,0.12011296989521289
3003756,817.0864034701522
3003758,7.949766053318081
3003782,6.126195113111223
3003781,63.14263352052893
3003780,3.0173517542239274
3003779,11.538183334932805
3003778,15.032818970688798
3003777,209.57087219096147
3003776,0.198785853868203
3003775,11.896893981862688
3003774,14.246007759788121
3003773,0.8479527857669704
3003772,18.770322545556578
3003757,13.302234815814089
3003771,3097.0312226945052
3003769,144.1591205054351
3003768,186.82794149437132
3003767,721.2455302817167
3003766,693.8207911863915
3003765,10.222585224291134
3003764,370.64487513057225
3003763,0.0721009462450132
3003762,2147.224907408883
3003761,5.364187020106035
3003760,0.03272649774566337
3003759,3.1981898132106688
3003770,94.45003988392884
3003784,189.44127501670474
3003729,2877.728360097204
3003727,0.18026751062708862
3003698,359.9111183664342
3003697,0.0442651770584992
3003696,1819.9749910102912
3003695,6.654391436274917
3003694,0.054182923716466144
3003693,4.6652508083544895
3003692,15.249658417126813
3003691,0.6421041732346515
3003690,2048.6277421041673
3003689,108.43775956319752
3003688,198.29307835544915
3003699,11.85147923517559
3003687,10.037510789341146
3003685,221.064847545795
3003684,209.5989870762241
3003683,8.993520539897824
3003682,97.52529296993552
3003681,4.199821681004285
3003680,20.269114843351655
3003679,13.19086512117353
3003678,212.031828730258
3003677,0.25009716221732586
3003676,24.01664243807398
3003674,1.3130162733688695
3003686,12.084811917811718
3003728,4.523340742535521
3003700,775.8079806703457
3003702,159.2176186226747
3003726,4.987213547020344
3003725,12.96570552209285
3003724,0.4881237676273072
3003723,1411.9514453234187
3003722,73.63804201096504
3003721,164.19020023299169
3003720,9.574255768481141
3003719,8.016213775273375
3003718,211.0328984963256
3003717,212.33229243167287
3003716,7.093263289462563
3003701,532.3131168547702
3003715,76.27136881223956
3003713,13.290850777262989
3003712,12.772674729792517
3003711,201.01386932213538
3003710,0.1752006356112103
3003709,23.255214709094034
3003708,25.07783927910218
3003707,1.0598094003294687
3003706,21.69067986052868
3003705,3076.051817126655
3003704,88.79748643302155
3003703,110.5278456322641
3003714,4.8070730593571716
3004007,0.6724733681583621
3004229,846.58674242487
3004009,24.40224563385082
3004312,145.188201367418
3004311,76.05393525624639
3004310,0.9617563991430196
3004309,19.929603606787488
3004308,2.5429376455899075
3004307,0.2569104708965443
3004306,0.27992683085931436
3004305,159.1282512884723
3004304,0.11284095602766478
3004303,9.279603802738823
3004302,14.551442485429911
3004301,0.3873402342763705
3004300,4.760961066666244
3004299,2413.1324000747554
3004298,32.32384101791971
3004297,54.30927785734757
3004296,140.66165789260634
3004295,190.82923488336422
3004294,736.1500291224062
3004293,4.405338670897073
3004292,170.01615949656068
3004291,0.036875009756980284
3004290,1500.6062907443552
3004313,0.523224510345413
3004314,2.7403610891486396
3004315,55.453003413802264
3004316,48.32877846194522
3004340,11.701096568976814
3004339,17.913238467512706
3004338,226.42920442729593
3004337,0.2432093614362299
3004336,28.838774896894833
3004335,20.178570928265923
3004334,0.901403341602629
3004333,26.631740784942174
3004332,3787.4570020214996
3004331,121.47383378846258
3004330,163.1502787581539
3004289,0.3712611175165276
3004329,238.5978121695617
3004327,903.8178598925475
3004326,12.729468461962291
3004325,468.22766216436816
3004324,0.07152029447255519
3004323,2596.476891841894
3004322,5.739761353855902
3004321,0.07087201630108848
3004320,4.087617373313142
3004319,1.1139432281218844
3004318,0.17471175854482285
3004317,380.41616432750226
3004328,809.8039361319978
3004288,0.09035064972837338
3004287,4.014900405618091
3004286,3.626024766463683
3004257,1670.3329726297354
3004256,3.210237106036714
3004255,0.0990116345066034
3004254,4.876523210549726
3004253,4.283793880420425
3004252,2.1744081322801154
3004251,2777.116791218089
3004250,54.62636063791673
3004249,95.33309509953095
3004248,12.018858891422163
3004247,8.286215248320266
3004258,0.1640687730157001
3004246,387.46826953871494
3004244,5.722449714392623
3004243,137.73195048640906
3004242,3.090494361041105
3004241,23.14768137081583
3004240,3.723054538825413
3004239,256.1553075923295
3004238,0.5999269746427045
3004237,27.62217136724107
3004236,9.855162116798702
3004235,1.5451206074671706
3004234,14.227057290187112
3004245,117.4188117042517
3004341,12.637704939065362
3004259,438.83046754708175
3004261,679.9073725183481
3004285,0.7620723129653921
3004284,959.4159470222521
3004283,119.05889718068923
3004282,252.28000185619882
3004281,6.626818451023191
3004280,4.891002154597892
3004279,200.95254949078023
3004278,259.0565784347892
3004277,3.810328861732339
3004276,76.67320641494393
3004275,3.1981983882425187
3004260,8.200644077825533
3004274,5.274608122379805
3004272,175.8071767683271
3004271,0.3090783547742822
3004270,23.256063101053474
3004269,10.48606562490288
3004268,0.9706815049786204
3004267,10.058293895126878
3004266,2578.351061584187
3004265,170.74829159258866
3004264,132.47658648217504
3004263,194.28720149577902
3004262,550.4638376513955
3004273,3.426304905705228
3004342,71.58026229322321
3004343,7.0281190159654745
3004344,433.1003306430073
3004424,550.7926497848676
3004423,0.07123038593124661
3004422,3028.200068757879
3004421,5.6819421323956565
3004420,0.17327492741818903
3004419,6.651739234045239
3004418,39.13359362597525
3004417,0.5840332113600619
3004416,2911.8502100318055
3004415,154.60492094612192
3004414,568.6865617502024
3004425,11.89640189187608
3004413,13.534692338598887
3004411,282.05717161712
3004410,519.5537235574717
3004409,9.738802482807722
3004408,83.05739845894894
3004407,9.153834310152819
3004406,20.00377699047177
3004405,19.844947667046572
3004404,147.25015894973436
3004403,0.4449403515495903
3004402,23.132482541065936
3004401,25.93561370770913
3004412,11.36798097309465
3004400,1.6882581843841957
3004426,1300.5266121913946
3004428,366.7869789119292
3003562,0.18059444558336998
3004451,13.134143395441209
3004450,39.11386217860682
3004449,985.0402486846439
3004448,82.36932863641627
3004447,359.2427807552245
3004446,9.115533601841193
3004445,4.388425343861174
3004444,337.70395116618204
3004443,416.69267342065007
3004442,3.13758881606552
3004427,775.9868098685527
3004441,48.428580959340486
3004439,5.911124158442638
3004438,9.57370150732964
3004437,305.21863903845957
3004436,0.38626527101878033
3004435,25.879209809743884
3004434,23.771786409344905
3004433,1.1919432841864075
3004432,12.459242532543445
3004431,4814.533833645475
3004430,75.9548798057402
3004429,165.9956763833641
3004440,8.288782345979984
3004233,4028.918517876529
3004399,35.34193304969055
3004397,162.29159047950122
3004368,20.26360825824082
3004367,1.61191366385119
3004366,37.08660102108026
3004365,2270.0029750400463
3004364,171.79765243190693
3004363,244.5169640617536
3004362,232.39483295493739
3004361,991.4780597831481
3004360,1047.654648549405
3004359,16.125186477587583
3004358,646.6725533826868
3004369,19.5265062599678
3004357,0.17041307753426282
3004355,4.367100001554047
3004354,0.1516344925596798
3004353,4.075276613166915
3004352,24.647111959777146
3004351,0.28938134413174443
3004350,2122.4979394431934
3004349,94.02656000930199
3004348,448.53933017879905
3004347,10.099099347128336
3004346,9.160200583162679
3004345,241.95745269461852
3004356,2366.222772095214
3004398,2547.1292052339027
3004370,0.45168747046306934
3004372,15.371909378191049
3004396,249.40871585287604
3004395,287.89751104159694
3004394,980.6635550541129
3004393,1149.4209206745234
3004392,16.828904362942698
3004391,683.0917215354589
3004390,0.131200144991302
3004389,2382.8437461821295
3004388,5.6442083140041905
3004387,0.1345693212152206
3004386,5.093832049316501
3004371,130.55152409680952
3004385,40.33555242358359
3004383,3190.560983279443
3004382,150.63935974621253
3004381,563.4521997159154
3004380,12.163213255727133
3004379,9.831236321975956
3004378,229.72810553418324
3004377,527.8132032200449
3004376,10.389119800720088
3004375,87.71985213575527
3004374,7.482234658560891
3004373,21.283143253169538
3004384,0.4342959852610525
3004008,439.6505592236713
3004232,41.19889287837152
3004230,347.31076056397256
3004088,28.98725528318238
3004087,104.42378747818174
3004086,1768.2305517131806
3004085,96.81538634223975
3004084,689.261660064616
3004083,18.76238602323215
3004082,17.23388743376451
3004081,502.9847405075649
3004080,754.6090266550907
3004079,6.3250057784744955
3004078,81.38979904996633
3004077,5.4366160182827326
3004076,10.484001104621093
3004075,18.44722314947928
3004074,420.7450307201698
3004073,0.5308435429775691
3004072,33.42660137120809
3004071,36.72071031024485
3004070,0.8055910883690924
3004069,43.32734899235148
3004068,6331.214752895296
3004067,124.91391909870013
3004066,96.03287919942389
3004089,8.668887066821098
3004090,0.11462925494742736
3004091,9.420198724820782
3004092,5774.01267366782
3004116,23.010904594736505
3004115,18.165722028708068
3004114,434.5796811399548
3004113,720.3012320673403
3004112,12.535122695782437
3004111,182.7812222811114
3004110,9.176410745506535
3004109,22.90588276343696
3004108,23.568692946981308
3004107,413.3344764780768
3004106,0.5964207702457933
3004065,481.2152090232698
3004105,48.061913001911385
3004103,1.3019478263907391
3004102,63.888063503001334
3004101,6358.6686198178595
3004100,217.8777067078757
3004099,305.36939018820857
3004098,419.7704247658509
3004097,1589.8811256752897
3004096,1695.7394175559648
3004095,22.86480582164887
3004094,981.0307032308782
3004093,0.16151057761001567
3004104,47.47375116776494
3004064,1087.051229104167
3004063,1582.7149408429777
3004062,18.828235022392604
3004033,249.40824242149932
3004032,515.9235852590105
3004031,1553.2974451766822
3004030,1757.4696848019466
3004029,21.527531242779077
3004028,945.502529759084
3004027,0.18439147270895725
3004026,5447.590426337756
3004025,13.77739028216587
3004024,0.0924480743862854
3004023,10.168333031961135
3004034,190.9602359521366
3004022,43.62213924215395
3004020,2463.358725902035
3004019,135.17996217623644
3004018,781.3350325899237
3004017,25.367748027646762
3004016,19.18159644124204
3004015,518.49513202984
3004014,801.075382568645
3004013,8.683100542664288
3004012,127.67759129181766
3004011,8.711013258115983
3004010,16.033609106735327
3004021,106.38099167377678
3004117,743.6698908570094
3004035,7240.153377405165
3004037,1.3754820567793953
3004061,641.2446576599074
3004060,0.07654342644694995
3004059,3683.573594387524
3004058,12.254246880816988
3004057,0.043097237600468345
3004056,8.78941935224152
3004055,51.244965173051575
3004054,119.7777792113206
3004053,3613.3663165685507
3004052,174.74329398955527
3004051,845.9872863328496
3004036,58.85495955066038
3004050,21.931284783352936
3004048,547.9739377275926
3004047,785.551627794345
3004046,10.40531807342045
3004045,159.23877109190573
3004044,10.680677943723097
3004043,19.67647310489071
3004042,29.198955178787894
3004041,478.64102475169636
3004040,0.8253599256602351
3004039,51.66200346309884
3004038,44.211966367704626
3004049,20.12500631798253
3004118,205.46951332386854
3004119,5140.826328872428
3004120,105.71856288837347
3004200,4717.892778467361
3004199,198.48490045086535
3004198,272.4845545965948
3004197,285.5155839968352
3004196,1262.4430577542214
3004195,1220.2522339868985
3004194,12.777757693389736
3004193,811.6456776179144
3004192,0.15103729292995288
3004191,4068.7018091790114
3004190,6.33053384046116
3004201,25.98496908855827
3004189,0.1236182816059276
3004187,22.466744617935184
3004186,97.34423897138295
3004185,1506.3117253262965
3004184,86.23493255384594
3004183,459.77763302533714
3004182,14.643835570750149
3004181,8.987374336399748
3004180,357.2852254837764
3004179,577.6799615209961
3004178,5.938961045692442
3004177,89.51197443293015
3004188,5.745521626804512
3004176,3.511642923965975
3004202,1.0739613979211868
3004204,26.942203016018713
3004228,1261.4534330445622
3004227,6.523395985910226
3004226,886.9447108015949
3004225,0.31806951330936606
3004224,2991.5272572072818
3004223,2.968845623919026
3004222,0.23564504625546379
3004221,4.569848062089824
3004220,37.44780200543466
3004219,2.3838353091133557
3004218,3392.176242446168
3004203,21.86821516222471
3004217,145.4103276135438
3004215,14.048326416572706
3004214,13.15804475350849
3004213,309.7324337383917
3004212,621.9403733002471
3004211,7.292832442613838
3004210,141.4137748190712
3004209,3.8953372569196762
3004208,19.365775760379897
3004207,3.3617400704421865
3004206,275.12527024792394
3004205,0.6481867597982778
3004216,567.4478960007798
3004231,56.92347468850098
3004175,6.359689951467505
3004173,270.8874064413489
3004144,62.44713296556077
3004143,7.722813307981438
3004142,5.037524817126021
3004141,7.874137047974987
3004140,168.35381853888035
3004139,0.2889979260475349
3004138,24.383576682948075
3004137,23.443209295819692
3004136,0.8684592600880101
3004135,16.23040935761424
3004134,2857.757602668709
3004145,4.706210582789334
3004133,76.07847416008433
3004131,175.44564683895416
3004130,533.7158141878487
3004129,760.3771523639283
3004128,14.368150676483491
3004127,361.4472173380773
3004126,0.08452617061346425
3004125,1706.950362151455
3004124,5.946879284424033
3004123,0.13145474318792522
3004122,4.568113476034967
3004121,61.756361935418674
3004132,106.03394451004027
3004174,16.949329625309453
3004146,206.90960626373655
3004148,4.185013868258938
3004172,0.4253478606378853
3004171,28.61699179456117
3004170,37.47382844502421
3004169,1.0042751661770448
3004168,39.876418586624474
3004167,4873.144402642212
3004166,106.03193275263611
3004165,119.94229486892677
3004164,332.61047663008287
3004163,912.2147188659251
3004162,1227.1093464710682
3004147,195.1019920866158
3004161,21.215995107194633
3004159,0.1119841607327532
3004158,3278.043568775597
3004157,9.092328978335148
3004156,0.07164578330876221
3004155,8.129460339092542
3004154,11.340851495733517
3004153,0.4534636300624752
3004152,1106.1441083735629
3004151,69.32745408941341
3004150,183.09096415941676
3004149,7.268963202319005
3004160,520.0328597442559
3003561,4.238724242752373
3004005,40.296639011791264
3003559,0.2757750908981698
3002972,113.2681844298904
3002971,0.0
3002970,898.2767386094636
3002969,2.6343754073596046
3002968,0.058316021633086176
3002967,1.8590035691039781
3002966,6.036521650068649
3002965,7.172276800506282
3002964,798.0318659509186
3002963,53.11140640902252
3002962,269.66294450216225
3002961,4.085834840987718
3002960,1.0945423394606117
3002959,239.3896037844615
3002958,292.3964241595823
3002957,1.3857226823455213
3002956,32.52648852986133
3002955,3.152811945042143
3002954,0.47605558777387824
3002953,1.5831251128248285
3002952,247.1568908443065
3002951,0.14959435588439163
3002950,17.1111300591742
3002973,2.0640782469207957
3002974,242.9770249865089
3002975,173.26142688722103
3002976,59.10605942154868
3003000,4.096015839458879
3002999,1.9494597222505003
3002998,37.324844647213325
3002997,101.085620431813
3002996,5.603109936476846
3002995,2.133438586895472
3002994,3.0569505839880904
3002993,2.278908998214618
3002992,38.87383522401048
3002991,73.43983560338819
3002990,1.1001105064023537
3002949,12.57306262933254
3002989,14.513112046656913
3002987,2.3699560277600673
3002986,2.393886874857733
3002985,54.9313546363257
3002984,0.10959891091212554
3002983,7.421131328275575
3002982,5.234689908532019
3002981,0.4871748857001078
3002980,4.1095873107065835
3002979,1958.9946933476433
3002978,4.007928348902112
3002977,27.604840296963708
3002988,2.673507058118646
3002948,0.5486024572884973
3002947,6.512156335408355
3002946,3584.108083393106
3002917,7.97052121276406
3002916,10.505799153435134
3002915,0.32777164880350856
3002914,3.060029163721498
3002913,2054.528883624672
3002912,36.257027415792315
3002911,82.35750124584179
3002910,132.51358900555914
3002909,214.83564884130257
3002908,623.679324218272
3002907,4.225480409380383
3002918,0.0916148568330349
3002906,141.01181597353727
3002904,1244.0151109177534
3002903,0.3768100398285741
3002902,0.07637208748106325
3002901,3.310829537321286
3002900,3.4991654170198148
3002899,8.629749375287176
3002898,464.0073844819872
3002897,36.372516850706916
3002896,130.0217592748408
3002895,3.8536070064669063
3002894,0.9053819234377638
3002905,0.0
3003001,0.16675499954047612
3002919,153.5263245366077
3002921,0.1999241462627385
3002945,61.18698566296454
3002944,117.39599336926753
3002943,304.7825873439187
3002942,509.7553737930938
3002941,912.4933987102536
3002940,5.73748639013466
3002939,280.4706604730444
3002938,0.06669441994204768
3002937,2436.803031638733
3002936,1.6960326994890775
3002935,0.12739723124455374
3002920,0.3232441944758737
3002934,4.100183185962024
3002932,0.1459371940855591
3002931,272.59343530957375
3002930,37.33209875070223
3002929,94.02940025217026
3002928,2.809092561350357
3002927,0.6694773680263555
3002926,134.62947986950132
3002925,91.73935379830408
3002924,0.8105036129538712
3002923,21.973086255770205
3002922,2.3399492151094736
3002933,1.4095916131460808
3003002,1.7331484351026774
3003003,1568.2461612054262
3003004,0.05108077323102534
3003084,265.5090032814508
3003083,0.13898384821785711
3003082,19.13761844382613
3003081,17.141780117771038
3003080,0.5186098530910859
3003079,9.046821840921766
3003078,4037.4157595337906
3003077,46.92697073857429
3003076,99.6611530594041
3003075,321.13900153273124
3003074,613.2151745004074
3003085,5.132133713525757
3003073,1055.932824304138
3003071,452.87328823209407
3003070,0.0
3003069,2615.247457250921
3003068,4.123575297961813
3003067,0.25800679663466247
3003066,5.023923528118052
3003065,22.869769096280518
3003064,0.30336712972451924
3003063,2039.9316534768495
3003062,88.04502269376567
3003061,405.20138913769136
3003072,7.067942941965068
3003060,9.770123729008649
3003086,4.044817558817413
3003088,32.652200001380464
3003112,6.47174147453728
3003111,3123.30101262309
3003110,63.86342606539053
3003109,136.89466779060038
3003108,229.47166670683788
3003107,460.73342844938117
3003106,931.3358184288111
3003105,7.20380059759437
3003104,375.1680357844549
3003103,0.08526369481729476
3003102,2014.401098412984
3003087,4.3574618522626105
3003101,1.9509101374998585
3003099,5.464106317182743
3003098,8.081748123142086
3003097,27.651140710915584
3003096,649.628799046554
3003095,60.24102295114565
3003094,200.8238703078505
3003093,5.752498633346675
3003092,3.103128611110553
3003091,273.88544568806134
3003090,350.09510285038095
3003089,1.964782103225334
3003100,0.2323701991690275
3002893,166.23988114892697
3003059,9.18080046366136
3003057,395.9535369393871
3003028,114.41333827506301
3003027,3.7354820921989083
3003026,0.892941137028376
3003025,156.46471733759353
3003024,138.28325726725683
3003023,1.1652171336975616
3003022,24.16302032947644
3003021,2.935241842132744
3003020,0.24455890709221784
3003019,2.7590630175857074
3003018,147.22314165333646
3003029,38.49731212248499
3003017,0.13924729456621088
3003015,12.371345465936768
3003014,0.567739855174541
3003013,5.926207900633265
3003012,2779.284442251737
3003011,45.26665939519008
3003010,55.146871726328904
3003009,203.63504723449296
3003008,288.51684691034274
3003007,681.2461152896373
3003006,5.399273643191779
3003005,156.14598713534448
3003016,10.246036707732372
3003058,203.85137813688834
3003030,282.61736358488946
3003032,2.713146651642278
3003056,6.798897702804912
3003055,86.31511309553
3003054,4.530682862692254
3003053,13.01846387393495
3003052,16.08727409147615
3003051,211.85931547034795
3003050,0.27189252233084554
3003049,20.682120924592805
3003048,16.546438248778216
3003047,1.035432906904735
3003046,23.32168650288946
3003031,8.317539825197722
3003045,3430.2665112460068
3003043,163.75780607696444
3003042,198.9873704897645
3003041,777.8119309184316
3003040,808.3617880315824
3003039,11.5347974398807
3003038,458.47794558896675
3003037,0.08616335784978646
3003036,2450.058077635264
3003035,6.050075332486564
3003034,0.0792129855490528
3003033,3.7326732798373863
3003044,104.13949379990567
3003113,0.6531169157436003
3002892,146.1609876848019
3002890,22.873231935538023
3002749,14.965510553589978
3002748,5064.800191772832
3002747,79.96958853604764
3002746,139.7004932502581
3002745,365.4729890125064
3002744,606.3952844089719
3002743,1462.982808898052
3002742,10.499328256246127
3002741,553.7420493364958
3002740,0.1103756170759654
3002739,3114.520157151483
3002738,4.8601942718423246
3002737,0.24527346480326334
3002736,5.921950439650271
3002735,2.063594589952546
3002734,0.09587631223700155
3002733,177.71316492997445
3002732,18.65793380077928
3002731,128.25848365532818
3002730,3.013663085926485
3002729,0.6162336789911265
3002728,136.17883176864794
3002727,145.62516285890706
3002750,0.8077173150204391
3002751,27.4791375249031
3002752,25.84491475318338
3002753,0.29296359157480845
3002777,291.161257530145
3002776,629.4396045534006
3002775,5.258773368096492
3002774,146.72516389138664
3002773,0.039462265745164406
3002772,1443.0926432850706
3002771,0.6391586348481835
3002770,0.12099557734354308
3002769,3.588793403087756
3002768,7.514875942189201
3002767,12.833290106312834
3002726,0.5917024087401213
3002766,811.3051257477478
3002764,334.2496666817869
3002763,7.880811819784405
3002762,2.6030405593425097
3002761,350.9504910035345
3002760,506.65794490073665
3002759,2.279517012868087
3002758,35.76954463020388
3002757,6.452537788473974
3002756,2.729090575728693
3002755,7.2089771043584
3002754,325.863046662185
3002765,69.8958944412387
3002725,10.91120514499152
3002724,1.3717026266624597
3002723,0.061135468350605564
3002694,323.27348344224055
3002693,6.678393779477506
3002692,82.28865630853667
3002691,4.324394223491213
3002690,13.626280559472299
3002689,15.164420217640508
3002688,191.08227826202432
3002687,0.2520394098105706
3002686,23.06118374611467
3002685,16.46394568056838
3002684,1.1222215201683041
3002695,153.47473136842774
3002683,21.416333690713227
3002681,94.58667433756548
3002680,137.63983160898232
3002679,146.7937162840353
3002678,719.2186657327387
3002677,636.6643211201864
3002676,12.301165699596982
3002675,386.9230940202814
3002674,0.07587009506726955
3002673,2142.1274605574413
3002672,4.168438411420675
3002671,0.06898558947803075
3002682,2791.472915100241
3002778,164.0027233408564
3002696,8.701426304522833
3002698,278.41609640405306
3002722,1.7649732768577184
3002721,143.54109829402088
3002720,0.08705235335612702
3002719,6.204136020348871
3002718,6.893657405695634
3002717,0.35510872468000576
3002716,2.8380054712307077
3002715,2446.4269530020915
3002714,27.910913076217867
3002713,28.605744794922213
3002712,149.7410675086263
3002697,9.580319767369902
3002711,205.44709698771652
3002709,3.0254176691457433
3002708,95.74917442769197
3002707,0.0
3002706,1035.9111488423764
3002705,1.1958986566382879
3002704,0.08527675340439937
3002703,2.309904020635476
3002702,21.484397880043435
3002701,0.2894109691157118
3002700,1935.5570704335164
3002699,71.48085832416906
3002710,596.0019264101956
3002779,46.29501530453764
3002780,34.500682472849
3002781,2375.659258866961
3002861,0.6394772283372168
3002860,179.612177828962
3002859,171.35122799110007
3002858,1.0247526724235283
3002857,21.20673884715367
3002856,2.9030303252682774
3002855,0.16001709529168542
3002854,0.6269110896587795
3002853,186.20631087036708
3002852,0.10429760783619159
3002851,16.343401892879285
3002862,3.1579471194941293
3002850,11.311025813356464
3002848,4.311875206379738
3002847,2533.9884642470847
3002846,37.45231060143805
3002845,43.46925677927799
3002844,177.07743676746787
3002843,311.93069799569724
3002842,777.4245063990577
3002841,5.145484972343178
3002840,167.2582300260656
3002839,0.01887155079711188
3002838,1433.3322170364327
3002849,0.44664511289543507
3002837,1.6323846495915921
3002863,100.30105007197587
3002865,272.84951591705783
3002889,3.069327917002343
3002888,0.3019394728056127
3002887,3.0411383543687167
3002886,195.28861416322633
3002885,0.15082672462889324
3002884,11.116469339977215
3002883,15.125490540316513
3002882,2.167714350698277
3002881,6.494417669065394
3002880,2789.2676091530698
3002879,43.55179956376332
3002864,43.273185944809
3002878,56.816890859857864
3002876,295.04990228708573
3002875,696.6345358716478
3002874,5.058515806180029
3002873,161.85856826680126
3002872,0.06119092757757791
3002871,1522.5974208743219
3002870,1.9671072658952116
3002869,0.2806263582190593
3002868,3.601793206582987
3002867,2.310837834782596
3002866,6.605383868752711
3002877,224.71735342234422
3002891,1.166897813159263
3002836,0.09753380406636206
3002834,1.5697827056271252
3002805,1362.0680871709435
3002804,0.6273375118580584
3002803,0.1012532719096991
3002802,3.488090839536196
3002801,1.6934155936630941
3002800,5.794771648685256
3002799,210.88333984134195
3002798,33.17061300368134
3002797,107.45549789192296
3002796,3.314036619959576
3002795,0.7427628062044076
3002806,0.030052902689201726
3002794,141.95034103205708
3002792,0.8704258771355606
3002791,26.55415847281578
3002790,4.241972634780912
3002789,0.17182860242212086
3002788,1.230831605266948
3002787,153.62664483550373
3002786,0.11341021409249313
3002785,13.422908659196903
3002784,10.497993482758867
3002783,0.5001337684065161
3002782,4.048157501881271
3002793,151.0759514819913
3002835,3.3076736365686195
3002807,147.84243245918697
3002809,615.604402406309
3002833,3.558627700199704
3002832,200.0526360063129
3002831,31.214641792804223
3002830,102.47422842240347
3002829,3.182919157379315
3002828,0.7076830336850968
3002827,142.21928357517757
3002826,141.0351464260534
3002825,0.8135776126076697
3002824,23.54307053998099
3002823,2.4756312995510084
3002808,4.919905422111055
3002822,0.17351388702069612
3002820,143.51782462141983
3002819,0.11501148332404108
3002818,8.90808588794642
3002817,12.26960435564634
3002816,0.48931525127158637
3002815,3.995225680391334
3002814,2304.266379924251
3002813,32.78411992878322
3002812,44.72101577938523
3002811,147.18835767699437
3002810,252.65092469998956
3002821,1.3030338512748725
3003114,17.641496050188923
3002670,3.377894690161088
3003560,1.236438976704958
3003418,207.21265652905544
3003417,23.725110423789033
3003416,34.68057603078272
3003415,29.398764369393028
3003414,379.7757275368399
3003413,1.2006355111983082
3003412,49.3276002045081
3003411,39.51480360747024
3003410,2.6486271990748738
3003409,70.21330943248104
3003408,5830.1555134337905
3003407,270.969762374381
3003406,431.1645960443328
3003405,339.1554512136933
3003404,1807.0609606965797
3003403,1573.185889101864
3003402,27.57450063915046
3003401,1032.665748337593
3003400,0.3781788750141635
3003399,5815.122394551085
3003398,11.315661288480038
3003397,0.38894714433723643
3003396,7.016529119637333
3003419,16.082594648916967
3003420,808.5669520005093
3003421,403.01550257750296
3003422,16.705540192145047
3003446,0.10596828519635117
3003445,8.24429566295034
3003444,10.109660863606985
3003443,0.32472116760372594
3003442,2.1789981586622846
3003441,1569.0851529738252
3003440,33.45301134683923
3003439,80.43463392382093
3003438,88.11691549715928
3003437,191.69828307655158
3003436,450.4796230862868
3003395,2.466951374728384
3003435,3.544958526402258
3003433,0.0
3003432,1035.7830015706443
3003431,0.31735657689312974
3003430,0.029595475241738375
3003429,2.34355814540063
3003428,78.93706848718124
3003427,0.9254192252997877
3003426,5561.9739759224585
3003425,293.3157932017589
3003424,991.0300955157799
3003423,19.527306068670338
3003434,121.44518650526527
3003394,1.0387121537591044
3003393,896.5641431817141
3003392,61.492749767606576
3003363,4.218104392911639
3003362,2.8331656808441483
3003361,1.091973796239445
3003360,1001.3028663154179
3003359,60.5935314567917
3003358,174.43721738387686
3003357,4.797717356449249
3003356,3.050206344930431
3003355,229.03978767671168
3003354,274.0255120085101
3003353,1.2642318197820854
3003364,0.2045038903172906
3003352,53.6738153683362
3003350,2.583531234877026
3003349,0.2951014581228574
3003348,216.0381783110007
3003347,0.30717345482260716
3003346,18.171926285394477
3003345,20.88878158620614
3003344,0.817712941447085
3003343,5.726686270285974
3003342,3799.6406703398065
3003341,51.79947997200375
3003340,155.97382117059374
3003351,3.743040495067185
3003115,21.22522523170903
3003365,2.347572207772882
3003367,0.13107650534246665
3003391,140.37775253325967
3003390,4.654140519511032
3003389,3.021556717351759
3003388,206.3333235781997
3003387,238.73492647925292
3003386,1.4414551985241042
3003385,54.4972904377205
3003384,3.0776747292411226
3003383,2.307257364967668
3003382,0.3123562137130341
3003381,210.25412589578494
3003366,2305.71832732909
3003380,0.3110723903437605
3003378,19.134530613209513
3003377,0.7423845047093602
3003376,5.0623086526058785
3003375,3083.271046561944
3003374,59.98432938974431
3003373,134.0500831968731
3003372,215.17674223486742
3003371,527.5043884862671
3003370,798.476154433005
3003369,7.39022283934422
3003368,457.52443318917796
3003379,17.96892619485694
3003448,0.35876485978840733
3003449,0.2991411754459401
3003450,1.9613491422715246
3003530,1.556158571436038
3003529,0.17949407539820594
3003528,5.306788359249571
3003527,0.842229626297553
3003526,0.12397455296996954
3003525,257.6520715343909
3003524,15.892939331604161
3003523,60.531632115815
3003522,1.7772616523588405
3003521,0.5930461160887657
3003520,84.61675282449542
3003531,1605.4983926883995
3003519,84.4912588339396
3003517,19.159969173784884
3003516,1.513485917269358
3003515,0.17965868189127768
3003514,0.20093223965303256
3003513,92.90674260374156
3003512,0.06556017282994414
3003511,4.5668790728296225
3003510,6.992097520341773
3003509,0.2802567387031593
3003508,1.483773486201871
3003507,1482.778753834564
3003518,0.3926180575763539
3003506,24.534060036117854
3003532,0.05022705777622935
3003534,5.147533399132971
3003558,682.0702240638469
3003557,41.17395523715912
3003556,176.1915724144043
3003555,3.495247220610353
3003554,0.8959551448409917
3003553,184.89733215080912
3003552,221.44715150219562
3003551,0.9274096768384417
3003550,36.63867823978447
3003549,5.236789212854796
3003548,0.3064000987756935
3003533,245.9386640013077
3003547,0.3546264195857172
3003545,0.15967821462918247
3003544,10.166091237272349
3003543,16.491560339507227
3003542,0.612288512210831
3003541,3.4184642049110314
3003540,2790.5897482313667
3003539,52.245571171861265
3003538,127.84200988840479
3003537,186.14091027486813
3003536,344.72655734073726
3003535,767.0341858468888
3003546,183.28836654388763
3003339,244.53694604815706
3003505,84.47925650053654
3003503,132.3376628937005
3003474,3560.7666805896
3003473,62.32498185614514
3003472,182.36797827348684
3003471,223.48167128897367
3003470,532.8729374970444
3003469,1018.7384819621057
3003468,7.136929268505725
3003467,434.94431928948035
3003466,0.06889540160077606
3003465,2397.541995911113
3003464,2.107366205432808
3003475,6.811538554689793
3003463,0.218150556911893
3003461,1.34560750541594
3003460,0.15518418605922185
3003459,344.20075888752496
3003458,23.66958658806793
3003457,75.17660814019665
3003456,2.379279504983078
3003455,0.8480520722517748
3003454,94.27046532048159
3003453,97.3157933165277
3003452,0.599727630228116
3003451,26.614629064430538
3003462,5.533613033738598
3003504,73.84249291205559
3003476,0.5403695013617293
3003478,14.843602270842494
3003502,411.56055794816757
3003501,3.110020752566638
3003500,89.418365150204
3003499,0.0
3003498,780.7108915927627
3003497,0.14507060742962546
3003496,0.0
3003495,1.7335111031823893
3003494,3.9632287097540786
3003493,0.8629219870912035
3003492,734.907525565723
3003477,14.214799491919964
3003491,65.131840662263
3003489,5.534212037677253
3003488,2.3254360178865774
3003487,229.70999187486746
3003486,346.5344330859994
3003485,1.5163908474166177
3003484,28.449027568996154
3003483,5.518565595859303
3003482,2.2261669246661175
3003481,1.878132244918583
3003480,212.2618575677203
3003479,0.25209756494566155
3003490,169.97316400528157
3003338,640.8351437562696
3003447,104.24229381529865
3003336,8.108835556360496
3003195,858.0347362562025
3003194,36.15804917108558
3003193,231.72433628803753
3003192,4.750341771299821
3003191,3.4645370457110216
3003190,130.3262993196941
3003189,313.42857166388376
3003188,3.0795618073256295
3003187,44.50308427447817
3003186,3.8621888279998764
3003185,2.3716368057358785
3003196,0.2703068942939212
3003184,6.475850973825157
3003182,0.09975358854043674
3003181,13.349967042039783
3003180,9.951108449698166
3003179,0.462694271821456
3003178,15.139184706436069
3003177,1925.704298069434
3003176,52.293018263292375
3003175,54.955832570105294
3003174,125.49448229750617
3003173,384.911298440006
3003172,428.8075839945167
3003183,101.88099343640346
3003171,9.027640362654731
3003197,9.377019327040538
3003199,0.072923496088446
3003223,168.03101518198014
3003222,310.5281397779794
3003221,8.977088897422457
3003220,81.6518688427014
3003219,6.926418319053862
3003218,19.597299055330097
3003217,7.916730538530814
3003216,117.27759320687056
3003215,0.22642191211148344
3003214,25.205273269705152
3003213,18.13702115698292
3003198,3.148929491531667
3003212,1.1761199625432717
3003210,901.4771312900247
3003209,123.92585779194376
3003208,168.33651871858677
3003207,172.30474505547863
3003206,572.1059379927586
3003205,691.4657330084513
3003204,14.114359658821622
3003203,526.9112628714413
3003202,0.15936534080504677
3003201,2021.2555665363157
3003200,4.082423449517601
3003211,20.21148626095777
3003224,13.288038370488549
3003170,238.05028678399762
3003168,1252.3110954645094
3003139,584.6201278316519
3003138,4.789614686281799
3003137,139.58866008295993
3003136,0.09757574347799568
3003135,1239.4395163693746
3003134,0.7655268650959581
3003133,0.21647799221995936
3003132,3.2504351411302785
3003131,3.433986108849621
3003130,0.725038005810152
3003129,515.26285831747
3003140,222.701398373443
3003128,87.57789395252567
3003126,7.084093002848263
3003125,2.0784342760866927
3003124,219.01342089903906
3003123,200.77658661769442
3003122,1.7213627350710667
3003121,50.65011946547321
3003120,4.811215811558248
3003119,1.9435353439252196
3003118,2.2880699142027647
3003117,212.65933529312403
3003337,966.3222380013091
3003127,182.05257667332134
3003169,0.014166194606520322
3003141,128.58482124914778
3003143,29.256334893477824
3003167,2.494025777347078
3003166,0.025930890754923143
3003165,2.9172521031057963
3003164,1.1701618958850721
3003163,9.070085386670854
3003162,329.2609845076944
3003161,24.90247987788002
3003160,56.14652976228442
3003159,3.623192212010448
3003158,0.976051585790968
3003157,115.39007593767575
3003142,71.41500986841078
3003156,147.4667729222802
3003154,29.61902025761322
3003153,2.765441426165552
3003152,0.6283684408338561
3003151,0.8307227447620922
3003150,137.4310704204292
3003149,0.17576520964047923
3003148,9.47555277272071
3003147,20.952506251024893
3003146,0.5329969081822294
3003145,3.5866226700587323
3003144,1796.3136278573475
3003155,1.6299057426898513
3003225,9.09022225955074
3003116,0.24756333074954995
3003227,112.70288695899433
3003307,168.13963585566637
3003306,204.58374615222561
3003305,764.6724864104833
3003304,699.6445263536403
3003303,11.062392349270796
3003302,484.64185042089105
3003301,0.08773464151161343
3003300,2413.535539803506
3003299,4.467388586125975
3003298,0.09360742719085977
3003297,3.83038821826152
3003226,395.9708801280168
3003296,2.350009772986983
3003294,516.222845069674
3003293,17.312570048859893
3003292,114.43817665057281
3003291,2.8674017034843433
3003290,2.7145644569561953
3003289,101.90637493039684
3003288,140.67128355046026
3003287,1.469187109652025
3003286,27.869263368654938
3003285,1.5828877364808043
3003284,2.501199036090806
3003295,0.2456850594208924
3003283,1.6632175529318673
3003309,2874.0086538724777
3003311,1.1885011668503824
3003335,538.582031439807
3003334,0.13197036303256054
3003333,2842.117032846728
3003332,2.510376923762557
3003331,0.19937646316435115
3003330,5.163471729593873
3003329,14.434148528856323
3003328,0.4072343994569781
3003327,2302.0856793742905
3003326,68.78640480127284
3003325,336.590167283547
3003310,20.050715936056886
3003324,7.916513889396294
3003322,191.18054356421192
3003321,284.6558744647428
3003320,4.945561597814865
3003319,112.85148247790254
3003318,4.617739291266231
3003317,16.528141193906666
3003316,6.3946163187858245
3003315,176.3053463878427
3003314,0.2259057586510299
3003313,24.885569495032527
3003312,15.76900039258431
3003323,8.388180655668918
3003282,66.57595388182452
3003308,95.67189248659945
3003280,6.444324536433451
3003251,10.492571467957116
3003250,0.7043066259010031
3003249,85.63731095943741
3003248,0.1407958928061106
3003247,13.97750687576575
3003246,7.790822080931193
3003245,0.7402372222548974
3003244,8.893260070957707
3003243,1731.1157843026072
3003242,52.38805769054465
3003240,109.23382990549017
3003252,3.148343539110739
3003239,444.9662042385219
3003237,5.518061818876218
3003236,305.0420551940185
3003235,0.038413936028909225
3003234,1632.7137116065344
3003233,1.7663022758249145
3003232,0.05099925417945728
3003231,1.887507701665685
3003230,23.17310629919483
3003229,0.526027152537722
3003228,2409.9526043739947
3003281,0.12931163837081025
3003238,384.10501261225
3003253,71.45261290095819
3003241,70.7751139804265
3003255,126.97810025407333
3003254,3.843163528619651
3003278,0.4213476250261055
3003277,3.956258867443804
3003276,1220.9061014471404
3003275,28.107074339899167
3003274,40.09984201800315
3003273,61.00280082510478
3003272,233.49011909624753
3003271,312.5972327260867
3003270,6.232154687789555
3003269,187.46596654118827
3003268,0.0
3003279,7.895000662596901
3003266,0.9187197449250109
3003267,874.3685963329476
3003257,4.666646312630079
3003258,5.415668128162452
3003259,113.66038022951231
3003260,36.216127908412545
3003256,99.55946179288678
3003262,0.2710513001812104
3003263,3.3939850098335276
3003264,2.343129344207817
3003265,0.0
3003261,594.4547719816844
3005635,244.51265147763343
3005643,2246.6675348099475
3005642,4.739192589699881
3005641,0.1161405860531466
3005640,3.712167827007039
3005639,11.772558965826608
3005638,0.52764431642249
3005644,0.1528205535234706
3005637,2118.7808125780384
3005636,65.1898742677686
3005634,10.309470180189674
3005628,5.222038596992624
3005632,259.49002451341613
3005631,288.33985407006867
3005630,7.3151095313445005
3005629,100.97008619620405
3005627,16.231242330025566
3005626,8.610927396048643
3005625,197.64496781344576
3005624,0.27326647074181554
3005623,17.88419238144969
3005622,20.936621407101775
3005645,482.05023069261017
3005633,8.08619566489924
3005646,11.491720280838937
3005673,4.214969664231106
3005648,613.7916363476749
3005672,17.89241232212035
3005671,0.5403912805693323
3005670,2339.5341266529617
3005669,27.48111827822938
3005668,275.74877130422544
3005667,9.033118499822141
3005666,9.511619520516371
3005665,203.64311504049584
3005664,277.4800731002547
3005663,8.028859576480247
3005662,88.30157726280012
3005647,765.9816551589755
3005661,3.2888105552350613
3005659,12.301305106670332
3005658,183.2852621161048
3005657,0.2590024209325086
3005656,19.5868661126651
3005655,20.93038737752035
3005654,0.9498430107299363
3005653,22.310214341257883
3005652,2865.9948977974263
3005651,36.588905987806456
3005650,136.16944402814968
3005649,194.8103061656564
3005660,23.500710797743547
3005621,0.912371732218759
3005567,8.749764659467983
3005619,3552.55737042488
3005590,24.764501186896606
3005589,20.36914176183893
3005588,0.7497572501698142
3005587,8.587312279708291
3005586,4074.011033466694
3005585,55.4976356953231
3005584,134.7339256792372
3005583,262.88590996743636
3005582,458.52178735126046
3005581,1125.2084155890004
3005580,7.368735402172632
3005591,0.1837682855559845
3005579,340.77357424821616
3005577,2471.2232962650464
3005576,2.0186292672310846
3005575,0.15784796346886346
3005574,4.620589866311219
3005573,35.013508400338694
3005572,0.270721888505712
3005571,2546.5579317756174
3005570,94.65635039402189
3005569,569.896753926449
3005568,9.450376060642235
3005674,0.09363507371496102
3005578,0.08756826494630952
3005620,22.622792732137274
3005592,247.09630113248676
3005594,0.7131248393228347
3005618,93.00920278335195
3005617,134.8141612288702
3005616,247.44663132420862
3005615,591.3609358603784
3005614,902.4551792033384
3005613,14.332908615208835
3005612,451.279496569362
3005611,0.13795853008087705
3005610,2125.2894328832303
3005609,6.911203548572822
3005608,0.1648392563270642
3005593,0.7861504045620222
3005607,4.779854205252437
3005605,0.26933915043388323
3005604,696.9312265387402
3005603,41.455216148431155
3005602,170.5285571718581
3005601,4.568352269738324
3005600,1.2345271388620862
3005599,268.4825738851958
3005598,140.63528882561081
3005597,1.480454239062623
3005596,70.86543991512742
3005595,5.203780877917329
3005606,2.4422368967593866
3005675,0.7445982071572195
3005730,1345.7953340127938
3005677,0.04797076581963568
3005757,505.83124481737093
3005756,0.8765800613440728
3005755,63.49297451507033
3005754,60.65529389589023
3005753,1.3971477163446413
3005752,85.60763182674499
3005751,8965.62074781937
3005750,378.33969078073545
3005749,431.97764103169703
3005748,676.8879161568129
3005747,2012.3087311964055
3005746,2172.6146971992284
3005745,27.651935981242616
3005744,1159.9953961671902
3005743,0.19242623931375338
3005742,7736.191976626591
3005741,14.32628621398083
3005740,0.17468979486734001
3005739,12.14603032734865
3005738,146.02841178520566
3005737,152.88662256639805
3005736,9292.380709773697
3005735,408.84394133877237
3005758,29.946526943551593
3005759,29.678910544763006
3005760,14.937226168909437
3005761,305.8179890889503
3005785,57.0937276380449
3005784,8053.297555328822
3005783,266.468202483766
3005782,182.9168716146151
3005781,697.6920296109628
3005780,1477.3348982618738
3005779,1880.418067888281
3005778,22.216231921984463
3005777,814.5629407834555
3005776,0.1292782471490826
3005775,5339.763807751726
3005734,1578.050821657787
3005774,14.269481973304291
3005772,10.294771393214544
3005771,111.75489863175306
3005770,127.68499357005629
3005769,6281.602823606977
3005768,312.4396818125359
3005767,1446.9636411905763
3005766,25.337816406743755
3005765,21.940774260256234
3005764,568.2988471956247
3005763,1410.4685135849272
3005762,13.271567528440055
3005773,0.09746237425966957
3005733,29.47864453561585
3005732,25.600270805591574
3005731,569.2843159804116
3005701,193.16194012138158
3005700,4.185577472349935
3005699,1.8359890029795674
3005698,225.4809545631245
3005697,163.94371810586128
3005696,1.803266496664523
3005695,73.69649209768531
3005694,2.300712912115528
3005693,2.089295916437117
3005692,0.2792483503407876
3005691,213.63038391203497
3005702,69.17301637463987
3005690,0.1325893832580477
3005688,14.531144674986056
3005687,0.5779844657766537
3005686,5.127897840219109
3005685,4418.956501776128
3005684,43.49127979564659
3005683,131.01998214844633
3005682,261.14755275362705
3005681,474.01143080494927
3005680,1049.2525457213728
3005679,7.646356902800058
3005678,420.23455605068875
3005689,10.853657607296194
3005676,3369.7689591531516
3005703,283.5924159995173
3005705,0.7944075955926779
3005729,16.620248166498907
3005728,406.63841635377565
3005727,26.27095357362626
3005726,30.750406032102596
3005725,32.16550208853618
3005724,499.8873317425316
3005723,1.1634291402058476
3005722,74.08325511588257
3005721,80.74048546846792
3005720,2.384523547633104
3005719,92.61775031870305
3005704,0.702751813156991
3005718,10251.915348316057
3005716,554.6137734071997
3005715,637.6727395972357
3005714,2527.063029491899
3005713,2384.7677553737717
3005712,30.146625021523004
3005711,1349.8158189414614
3005710,0.23348772547680063
3005709,9492.432419417464
3005708,15.4887783156092
3005707,0.2203258548654864
3005706,14.169229309570426
3005717,469.24515684017723
3005566,208.47679675412732
3005344,0.1646867176868073
3005564,6.861646179504849
3005423,0.5391017363529831
3005422,8.010332239054444
3005421,3635.771685846301
3005420,69.51504190869372
3005419,139.4236487072451
3005418,243.38448120007516
3005417,577.7715571187782
3005416,906.0661227504388
3005415,8.326013625746565
3005414,462.6445638253872
3005413,0.0553370479683172
3005424,22.43312050116232
3005412,2592.119778829032
3005410,0.09558954152602572
3005409,4.211694966134456
3005408,0.3932791211951733
3005407,0.18395906213551846
3005406,178.90372040181492
3005405,18.67130387558511
3005404,64.73615342048997
3005403,1.6789405562704096
3005402,0.5577246775157969
3005401,86.24715465713848
3005400,80.67602318594956
3005411,0.8838608238258292
3005399,0.602808702234839
3005425,19.148791332867223
3005427,208.12298674439984
3005451,209.53854135335857
3005450,826.25041960209
3005449,963.405268833955
3005448,12.731201258767156
3005447,574.8702507489911
3005446,0.14660535837677183
3005445,2802.2164369654533
3005444,6.866819113166168
3005443,0.12296892595788296
3005442,4.05941778323771
3005441,1.184137313609381
3005426,0.20103169404443272
3005440,0.8517208788998587
3005438,62.88523562232573
3005437,191.03007923578477
3005436,4.521627392036715
3005435,2.868246420422118
3005434,240.25994878608202
3005433,176.1389893701645
3005432,1.6291739547049255
3005431,98.4755649790235
3005430,2.9715415589813015
3005429,7.714101979122852
3005428,0.2952929118668009
3005439,1323.2758874843594
3005452,183.21450744987155
3005398,40.84466286438761
3005396,0.21731765190830102
3005367,162.53053017700694
3005366,1.9950416312844887
3005365,70.03369793509893
3005364,4.730315077708266
3005363,3.553950895741689
3005362,2.641572223738795
3005361,202.6371760990171
3005360,0.2958551033183617
3005359,22.451275566296722
3005358,18.22614853640781
3005357,0.9319534417257751
3005368,239.66619339352295
3005356,6.995910366140498
3005354,56.753043441807435
3005353,127.90187569985011
3005352,232.90945187202945
3005351,536.0146966794443
3005350,907.0191474244091
3005349,8.033289328951215
3005348,471.26520127713377
3005347,0.08681885219593515
3005346,2307.9349795779444
3005345,3.4578643761934877
3005786,1.2764563716703834
3005355,3635.0489152039054
3005397,1.311687866867377
3005369,3.0565808634439975
3005371,178.75233739125687
3005395,0.09992551469759847
3005394,98.39407137885168
3005393,0.06521431271088103
3005392,5.077410443075516
3005391,6.221280590817915
3005390,0.333974737627795
3005389,2.56265590817888
3005388,1884.2944669979424
3005387,28.95744564208949
3005386,84.06988283356337
3005385,103.18729236656765
3005370,5.163896983858824
3005384,155.60009351682547
3005382,3.077903584565446
3005381,103.58498024453972
3005380,0.0
3005379,1167.2620888137033
3005378,0.25991722348151886
3005377,0.032737523188492205
3005376,2.4874030044602478
3005375,3.4338293768557744
3005374,1.0749835991736276
3005373,183.403318552434
3005372,40.13089781793357
3005383,478.0864252648638
3005565,516.1130025880152
3005453,142.60758926337238
3005455,40.32578407427421
3005535,8.013061273080782
3005534,4.634117504369632
3005533,271.09462439528386
3005532,201.16432783061236
3005531,3.1798460990959994
3005530,73.63157642234299
3005529,7.428120809703612
3005528,10.379640769383276
3005527,6.6864846126615936
3005526,256.37805498710924
3005525,0.30743385250789845
3005536,223.11000560134124
3005524,25.532305526866732
3005522,1.0385082066075464
3005521,22.893267854358374
3005520,4714.332242751889
3005519,65.80260979272089
3005518,197.44007831733742
3005517,241.2071131625548
3005516,677.5936616267014
3005515,1236.7361262423358
3005514,9.729700531625225
3005513,556.6618573242039
3005512,0.11261975461187838
3005523,26.62882323376384
3005511,3246.1294843736246
3005537,83.05038843934472
3005539,9.738587930225744
3005563,117.36019063231778
3005562,3.2971593398995944
3005561,15.854188485143933
3005560,15.873528613234871
3005559,225.58079722694708
3005558,0.2485718878147603
3005557,17.974418145995216
3005556,19.469418768530662
3005555,0.9053098225520082
3005554,21.84999308390237
3005553,3600.4698182548004
3005538,763.6076002468593
3005552,140.98188617286417
3005550,236.45373545369335
3005549,793.197822583985
3005548,749.2324773436368
3005547,12.269440900775118
3005546,412.8119342571051
3005545,0.0988073849892891
3005544,2484.914935704258
3005543,4.750816271863544
3005542,0.05798760065466813
3005541,3.524945424606556
3005540,7.729623932885449
3005551,172.23045995184003
3005454,3963.4245713452283
3005510,3.4151532367069066
3005508,5.13061469543403
3005479,0.06055253458587501
3005478,2149.1171495080116
3005477,7.2186412783620355
3005476,0.07699110058025303
3005475,5.1195441194399995
3005474,25.32530731557257
3005473,0.6441787198921767
3005472,2426.198103147983
3005471,111.3861356114373
3005470,361.19269939837375
3005469,10.305967564727453
3005480,387.99146588589343
3005468,11.962455272782549
3005466,355.17116255358445
3005465,9.11041109661905
3005464,123.91883896712392
3005463,4.1968854334954795
3005462,24.674157330019735
3005461,13.080848939623813
3005460,225.36049346677035
3005459,0.25499133152136005
3005458,22.29790625113631
3005457,21.41609766475281
3005456,1.3130141570981304
3005467,231.23638746216824
3005509,0.16371718008516148
3005481,14.060175196634434
3005483,592.0510007280849
3005507,23.340309997960475
3005506,0.5188474058040768
3005505,1749.2500942596807
3005504,89.45198401967106
3005503,210.25568188806957
3005502,10.079047641121525
3005501,8.09393543482977
3005500,236.0237282678257
3005499,282.8273083402139
3005498,7.421269475862635
3005497,104.89114824323639
3005482,863.1439937673287
3005496,5.245643914359105
3005494,13.243963824084439
3005493,215.4860138284834
3005492,0.18672860964591634
3005491,24.7342742596718
3005490,27.72165340316897
3005489,1.1184355890316788
3005488,24.501758432756727
3005487,3544.860214910921
3005486,121.16008626592505
3005485,123.5202318549269
3005484,210.2073086552651
3005495,14.111863301603949
3005787,40.114360556005835
3006233,13.482292287676021
3005789,0.7776646079683136
3006093,59.86336128115085
3006092,1.070632261555645
3006091,27.542749760002053
3006090,2.7089369210939336
3006089,0.2580716934838506
3006088,0.27401417154328456
3006087,158.0786506191244
3006086,0.1135045048525057
3006085,9.495008691299287
3006084,16.640981168445162
3006083,0.39546343812623724
3006082,5.695560575364152
3006081,2701.522851125978
3006080,26.73278393251388
3006079,56.54786214320711
3006078,178.51285618467972
3006077,201.01879223949396
3006076,808.0234415500556
3006075,4.873245691289665
3006074,178.54870064615764
3006073,0.03641973400525141
3006072,1507.1408320357948
3006071,0.3689495363215916
3006094,151.05867453111384
3006095,0.5311299322037428
3006096,2.750189941479657
3006097,64.63210855031267
3006121,18.657274861193706
3006120,238.77965138685838
3006119,0.27872631649579893
3006118,29.10016397052405
3006117,22.624996765696054
3006116,0.9360223950452944
3006115,30.344963376619766
3006114,4376.0566306317305
3006113,177.80816333704345
3006112,191.6806210030509
3006111,309.9458365681067
3006070,0.08010516162530863
3006110,914.7404354856629
3006108,15.031524561766819
3006107,498.85642461570933
3006106,0.08454525787883316
3006105,2977.621444403022
3006104,6.162739761760802
3006103,0.08341343295513719
3006102,4.415357163265647
3006101,1.09484605051933
3006100,0.17184942263444938
3006099,423.3225245239627
3006098,38.073485295806336
3006109,977.6941704683126
3006069,4.20917788828919
3006068,7.712090278843986
3006067,0.7740949367331178
3006038,3.43619188095005
3006037,0.10853361605019186
3006036,5.430141155182882
3006035,13.102951238304264
3006034,2.21685826808123
3006033,3178.337880259599
3006032,56.79488748682855
3006031,824.4721260064772
3006030,12.49021390020437
3006029,8.407045625882994
3006028,400.33464318104836
3006039,1902.451583472054
3006027,901.28150638973
3006025,168.26326808702936
3006024,3.150913078519265
3006023,28.043643482208136
3006022,3.8061099207679483
3006021,265.65676972258115
3006020,0.6200489955221389
3006019,28.63032571739641
3006018,28.135425452921186
3006017,1.5745199329611603
3006016,15.382336922842775
3006015,4408.021260541035
3006026,5.792927908996879
3006122,15.86070916467001
3006040,0.17380210905072374
3006042,9.666482770674
3006066,1291.7057347291702
3006065,128.3167466519459
3006064,355.79410690210574
3006063,6.85187342753846
3006062,4.954998447217775
3006061,228.1549847758032
3006060,430.25954482116754
3006059,4.1968190427272045
3006058,118.76019574507924
3006057,3.4423227446459945
3006056,7.168214851867816
3006041,478.3401978448118
3006055,3.475030825909938
3006053,0.31697519772194854
3006052,12.407612861812916
3006051,12.115126421702769
3006050,0.9892176255017986
3006049,12.05660587281578
3006048,2966.385906657645
3006047,212.7589344015197
3006046,117.36211420449725
3006045,252.672335310833
3006044,574.8805326782676
3006043,790.5258236409269
3006054,185.14625911680648
3006123,11.253243772657138
3006124,128.29040950622561
3006125,7.746433043367995
3006205,0.09878699936637778
3006204,3167.5679476486607
3006203,5.907361199135535
3006202,0.17362408889395017
3006201,6.781674883362548
3006200,68.36530616774596
3006199,0.6004503297053649
3006198,4006.9834853805937
3006197,191.2411793156957
3006196,728.3753100995048
3006195,13.95096186386948
3006206,587.9699735769368
3006194,11.525515748958865
3006192,678.4078901830428
3006191,10.23356762477043
3006190,170.03510142114905
3006189,13.968127334507027
3006188,26.803900956240547
3006187,20.176371949309395
3006186,295.1936068034536
3006185,0.5006532975898303
3006184,32.998389841960545
3006183,28.530811728547913
3006182,1.7823855197597567
3006193,300.7273392144688
3006181,39.45356924358944
3006207,12.687768968165026
3006209,812.2680513577851
3005343,4.359067747275504
3006232,21.075834893942528
3006231,1003.0354759040805
3006230,103.8396956533915
3006229,450.5941822108935
3006228,9.115307269738448
3006227,4.546365220438136
3006226,350.32476378482477
3006225,368.642777477766
3006224,3.459022461336123
3006223,81.13754503258393
3006208,1371.718686358816
3006222,8.837370884333382
3006220,9.909018272728542
3006219,318.2009668401795
3006218,0.4325383328559955
3006217,29.94223781152725
3006216,33.80730971723648
3006215,1.2124550802186267
3006214,14.015862540990446
3006213,5118.473654598548
3006212,68.76333545861665
3006211,171.02193350159075
3006210,435.39707193487243
3006221,6.1057257083724155
3006014,210.63566320553394
3006180,4882.645883653858
3006178,255.833021386405
3006149,1.6498144333744307
3006148,40.55577196037245
3006147,4331.405088577101
3006146,216.5948040531795
3006145,235.95750073047725
3006144,246.26067346544866
3006143,1264.8526368609016
3006142,1020.8989174175236
3006141,18.64189472935112
3006140,654.2750553186693
3006139,0.16840556471386275
3006150,27.224690303851858
3006138,3956.553710241127
3006136,0.1491546592327309
3006135,4.287417733598656
3006134,51.530228643368474
3006133,0.30466308157881444
3006132,2739.877355512497
3006131,119.14742603034912
3006130,656.3352795305428
3006129,10.433787139906304
3006128,9.376639714121215
3006127,254.6796188785391
3006126,640.9046845987835
3006137,7.063693506654172
3006179,232.88874453558745
3006151,30.1339965730749
3006153,249.78619913516752
3006177,315.6613339615704
3006176,1255.1383981741308
3006175,1159.8561408218163
3006174,19.44903061901846
3006173,710.0301856964074
3006172,0.15208251891574173
3006171,3990.3554995764935
3006170,7.758188375131784
3006169,0.15500679217418115
3006168,5.476853449613432
3006167,65.03492106190222
3006152,0.5076605669458869
3006166,0.42045348404644045
3006164,186.34195018409832
3006163,724.2065887570021
3006162,14.181895656841684
3006161,9.751898519989743
3006160,237.01076244925596
3006159,667.7795998069421
3006158,10.91384678811508
3006157,197.8316596677434
3006156,7.711492910946891
3006155,28.497471254141782
3006154,15.63221458027688
3006165,4525.939866513234
3006013,263.4884356913144
3006012,436.2627205132321
3006011,925.3667450049874
3005869,102.87333702870508
3005868,2420.953627868522
3005867,135.73275871997126
3005866,1068.7263022198858
3005865,24.54893647261054
3005864,17.464275726564285
3005863,544.9811845245949
3005862,1191.9070933604446
3005861,7.57235354823346
3005860,163.19593160314213
3005859,5.639420085929494
3005870,43.127477645661806
3005858,14.084858108916306
3005856,444.7419625566036
3005855,0.5633695864593367
3005854,36.68356933832726
3005853,39.58920370108672
3005852,0.8359305717440864
3005851,49.31373505327356
3005850,7378.252777755913
3005849,199.88462618296498
3005848,139.56192480852536
3005847,607.3494715770678
3005846,1194.9941556782287
3005857,25.812645864645063
3005845,1732.9677662008362
3005871,9.229480518067176
3005873,10.025628120418183
3005897,18.40788421132046
3005896,466.7799404852609
3005895,1107.312924855938
3005894,13.05532518862604
3005893,270.34676348757637
3005892,9.829013137251664
3005891,29.324644705022127
3005890,15.509803163125998
3005889,444.7586254954927
3005888,0.6303401421021848
3005887,48.89228776245325
3005872,0.1347459963824503
3005886,47.6491798260993
3005884,71.44206279278978
3005883,7410.2461689553875
3005882,307.91228389599
3005881,399.49800562718167
3005880,529.1694225584766
3005879,1762.5078199658078
3005878,1844.672631658996
3005877,26.20667715130929
3005876,1071.4212184008009
3005875,0.18315806548494445
3005874,6697.957552791797
3005885,1.3406276295082695
3005898,23.811304064396417
3005844,21.43952984911552
3005842,0.09660735114989773
3005813,1773.4540296442322
3005812,1964.064898837311
3005811,24.759706876247467
3005810,1041.7762040355378
3005809,0.21902466245085558
3005808,6550.372060920707
3005807,15.344771222048017
3005806,0.12374208491338101
3005805,11.200134404683489
3005804,66.19129966429807
3005803,113.2582012818337
3005814,673.9684796924164
3005802,3215.179148760445
3005800,1244.0455900194231
3005799,26.741993506472514
3005798,19.994764829744092
3005797,567.153087433239
3005796,1310.6933581152753
3005795,9.704448900781832
3005794,194.1980857929616
3005793,9.383303218299448
3005792,20.928757071423064
3005791,24.43854779531917
3005790,471.77051766703397
3005801,182.72872567482852
3005843,694.4213570610915
3005815,319.8015256086273
3005817,8820.008947997849
3005841,4144.263094572606
3005840,13.02433878501815
3005839,0.0619229747926839
3005838,9.496159208620513
3005837,85.14498115837664
3005836,122.85463728629253
3005835,4593.321378799489
3005834,229.9380611693424
3005833,1363.8358799998684
3005832,23.004754289562957
3005831,20.976187115037074
3005816,286.2455609956446
3005830,598.8567054320091
3005828,11.280333836061915
3005827,238.63937740605556
3005826,11.489327082693068
3005825,24.926070650102687
3005824,31.299940757198137
3005823,500.1304143367589
3005822,0.9401670594150966
3005821,55.194735135049704
3005820,47.9149629070473
3005819,1.4575955656372463
3005818,66.6871033621103
3005829,1285.3062106313955
3005788,45.90299372758638
3005899,1134.93925559915
3005901,6365.84086183796
3005981,257.58104028738694
3005980,380.5861844076756
3005979,365.5983377619488
3005978,1382.1558658924366
3005977,1408.9943976812483
3005976,15.156154052735793
3005975,898.5534372879443
3005974,0.17370652665451075
3005973,4797.744700874814
3005972,7.007115907842596
3005971,0.14803532214098683
3005982,5776.015175322017
3005970,6.310156491751623
3005968,96.34615117834497
3005967,2010.332581078961
3005966,106.30823501261774
3005965,545.6658415332313
3005964,15.379329266415553
3005963,9.328111076690435
3005962,389.1928301467765
3005961,665.7249528587218
3005960,6.58880662813461
3005959,140.92715116046665
3005958,3.6219277382223884
3005969,29.00653957780944
3005957,9.480829876523673
3005983,29.877617334040963
3005985,24.248120739352323
3006009,7.141187740260705
3006008,927.0412070592632
3006007,0.3377365583930824
3006006,3235.327576706086
3006005,7.672851040521147
3006004,0.25445863242869493
3006003,4.8447251063052805
3006002,50.58452910153368
3006001,2.4557318690878325
3006000,4797.521593815486
3005999,175.03693265739597
3005984,1.134457033941402
3005998,799.4947117513049
3005996,13.575897048470273
3005995,345.9750588693329
3005994,815.3309985890376
3005993,7.913047225788802
3005992,218.43473189294934
3005991,4.067955951473198
3005990,28.27625864053889
3005989,3.461203175783531
3005988,320.3871331831891
3005987,0.6849530293128288
3005986,29.265086780304152
3005997,11.233280999070233
3005900,258.55815570258017
3005956,18.870166489383006
3005954,0.45069276806729525
3005925,8.123141508149342
3005924,6.762204234549241
3005923,8.178766806177746
3005922,178.68297316589982
3005921,0.3351753109360264
3005920,27.053761623134744
3005919,25.698653340037325
3005918,0.9158985110726856
3005917,18.632031607715817
3005916,3294.4078867226112
3005915,105.52023308588608
3005926,94.59213072914795
3005914,123.94900402369495
3005912,582.4379038035493
3005911,841.2960592405441
3005910,16.871172579742165
3005909,392.50276826850387
3005908,0.10776161688985066
3005907,2009.9595916215221
3005906,5.403322041781489
3005905,0.15050645500542453
3005904,4.889322675624559
3005903,104.18575775901311
3005902,100.33761923473544
3005913,231.38635460187916
3005955,290.19931182444446
3005927,5.131231347797543
3005929,207.66419961967804
3005953,42.41283207026695
3005952,42.18585276707498
3005951,1.060493257113432
3005950,46.82655707054974
3005949,5979.883881241099
3005948,150.1759865385908
3005947,139.4571139274268
3005946,426.3207601497505
3005945,981.6452963781655
3005944,1422.3895269010334
3005943,25.30863187958349
3005928,331.5256847299005
3005942,562.6500754652336
3005940,3884.2287922780774
3005939,9.896122005705404
3005938,0.09540938745591082
3005937,8.855481985009751
3005936,21.431178656722825
3005935,0.48185702285663845
3005934,1402.9360468306193
3005933,82.75333257471539
3005932,269.3827023124266
3005931,7.5779660414432595
3005930,4.297207163296726
3005941,0.1343771536438282
3006010,1331.2091928513807
3005342,1.1894358317807687
3005340,775.0929303177543
3004753,0.0
3004752,911.4528608167906
3004751,2.702645189849555
3004750,0.053088800979264696
3004749,1.900144278038026
3004748,6.0282454166175965
3004747,9.349047697030146
3004746,327.25127222670136
3004745,36.9142540364026
3004744,318.28142919422606
3004743,4.155258410896269
3004742,1.0973295142609065
3004741,259.6421320768787
3004740,202.59600733903125
3004739,1.5399504938952502
3004738,51.26472986794558
3004737,3.32225080802744
3004736,0.45242159255617453
3004735,1.666013381319043
3004734,254.56487665853805
3004733,0.15224108013430857
3004732,11.265979349017028
3004731,17.681368325451178
3004754,98.27522732154061
3004755,2.2501788772257534
3004756,248.65667321371743
3004757,209.56492332429607
3004781,1.9459906194139331
3004780,11.916614536052078
3004779,99.22933735438568
3004778,25.943194246896788
3004777,64.59713022224031
3004776,3.0442302369531173
3004775,2.283272191242569
3004774,63.905281816655005
3004773,1.4003204361715769
3004772,1.195271706101321
3004771,26.618244182237486
3004730,0.5721481219245059
3004770,2.478480492014331
3004768,2.444785725909065
3004767,40.75068218994977
3004766,0.11215355319108239
3004765,4.655384142848981
3004764,8.265343871474505
3004763,0.48478484890008006
3004762,4.993405928986196
3004761,2017.8034735259862
3004760,2.6071806040950447
3004759,28.051651201272417
3004758,132.20051644593636
3004769,2.2925116381182162
3004729,7.3120616313907245
3004728,3869.8696115397897
3004727,45.91878247672457
3004698,14.876084693990364
3004697,0.3316334793417068
3004696,3.3884985552972315
3004695,2145.0762030186306
3004694,26.75982211846337
3004693,83.9103348633744
3004692,167.89486056300535
3004691,222.13997878504085
3004690,653.0681779190196
3004689,4.496552897913939
3004688,144.14538413791954
3004699,8.049430070261952
3004687,0.0
3004685,0.3779332167222673
3004684,0.07659500727460092
3004683,3.423376546530484
3004682,3.436300544496338
3004681,8.355094499298191
3004680,443.72847909964446
3004679,39.22087859004411
3004678,138.77294960709511
3004677,3.8408793432962254
3004676,0.8885018833594143
3004675,176.1689220134839
3004686,1278.144315724257
3004782,4.404049634486105
3004700,0.09163045771487109
3004702,0.33834303673191574
3004726,122.99616899255493
3004725,389.2112606776054
3004724,525.2921081566503
3004723,974.3431723735232
3004722,6.299630827040103
3004721,299.7538521060076
3004720,0.06921720776663774
3004719,2571.7932746700253
3004718,1.7555906749354686
3004717,0.14071885492971606
3004716,4.347700097169863
3004701,159.47602556928848
3004715,1.398387623672559
3004713,111.23759836808702
3004712,25.812017786591834
3004711,97.87778776199585
3004710,2.831229967463361
3004709,0.6771657782752336
3004708,138.45170198302932
3004707,95.24385153656154
3004706,0.8996558315933554
3004705,34.93917693856729
3004704,2.4298039246320253
3004703,0.1797938225888472
3004714,0.1465790070153652
3004783,0.16157836676298776
3004784,0.9179924353011282
3004785,1728.1635960811477
3004865,0.1507813433489098
3004864,16.751627788889817
3004863,20.616828556015538
3004862,0.5291872730310196
3004861,10.325587944380528
3004860,4168.272322021285
3004859,35.40871835712165
3004858,104.37124711752388
3004857,393.5395126389762
3004856,652.2570988748871
3004855,1083.0560067495257
3004866,261.0632645222074
3004854,7.553534319624173
3004852,0.0
3004851,2723.3986056093613
3004850,4.279398935623902
3004849,0.2605319817078922
3004848,5.269838383415426
3004847,48.97145527945614
3004846,0.31881462659132376
3004845,2633.305995432317
3004844,111.58463187999976
3004843,613.1908738798501
3004842,10.094891426465121
3004853,470.98923489082114
3004841,9.397678426530398
3004867,5.236038263786381
3004869,3.257936811623942
3004893,3222.4905869372687
3004892,49.23672018988706
3004891,144.49414709253196
3004890,282.43213400193395
3004889,475.9000748853852
3004888,870.0632954617414
3004887,7.595261327486506
3004886,361.76090265936756
3004885,0.087611751679426
3004884,1932.6908155390472
3004883,1.941091764187
3004868,4.055184550603098
3004882,0.22749433058523785
3004880,8.173474395265677
3004879,23.10599573916976
3004878,601.8571215106117
3004877,64.86562421262174
3004876,373.99573874296533
3004875,5.917742113745558
3004874,3.164660717689168
3004873,285.02859297939506
3004872,201.9650112510445
3004871,2.2070218079177724
3004870,50.44435090325899
3004881,5.671784236252815
3004673,1.2291750277101037
3004840,222.94406008608826
3004838,7.496702208077103
3004809,3.9695110593219596
3004808,0.8819701016907016
3004807,176.03978371852443
3004806,129.27184631004056
3004805,1.3392549388070107
3004804,34.57420420448288
3004803,3.295217239625466
3004802,0.2143977031740956
3004801,2.8683471762818855
3004800,166.75713207605628
3004799,0.1337435345239599
3004810,131.63128656184273
3004798,10.783202511810359
3004796,0.5830735454776859
3004795,7.046601661334549
3004794,3089.7615024776674
3004793,39.15498902272838
3004792,58.174075187548965
3004791,276.3340608586325
3004790,319.48841013810375
3004789,760.3310939198843
3004788,6.120991013027072
3004787,159.96602124281284
3004786,0.054759248702389206
3004797,13.864768046197263
3004839,601.2576908118851
3004811,30.686604918636434
3004813,0.22833095614520085
3004837,123.55346498710655
3004836,9.383667253780942
3004835,17.609514621845868
3004834,16.75947805140077
3004833,230.68271306144274
3004832,0.3082289198496347
3004831,24.828720161723776
3004830,24.53437324167735
3004829,1.0724922509383386
3004828,26.590095702770352
3004827,3957.908614374364
3004812,269.98390894436153
3004826,152.5005412912827
3004824,262.79480077383647
3004823,878.6079360233499
3004822,869.5468502933651
3004821,13.636539906184987
3004820,495.4271611663075
3004819,0.09936631635856327
3004818,2808.122544055936
3004817,6.492528630634682
3004816,0.0918520866780387
3004815,4.0375478867179835
3004814,2.710389410982627
3004825,192.39374035898695
3004894,7.2195869773316765
3004672,31.028957001713636
3004670,0.2441736216433231
3004529,73.09076935872837
3004528,143.14956612450638
3004527,435.2465365540179
3004526,645.2086366134998
3004525,1560.1586217470715
3004524,11.876553008532284
3004523,565.4532992442436
3004522,0.11963306888353818
3004521,3407.276213310711
3004520,4.899899255101771
3004519,0.22869258312765894
3004518,6.030476425518862
3004517,2.075055124871944
3004516,5.905102469281266
3004515,160.4364408793552
3004514,12.728365217453133
3004513,132.83148625729316
3004512,3.000815020516442
3004511,0.654216151286922
3004510,140.08004889610027
3004509,125.32891672340672
3004508,0.6881603856064271
3004507,18.0255331722615
3004530,5639.822984186246
3004531,18.157180885963513
3004532,0.8012740428535472
3004533,30.27753942600169
3004557,5.94965070028555
3004556,149.77857447532944
3004555,0.041504310942387386
3004554,1462.6482484562398
3004553,1.523892157832413
3004552,0.12660921018354998
3004551,3.824266558206409
3004550,7.429974917016093
3004549,10.767374857948418
3004548,1110.019967714685
3004547,86.93085383093226
3004506,1.4713625324628286
3004546,415.7978821487465
3004544,2.6369314096558765
3004543,370.7807478088279
3004542,440.5975333671707
3004541,2.491221519847753
3004540,56.32899432601715
3004539,6.431887124565209
3004538,2.734493882147556
3004537,7.379892060719607
3004536,334.27911448120346
3004535,0.30347390893004916
3004534,23.28401579668027
3004545,7.818073342293829
3004505,0.033761555840269825
3004504,1.7907230266072114
3004503,147.7033873483228
3004474,122.12081083321898
3004473,4.624361026755111
3004472,18.141066672534052
3004471,15.800319613999104
3004470,195.6696684780119
3004469,0.28780862843974714
3004468,20.992876344597082
3004467,18.140391761969227
3004466,1.160861033740399
3004465,23.82358179467694
3004464,3147.2506457762997
3004475,7.357349997594476
3004463,135.23281287638505
3004461,191.98443309837697
3004460,772.0044225057919
3004459,685.4588797942118
3004458,14.173656492474336
3004457,415.0742469558471
3004456,0.08894793287439931
3004455,2379.6000545992297
3004454,4.492802693156934
3004453,0.08150491342219887
3004452,3.659914775577458
3005341,0.2540497923826876
3004462,142.31385533604302
3004558,675.2438507922943
3004476,496.7300196944171
3004478,8.908092330574416
3004502,0.08545524108444685
3004501,8.568650964559257
3004500,7.825676797911102
3004499,0.3453539954952586
3004498,3.2490762239016533
3004497,2504.472534622961
3004496,20.62050536542835
3004495,29.897063066270206
3004494,203.7512884713089
3004493,211.9950876614345
3004492,610.9487988953056
3004477,168.16135918285008
3004491,3.3756786855520033
3004489,0.0
3004488,1030.2149603485004
3004487,0.572934626752553
3004486,0.07386841991160037
3004485,2.362651206061559
3004484,46.071175201404415
3004483,0.3046930576778564
3004482,2467.3507332711083
3004481,88.54721785879944
3004480,485.5489197023903
3004479,11.422919672699244
3004490,93.69620227162692
3004559,294.8853513997218
3004560,208.334971246481
3004561,49.00320484365296
3004641,155.1169764203085
3004640,1.1845019571507822
3004639,31.56916199355073
3004638,3.1706201823707607
3004637,0.14336147660636842
3004636,0.618970011351381
3004635,200.0379675326375
3004634,0.0940348773261655
3004633,17.527516226617486
3004632,12.584800414716543
3004631,0.4502048151751644
3004642,197.21769041821716
3004630,5.1392383661341166
3004628,31.73922521378104
3004627,45.85829945523288
3004626,231.33992878985933
3004625,340.9326514988037
3004624,860.1756104950476
3004623,5.658565033134096
3004622,170.26845420232186
3004621,0.017852633667246605
3004620,1477.692829149534
3004619,1.7917853809475233
3004618,0.09022128598783374
3004629,2720.9282183096257
3004617,3.6191524129807338
3004643,0.6262987856493838
3004645,113.77971288364753
3004669,5.013592179668777
3004668,197.44713731551283
3004667,0.14169989244298642
3004666,11.051226363373072
3004665,16.642548953167143
3004664,0.6038464637849366
3004663,7.127443934863921
3004662,2948.5068005240732
3004661,40.92549795927595
3004660,59.04721204545657
3004659,274.4122623893715
3004644,3.322581573560665
3004658,298.9951286055033
3004656,5.635681137396897
3004655,163.20674332240304
3004654,0.056371408777741
3004653,1668.492901600492
3004652,0.898710971500517
3004651,0.27963485501216634
3004650,3.701296411562935
3004649,2.2718723743423537
3004648,0.16636126330730214
3004647,256.47784829576904
3004646,34.3573513027043
3004657,751.9261648252776
3004671,3.1356916900898195
3004616,1.555681223984216
3004614,186.68078305943584
3004585,0.10676804079666209
3004584,3.7183964596875816
3004583,1.6786356862150456
3004582,9.323281123588373
3004581,196.79114528706293
3004580,22.90708999377705
3004579,135.09973821140852
3004578,3.368458409050074
3004577,0.7540933067959212
3004576,154.19851809399105
3004575,122.40384868752804
3004586,0.6536266378924824
3004574,0.96924987566324
3004572,4.3300760479058065
3004571,0.16168970282356476
3004570,1.2555641916320477
3004569,153.82252031701412
3004568,0.11552770345929327
3004567,9.377876220333347
3004566,11.942709458606368
3004565,0.5082877389128853
3004564,4.9714589206020126
3004563,2631.1500132431815
3004562,26.767316829650074
3004573,42.830430434389065
3004615,5.458272619773218
3004587,1440.8575079824184
3004589,147.0425419812387
3004613,21.795651979222907
3004612,115.37996396608855
3004611,3.235686893080092
3004610,0.7187854645806855
3004609,154.99486304860665
3004608,117.76181282976138
3004607,0.9093980316411383
3004606,39.627991567368625
3004605,2.6633104640359995
3004604,0.1633604059967467
3004603,1.328566923109574
3004588,0.03207646299739069
3004602,139.63480756997885
3004600,13.36971429047331
3004599,11.819111695718307
3004598,0.49741041777560646
3004597,4.908845938043126
3004596,2552.082403297232
3004595,25.726038430577432
3004594,47.339075544334264
3004593,196.73023587107136
3004592,272.5392327570765
3004591,660.4034595654982
3004590,5.573376673472809
3004601,0.1171320179930383
3004895,0.653655257817664
3004674,139.74351331632934
3004897,21.563597739913675
3005199,25.979430438410105
3005198,46.572537268557284
3005197,30.555051654243517
3005196,404.3815442062659
3005195,1.3019436488003984
3005194,49.709483121629845
3005193,53.45620969210827
3005192,2.77814703065849
3005191,79.27791298825468
3005190,6958.651913326726
3005189,398.95148443614886
3005188,440.76549194401736
3005187,410.14555272363657
3005186,2090.115490841788
3005185,1717.5784109135734
3005184,32.48797882935441
3005183,1137.0091595196816
3005182,0.3944750311597939
3005181,6908.775930173372
3005180,10.140719293893342
3005179,0.40475387969099325
3005178,7.530154807514746
3005177,2.3651166736756064
3005200,305.30539197131804
3005201,17.259038412443985
3005202,1014.5905812563684
3005203,443.0163965431616
3005227,8.593712247333512
3005226,9.02740149962218
3005225,0.31172491122678997
3005224,2.5018333578578504
3005223,1644.356644712255
3005222,24.294892313505486
3005221,84.35403196736269
3005220,123.7474299652799
3005219,190.4902722001947
3005218,458.53801264055267
3005217,3.7701288848251897
3005176,0.9810000997750423
3005216,124.54411982165078
3005214,1042.7149887912706
3005213,0.33295074817609865
3005212,0.023090269262885772
3005211,2.4436216615757935
3005210,140.98439017432983
3005209,0.9476018116345191
3005208,7468.489882855535
3005207,375.1956585785197
3005206,1227.7938425158557
3005205,20.139377620005853
3005204,17.060060051089444
3005215,0.0
3005175,1074.3094858370753
3005174,60.21354444171494
3005173,238.41248270439448
3005144,2.7590426778340866
3005143,1.0862588131812618
3005142,308.69160404779797
3005141,87.86712826446211
3005140,249.8917964434977
3005139,4.810505919060239
3005138,2.9901786493248066
3005137,240.90639592026156
3005136,179.85937725555783
3005135,1.488129896319835
3005134,101.98186177604342
3005145,4.317778643560831
3005133,3.916109885074209
3005131,0.3060893738011768
3005130,229.40981426414095
3005129,0.293328817746914
3005128,20.699244367045967
3005127,24.42807625451186
3005126,0.8257680799687004
3005125,6.670875806749477
3005124,4198.195385607938
3005123,41.43495279112323
3005122,164.18677734875698
3005121,318.6644088425735
3005132,3.0419799896738784
3005228,0.10429969182986337
3005146,0.17510036305061671
3005148,2276.8497285973754
3005172,4.484548869640993
3005171,2.921408622924396
3005170,211.9654114708398
3005169,60.01841195597636
3005168,1.6411000308971047
3005167,106.07449813570928
3005166,3.0906727073864353
3005165,2.730361817359633
3005164,0.2809678799380827
3005163,211.46129877475735
3005162,0.2839115832280822
3005147,2.3799015605320015
3005161,11.417978116530154
3005159,0.6938763925426792
3005158,5.763253644663145
3005157,3264.872898331482
3005156,45.68684911970996
3005155,138.96388732583162
3005154,263.1055479193972
3005153,544.0185724428266
3005152,827.2450492171818
3005151,8.296696200496335
3005150,470.90645130327493
3005149,0.10771391432947315
3005160,21.510386412921648
3005229,107.70175608004324
3005230,0.35228006941407697
3005231,0.2898325252182867
3005311,0.1575708877161669
3005310,5.262100356556199
3005309,0.8333375232635813
3005308,0.11860330034069458
3005307,169.46527577448063
3005306,10.771038137188665
3005305,71.78307765266636
3005304,1.7591934007946874
3005303,0.592658041238928
3005302,88.01854424163211
3005301,55.74172356835421
3005312,0.5906543004899016
3005300,0.4762802461343803
3005298,1.5682611667436532
3005297,0.17854848896526018
3005296,0.19520071534121183
3005295,87.06266374401552
3005294,0.06395254387730927
3005293,4.574672788335828
3005292,7.729499122677851
3005291,0.26769670326975303
3005290,1.736006884321251
3005289,1553.9126283249866
3005288,17.864253913656746
3005299,40.33281063627039
3005287,88.59331970127509
3005313,1618.9356772884137
3005315,246.04080998059914
3004896,22.58625600812266
3005338,186.7784437880478
3005337,3.4813995838361445
3005336,0.9098242624962922
3005335,198.3495065009887
3005334,193.01939115086495
3005333,1.0332391637981462
3005332,58.58098625859442
3005331,5.258662983333193
3005330,0.23953451786044533
3005329,0.35953814381696636
3005314,0.0519853453207509
3005328,184.6276323174584
3005326,10.115866106099173
3005325,23.855742517878152
3005324,0.6006454780967017
3005323,3.867936238431568
3005322,2987.7822631999093
3005321,43.80915673561565
3005320,130.61020685902812
3005319,224.5033589160602
3005318,348.52070790779214
3005317,812.2192945948372
3005316,5.660268766047141
3005327,0.16282295651443202
3005120,671.0678302104646
3005286,101.30832706660217
3005284,437.481266391796
3005255,54.15880608130482
3005254,190.69915121715243
3005253,293.584384490581
3005252,585.4807884653334
3005251,1134.5704852105978
3005250,7.902729712824053
3005249,436.65604385384125
3005248,0.056263545089825215
3005247,2417.2039026622087
3005246,2.1520654171890725
3005245,0.2071393740829372
3005256,3877.3040893724674
3005244,5.913800255738299
3005242,0.14966378875105163
3005241,139.4761275984641
3005240,15.848058319200838
3005239,90.61728522186968
3005238,2.3572946580927026
3005237,0.8476018765398059
3005236,95.60628867873795
3005235,65.54469830327282
3005234,0.6852670192863581
3005233,44.69502827098731
3005232,2.0258844702532453
3005243,1.3342856900908142
3005285,141.11924119008054
3005257,7.868027766414455
3005259,19.62664435573883
3005283,3.3136430387998415
3005282,90.75654959764732
3005281,0.0
3005280,785.9374528910635
3005279,0.15862534841362216
3005278,0.0
3005277,1.81531758615459
3005276,4.520150633153627
3005275,0.8052941422262061
3005274,693.5170864817995
3005273,59.14650107281256
3005258,0.5341349175999988
3005272,213.12915738342633
3005270,2.271884395677529
3005269,260.7828867050762
3005268,242.01544612707357
3005267,1.7312371078402276
3005266,40.30175733476323
3005265,5.777934105912185
3005264,2.2087052594119183
3005263,1.8772107670317602
3005262,223.61528437421197
3005261,0.23722323932161418
3005260,12.022464118227333
3005271,5.702650370650772
3005119,1040.297876122999
3005339,32.913322855705815
3005117,568.707656915203
3004977,1017.9632243158776
3004976,38.48404930182316
3004975,307.8112750464962
3004974,4.8553547375001305
3004973,3.4836533409753834
3004972,139.4563475935167
3004971,416.30723981035925
3004970,3.291552581145651
3004969,73.49699057622132
3004968,4.1296112039383885
3004967,3.3837957231658295
3004978,0.2661872569215835
3004966,6.515291966502997
3004964,0.09918417471079186
3004963,16.64127973830383
3004962,10.872312412540554
3004961,0.45182570489772717
3004960,17.094729317100818
3004959,2173.496139781552
3004958,64.07330072782433
3004957,66.47594486191961
3004956,166.27205727193626
3004955,412.56268824739306
3004954,449.289125937856
3004965,118.33335952639355
3004953,10.845583386854178
3004979,16.619250351795365
3004981,0.079434665125921
3005005,284.5216464609563
3005004,660.6546912726383
3005003,9.965496474666356
3005002,186.80723179258447
3005001,7.523591536785917
3005000,27.11515843120247
3004999,7.8741762069801275
3004998,222.30765626058943
3004997,0.2311512870278953
3004996,46.94008321708301
3004995,26.65646353230111
3004980,3.501024494166357
3004994,1.184511599274742
3004992,3695.6044025924934
3004991,193.41736060405756
3004990,275.58970431225265
3004989,301.31975838134
3004988,1261.0927709152415
3004987,924.8356912230744
3004986,17.095265894187737
3004985,809.4229868683623
3004984,0.16407667980734367
3004983,3608.35499093756
3004982,4.567041302650574
3004993,23.709822409367565
3005006,13.863234099997568
3004952,245.52418121308307
3004950,1353.936695163653
3004921,591.3440961367966
3004920,5.22295214290865
3004919,140.58328917875042
3004918,0.10105273714098191
3004917,1213.2067198532989
3004916,0.7706691723244885
3004915,0.22344651667979795
3004914,3.465611595213555
3004913,3.4116541059899284
3004912,0.7150392078814656
3004911,580.6461780198971
3004922,245.32806449063645
3004910,79.05720158314402
3004908,7.517657898818248
3004907,2.098617706529643
3004906,228.01530647814457
3004905,39.50911374036243
3004904,1.8847264886071038
3004903,65.12870954931758
3004902,4.907979370758895
3004901,1.8997745638544767
3004900,2.2916424310622205
3004899,218.6250251726309
3005118,9.600465340753285
3004909,229.62693309127036
3004951,0.017250394849532825
3004923,176.80458029393347
3004925,32.592073861212086
3004949,2.6883628044861787
3004948,0.03364013421414531
3004947,3.130630414948337
3004946,1.1520048203669968
3004945,8.825219818565438
3004944,326.55196047418247
3004943,26.842986125185714
3004942,135.10781620124484
3004941,3.733346509642524
3004940,0.9912874807415559
3004939,120.89326873224849
3004924,73.91855424082738
3004938,53.937682281878345
3004936,38.71735900243577
3004935,2.8520104037074763
3004934,0.6200759459575178
3004933,0.8312607325551702
3004932,140.1628560899998
3004931,0.17941607123845102
3004930,17.94051805627118
3004929,10.714947159489933
3004928,0.544665837171229
3004927,3.9689956134333135
3004926,1844.4500334922773
3004937,1.7280539504718457
3005007,9.800045550594245
3004898,0.2500041761268168
3005009,120.34178433031416
3005088,262.02638909778614
3005087,843.0454057532943
3005086,761.4063495696605
3005085,13.2643837333821
3005084,552.0783034112643
3005083,0.09811093891274295
3005082,2788.3115277394677
3005081,4.845874560442845
3005080,0.10340089315444284
3005079,4.20642363605717
3005078,4.953926433773278
3005077,0.2609948119640418
3005076,611.4591850105816
3005075,17.173779444229005
3005074,172.2874952668794
3005073,2.9796226687095873
3005072,2.7756192761579834
3005071,110.66586072881513
3005070,292.1227647851811
3005069,1.7114574484087606
3005068,43.32536891210375
3005067,1.6902264851872935
3005066,3.362444304741209
3005090,138.84073742041392
3005091,3253.08557604706
3005092,23.353657166337925
3005093,1.2089215214352391
3005008,738.0913241036618
3005116,0.12005145745027038
3005115,2888.027919801561
3005114,1.1817282200501613
3005113,0.20894034429221797
3005112,5.529539240608866
3005111,29.90813300880941
3005110,0.4132100275374124
3005109,3126.008206914817
3005108,84.49895066473294
3005107,487.4962088047759
3005065,1.7110489706443004
3005106,8.278121554773655
3005104,208.72476507133376
3005103,416.52987105805954
3005102,5.512287220403927
3005101,190.92085598780633
3005100,4.951364745758561
3005099,23.916411355072253
3005098,6.395369211409547
3005097,190.62396995804852
3005096,0.23320899928331681
3005095,25.734844552747262
3005094,20.54680239654837
3005105,8.727069595595411
3005064,78.63546817691716
3005089,189.88201135943217
3005062,6.522528050502232
3005034,3.746588372949077
3005033,16.95471283392361
3005032,0.7280790625544327
3005031,102.26946278219427
3005030,0.1455233954304171
3005029,17.928462598327574
3005028,9.677652943573323
3005027,0.7619667818337135
3005026,11.314743328224028
3005025,2360.9056569762174
3005023,123.11361883583233
3005035,135.09980898654786
3005022,162.80248466409924
3005020,452.0644340827702
3005019,7.227929363473178
3005018,351.72067859162695
3005017,0.05159745081830108
3005016,2259.1714036909943
3005015,4.171917408039458
3005014,0.05496195587833194
3005013,2.1633049152288337
3005012,47.02944933070942
3005011,0.5550811259494308
3005063,0.1462186925542909
3005021,547.6714989529155
3005036,4.469488582547567
3005024,86.26959838501493
3005010,3618.816691118729
3005037,312.7562862634801
3005060,0.4278609899787814
3005059,4.666836272180828
3005058,1374.3859068276938
3005057,31.5040013126086
3005056,52.385581633636285
3005055,98.02375544047895
3005054,249.99605858290982
3005053,348.8220290408169
3005052,7.345054505274707
3005051,206.97229161816625
3005050,0.012647288787619566
3005061,8.29273447337394
3005048,1.3656440182695868
3005049,922.7073661840558
3005039,4.908463748640642
3005040,4.516907511073952
3005041,278.9707451347835
3005042,43.87142100950756
3005038,115.48555796373512
3005044,0.2774218162053601
3005045,8.432265420322635
3005046,2.5923796988114463
3005047,0.0074675786990738725
3005043,905.1116099789283
3007419,2711.146811499854
3007427,634.8716118838931
3007426,0.15905799138224347
3007425,2961.6356270831902
3007424,7.142082122491397
3007423,0.12209455636647151
3007422,6.085291222883949
3007428,14.644252443814292
3007421,10.136309628404245
3007420,0.7832926637293232
3007418,82.67175017030635
3007412,9.322696500830485
3007416,13.840747273599824
3007415,9.951476065543275
3007414,363.1958642267948
3007413,262.76420252489396
3007411,170.7172795641334
3007410,7.40849209571371
3007409,20.42550947139983
3007408,13.626848234898569
3007407,276.8282098625238
3007406,0.401233591135183
3007429,1006.8346673096761
3007417,246.5894238836463
3007430,813.2431546297295
3007456,0.1254437536532348
3007432,103.14014051388963
3007405,23.438439316563922
3007455,5.963271035242485
3007454,13.215202645797746
3007453,0.7288717992932006
3007452,2725.2194407790994
3007451,31.488359828742766
3007450,122.03648447429924
3007449,11.899005929738674
3007448,11.140786666616917
3007447,275.0782477541017
3007446,103.99008958382827
3007431,224.91787422313104
3007445,9.76091580505222
3007443,7.702442075050881
3007442,27.824217886229388
3007441,19.201593725433067
3007440,238.01667843736803
3007439,0.352726216263835
3007438,25.612003122436196
3007437,22.0421402869055
3007436,1.305430025126082
3007435,28.400695007442142
3007434,3432.2356864035632
3007433,43.16525022538761
3007444,135.76864892931658
3007404,32.14744214094846
3007350,13.53179686517053
3007402,28.240290641108903
3007373,0.2526563548267827
3007372,27.087540590069562
3007371,25.483801887412238
3007370,1.019786866061331
3007369,9.842966630634956
3007368,4915.75964842382
3007367,122.91829835707611
3007366,181.7402159371938
3007365,293.7472033514433
3007364,604.8187549905558
3007363,1547.5777509694756
3007374,310.51374497928487
3007362,11.643087490101587
3007360,0.10493925196557297
3007359,3181.429136841568
3007358,2.613267818090159
3007357,0.16414705605181235
3007356,6.441525856678016
3007355,30.900883743860078
3007354,0.5602059580390384
3007353,3493.731887169107
3007352,127.50456759461227
3007351,621.7274977368351
3007568,1.8709785665016367
3007361,412.1337710953631
3007403,1.3672079518217717
3007375,1.355714156293554
3007377,6.726740727242952
3007401,4568.695162306921
3007400,135.29202706877433
3007399,152.96327327841715
3007398,287.30792797439153
3007397,850.8175927179458
3007396,1341.9397174851658
3007395,18.58188562988933
3007394,610.2428990923185
3007393,0.1616234635366785
3007392,3137.1259384564246
3007391,8.18909216238564
3007376,0.7018626518563873
3007390,0.18874399505145997
3007388,5.2251770062912595
3007387,0.3197192595836488
3007386,833.4912410703074
3007385,50.38419889347136
3007384,178.03303592454992
3007383,5.857975618257676
3007382,1.4044433762535329
3007381,361.87040350960353
3007380,179.74698955557182
3007379,1.7034977112899554
3007378,116.4641546365758
3007389,7.475225792154381
3007457,2.626366623358228
3007512,1382.2092977963619
3007459,0.07874087563280346
3007540,43.466391991341034
3007539,701.8753776744392
3007538,1.098630447045997
3007537,79.80163514898932
3007536,81.04559636777245
3007535,1.985129955765537
3007534,114.79531782592312
3007533,12019.492101053911
3007532,648.4549649067454
3007531,642.6876883498651
3007530,893.6805262425131
3007541,44.12434366603259
3007529,2899.294256863903
3007527,34.91869995213411
3007526,1619.480968603383
3007525,0.21452763642477785
3007524,11449.23349402964
3007523,21.594383898037044
3007522,0.19948033542460494
3007521,21.595832543703423
3007520,137.42309207466562
3007519,168.98333047164783
3007518,14247.074730124023
3007517,616.4065318847242
3007528,2998.405803612007
3007516,1931.40231423527
3007542,17.563478927363587
3007544,16.977332036868617
3007349,11.391294144955587
3007567,79.44927215201888
3007566,11113.83728357989
3007565,474.1138624552617
3007564,371.7581520984935
3007563,936.8762849975138
3007562,2277.984146421382
3007561,2852.528310289641
3007560,30.501059298773523
3007559,1182.3891398883593
3007558,0.17754949669562411
3007543,464.72068071181843
3007557,8611.0595875311
3007555,0.14726014670253287
3007554,19.35525713514894
3007553,103.72285688116557
3007552,141.27655208661466
3007551,9357.12925940099
3007550,471.1790110420788
3007549,1760.0356841987775
3007548,43.47385618579856
3007547,30.061591191853587
3007546,901.2221998037674
3007545,1380.3455516119247
3007556,22.022790229949067
3007458,4572.865542926143
3007515,42.74193376878742
3007513,898.9160019916426
3007483,188.6358883279332
3007482,5.522011836080177
3007481,2.494573913631721
3007480,308.6482839638107
3007479,201.2703724036655
3007478,2.5377342655762303
3007477,147.51916595902878
3007476,3.098321381035392
3007475,2.608359413225281
3007474,0.6450870431494378
3007473,271.0190588173815
3007484,54.59682849421221
3007472,0.2521762322962556
3007470,25.065764850351208
3007469,0.8760505351189336
3007468,6.279548186390073
3007467,5303.969142504071
3007466,99.6180347340056
3007465,175.01068591900383
3007464,283.14062132193635
3007463,702.1674583539086
3007462,1394.5650311497984
3007461,9.596130449502935
3007460,532.5642542788444
3007471,19.095810029726458
3007514,35.29685570884964
3007485,298.701769608088
3007487,1.1256268875234388
3007511,21.49675307221168
3007510,596.5828764383544
3007509,30.33266152177276
3007508,46.33414166612334
3007507,48.942304466515814
3007506,695.0877806313607
3007505,1.4522559925144836
3007504,94.99700749290218
3007503,106.59245867046393
3007502,3.2718917928735998
3007501,125.8665978930121
3007486,1.0186008272078038
3007500,13599.323656130438
3007498,848.13644001894
3007497,848.4851486667072
3007496,3602.528896641279
3007495,3312.2110737791913
3007494,38.57599926189477
3007493,1879.1189201665532
3007492,0.2563501895467179
3007491,13879.58343893851
3007490,22.5537346924067
3007489,0.24607949444787397
3007488,25.276320657918706
3007499,803.6423462006951
3007348,317.62557317892214
3007238,1.7368243400434658
3007346,9.054066678682037
3007204,9.006710871543621
3007203,3955.81279687253
3007202,152.0073209504299
3007201,181.40271027825733
3007200,260.5914473012012
3007199,745.0122523521236
3007198,1070.7174862173981
3007197,10.192753633780965
3007196,583.4910421219273
3007195,0.08563843928877223
3007194,3085.4514115958946
3007193,1.4312916463484995
3007192,0.12674412687869066
3007191,5.811272999570418
3007190,1.733581044635573
3007189,0.2494028762696611
3007188,117.37558219002607
3007187,20.717213840580207
3007186,67.47276706893675
3007185,2.1927138045190757
3007184,0.7466019102379651
3007183,127.52514921616603
3007182,93.71186939793613
3007205,0.8188139178631151
3007206,27.152397297891614
3007207,19.79050714843342
3007208,0.32233395896193356
3007232,1027.2355680422527
3007231,1166.802177640491
3007230,18.52878649676883
3007229,716.4769730644504
3007228,0.15364916368142034
3007227,3534.0321889210336
3007226,8.374526495149869
3007225,0.1297819386517401
3007224,6.044429461012951
3007223,1.5201038139410596
3007222,1.1500773754604183
3007181,0.8902443036447134
3007221,1618.3620707869477
3007219,154.7408865475931
3007218,5.705936386777924
3007217,3.5659287596928335
3007216,315.41203267453966
3007215,205.25728503129304
3007214,2.1955997754824956
3007213,178.49763657342461
3007212,3.719627764606048
3007211,9.053310380487458
3007210,0.5890945740351448
3007209,255.06794244949128
3007220,52.4583610231445
3007180,94.9370464390898
3007179,1.6968449264966563
3007178,0.26166711647564217
3007149,187.67735978124045
3007148,2.6097707802267194
3007147,109.72069326207851
3007146,6.112936018405759
3007145,4.236910038890855
3007144,3.7470476052178725
3007143,270.88628319399487
3007142,0.3743012628308475
3007141,27.12302254799795
3007140,31.33776466859927
3007139,1.2032866228887968
3007150,321.02589941857855
3007138,8.509735283009952
3007136,118.86437782947007
3007135,159.1034741281579
3007134,256.75777297884895
3007133,735.6249525641623
3007132,1110.2267625378431
3007131,9.737637772833976
3007130,603.0884583577175
3007129,0.09004261922927974
3007128,2795.7335959771963
3007127,3.1407893006432275
3007570,65.55756415060368
3007137,4200.109837642467
3007233,228.05626738907046
3007151,3.769360116087001
3007153,189.3656251340357
3007177,0.2530787990231489
3007176,123.36744614702155
3007175,0.14269032131064163
3007174,6.1300980923837916
3007173,7.456293159732708
3007172,0.4934818217575379
3007171,2.9331447658976577
3007170,2070.047855490437
3007169,65.94272474089607
3007168,105.70041242476698
3007167,108.76988492130877
3007152,6.485740232195928
3007166,212.6623352302976
3007164,4.009428533768552
3007163,133.80001646273485
3007162,0.014610471975336223
3007161,1398.1422570695388
3007160,0.4422749835007953
3007159,0.0396646874939944
3007158,3.139766017726095
3007157,7.247311548358724
3007156,1.349139159779213
3007155,205.86739448710358
3007154,37.266565650541565
3007165,606.3009225393445
3007234,154.8251860200602
3007235,164.08426946518617
3007236,4564.404864692536
3007317,10.586534046597269
3007316,5.667101910399085
3007315,386.0516130796536
3007314,231.69358660556634
3007313,4.079989915608184
3007312,123.50187810536062
3007311,10.816488017297498
3007310,12.546353747275605
3007309,10.400303788161924
3007308,353.0532026266986
3007307,0.3965630629829505
3007318,257.1343738157446
3007306,29.536774925270418
3007304,1.3961954939705068
3007303,27.791041645754692
3007302,5749.024192499485
3007301,150.4202229858239
3007300,253.68274150673466
3007299,291.02453928204255
3007298,910.0287531867508
3007297,1606.0816705870686
3007296,12.591040141043841
3007295,727.268949427274
3007294,0.12395365928815767
3007305,34.14077177284568
3007293,4108.7590287721005
3007319,68.27834397030942
3007321,16.745758783973343
3007345,176.1569795378991
3007344,4.93290477058097
3007343,21.27560338620081
3007342,25.12882325016715
3007341,289.8231082513612
3007340,0.37583513238453303
3007339,24.010967318286365
3007338,26.43203372724017
3007337,1.3819421081223013
3007336,29.741517305134607
3007335,4547.183775598027
3007320,1012.6519518648759
3007334,213.86802351592772
3007332,296.64169888502545
3007331,1170.2684259558546
3007330,1128.7675213712696
3007329,16.010444755378952
3007328,550.1916354831299
3007327,0.12345454741180784
3007326,3704.763023688719
3007325,7.422859170219564
3007324,0.08444760488892994
3007323,6.012222410533198
3007322,12.79615802553119
3007333,189.9327178108353
3007347,516.997710116103
3007292,6.783178608669601
3007290,8.053536802007455
3007261,0.08780281559138699
3007260,3231.5685230632607
3007259,10.049724768356999
3007258,0.10745009860079263
3007257,8.531316222283534
3007256,18.2727023565304
3007255,0.8467031731825259
3007254,2981.4586979199976
3007253,126.28703574623938
3007252,258.0761431905066
3007251,13.054521897691835
3007262,553.9390023588597
3007250,13.835278966029993
3007248,224.59517552748764
3007247,10.9403319527488
3007246,182.87876847754308
3007245,5.672810360667975
3007244,28.92997110057378
3007243,18.596708257835108
3007242,276.94164809747264
3007241,0.3493990544807263
3007240,26.050778234525144
3007239,29.81400788634304
3007237,47.76883034754266
3007249,306.29923375096735
3007291,0.1580614319795769
3007263,18.69320982955583
3007265,941.3004900300324
3007289,19.52694878182635
3007288,0.8097218446978554
3007287,2719.6456325234353
3007286,119.41447490392261
3007285,278.1854981569887
3007284,14.171979947348536
3007283,10.253381312936106
3007282,372.7805144834824
3007281,309.93423990905717
3007280,9.81202073466909
3007279,161.7275926773634
3007264,1319.7637429688032
3007278,7.800501269002659
3007276,22.675097718053642
3007275,299.2119606699513
3007274,0.3201503131669329
3007273,32.533812914321516
3007272,36.57881384452014
3007271,1.6763884125279627
3007270,32.3936711854113
3007269,4759.416744595081
3007268,184.88236191883303
3007267,190.49888756620592
3007266,267.2050863695402
3007277,19.02164109097462
3007571,1.003440171726766
3007126,0.15074196563246423
3007573,46.20122329953481
3007875,84.50874742994117
3007874,1.400952437293438
3007873,48.04051847411411
3007872,3.5851989603012075
3007871,0.2970416609663082
3007870,0.5851416633793332
3007869,218.2484857761309
3007868,0.1980592398175361
3007867,11.636504085837844
3007866,16.561774285189486
3007865,0.5798259105121475
3007864,6.849663003588295
3007863,3698.9858643078614
3007862,58.13440395407584
3007861,80.41987440910098
3007860,208.79317729421564
3007859,305.98838525007494
3007858,1281.8652048067393
3007857,6.132505858006947
3007856,252.6475141092622
3007855,0.06972231077330836
3007854,2222.800127838959
3007853,0.625557631466785
3007876,230.77735538764432
3007877,0.7053368159172433
3007878,3.566333181911336
3007879,81.2971286219889
3007903,29.691968551663074
3007902,309.78501029006514
3007901,0.4068647743736827
3007900,36.754793285088574
3007899,30.92359174766134
3007898,1.4165616668825578
3007897,40.643192862617546
3007896,5438.355931717149
3007895,266.392734386727
3007894,266.0009238846365
3007893,385.2100121675456
3007852,0.10288168100073421
3007892,1303.2074453425867
3007890,19.519169493969535
3007889,672.1472166230366
3007888,0.10714251037209348
3007887,4291.379528728812
3007886,9.461930533696144
3007885,0.10877677862558811
3007884,7.292640809950472
3007883,2.53012031096753
3007882,0.23158521452918818
3007881,198.12891424846367
3007880,48.37643874829407
3007891,1397.7156124823916
3007851,5.846517305199288
3007850,4.688578005044498
3007849,1.1110570548432541
3007820,7.44736559914093
3007819,0.14550924562795714
3007818,7.505956123407801
3007817,5.349153572942035
3007816,2.6694039566388517
3007815,3911.5635888152306
3007814,60.58390727567107
3007813,127.56491950349738
3007812,14.967665577527839
3007811,10.2695877974541
3007810,521.767538392875
3007821,2671.442223650347
3007809,163.40727304176207
3007807,260.46903527829056
3007806,3.837090806889596
3007805,33.56800271728457
3007804,4.771828171850846
3007803,339.9722868972837
3007802,0.8426140181702129
3007801,27.3200876596014
3007800,26.588262832335822
3007799,2.1321931907075964
3007798,17.897394502115805
3007797,4755.341014712399
3007808,7.497095910387763
3007904,21.249454994984124
3007822,0.20966984666378577
3007824,11.807946692184876
3007848,1807.6024716402653
3007847,150.85601823246904
3007846,329.59735483922674
3007845,8.950062568585055
3007844,6.317861499071484
3007843,330.16211837099917
3007842,316.77109987357795
3007841,5.561898661179146
3007840,180.95588625212446
3007839,4.544261361322193
3007838,8.555680401830767
3007823,637.2223883316345
3007837,5.029351020348648
3007835,0.444527869271372
3007834,33.19033068255029
3007833,15.309630017728335
3007832,1.3847248020794325
3007831,14.784873139904299
3007830,3480.104704704407
3007829,266.91818018445286
3007828,176.3929635305148
3007827,294.518956055808
3007826,790.891332568402
3007825,1033.4915460825553
3007836,239.28255263739962
3007905,13.06672214559049
3007906,196.6235330315024
3007907,10.16814779783929
3007987,0.10227912203348902
3007986,4287.020909882028
3007985,8.834890839426118
3007984,0.16712737497870053
3007983,11.09770148309234
3007982,49.85682761947823
3007981,0.893123713763001
3007980,5114.163753327798
3007979,246.65813535929317
3007978,838.032282279178
3007977,18.77036634468273
3007988,748.190965046978
3007976,14.336403457511729
3007974,654.0956284196624
3007973,12.351090519190118
3007972,278.58097922039946
3007971,16.651624115444235
3007970,33.04525801522941
3007969,29.64437703626678
3007968,380.2573677234875
3007967,0.5918751682152716
3007966,44.50569625866386
3007965,43.86260943937774
3007964,2.283267614799409
3007975,436.9238312665271
3007963,47.40519670576805
3007989,15.571408423475273
3007991,1184.5787263905113
3008015,20.123981861454304
3008014,22.42460932360936
3008013,1283.3517377418586
3008012,88.13780321854901
3008011,476.03661549459423
3008010,12.671177299269244
3008009,5.8252367293670515
3008008,538.944227343262
3008007,438.0886356347846
3008006,4.380878108947272
3008005,124.2136804355138
3007990,1943.921065219695
3008004,11.418787806774457
3008002,13.93535802659423
3008001,442.8878869180476
3008000,0.49940468651118086
3007999,36.59172164243163
3007998,41.753775631204505
3007997,1.5771897023590218
3007996,16.957167928407106
3007995,6563.734320966573
3007994,158.51838956836178
3007993,240.01764321594538
3007992,565.6063185331399
3008003,7.352370197210901
3007796,57.090097052052855
3007962,5920.724575996218
3007960,370.9848725917912
3007931,1.8760886809543287
3007930,44.72049943789487
3007929,4730.847771880907
3007928,328.4854280809435
3007927,331.251248697701
3007926,274.27780096199973
3007925,1480.1249582406138
3007924,1210.0000172955506
3007923,20.728712198430724
3007922,740.2606354793766
3007921,0.08312416990256656
3007932,30.51077285893695
3007920,4650.3699173269015
3007918,0.0807736773731763
3007917,5.910188386288026
3007916,36.552353238295446
3007915,0.5993801595761161
3007914,3822.245392312278
3007913,158.49337244426437
3007912,700.2533751144111
3007911,15.03116180880954
3007910,12.16743494512449
3007909,391.55910541825205
3007908,600.5885033316146
3007919,7.747844194401646
3007961,337.88222970514653
3007933,33.51039444700815
3007935,301.1213826866836
3007959,392.1244076727953
3007958,1657.5115392204905
3007957,1545.860850952731
3007956,23.014432599650995
3007955,873.0353718245668
3007954,0.14064819442373014
3007953,5190.144493673838
3007952,11.39729484549343
3007951,0.14642784990732344
3007950,8.586025645812791
3007949,49.10958505765862
3007934,0.4847907025256045
3007948,0.5681212010403263
3007946,218.63887717251816
3007945,764.4948510177337
3007944,16.43660236505021
3007943,11.272503300412742
3007942,284.60340462126806
3007941,623.5208850493309
3007940,12.145710664540522
3007939,277.4687274342395
3007938,12.632504292549935
3007937,34.7849565801126
3007936,21.031484452444584
3007947,5692.396845530402
3007572,685.9984843879926
3007795,73.03132772522927
3007793,1134.7138065936967
3007652,50.89459937438737
3007651,122.03011266839387
3007650,4043.625976290059
3007649,220.2145337129212
3007648,1310.9582183172326
3007647,34.69488320649899
3007646,24.639315812426382
3007645,881.4838314858482
3007644,1211.4471406548587
3007643,11.075128198465922
3007642,253.68539269702597
3007641,8.508013972670078
3007640,22.147046958679955
3007639,41.26802077049964
3007638,651.7835081797704
3007637,0.8144054951008444
3007636,53.907969313518954
3007635,59.207360281839776
3007634,1.3894089477880502
3007633,69.05246540616953
3007632,10296.399317005767
3007631,375.4841007355402
3007630,290.37677455453144
3007653,16.754909559060494
3007654,0.16202937828503294
3007655,18.160097958799646
3007656,9776.303861570677
3007680,34.781972811189725
3007679,25.611753990911605
3007678,725.9461267156717
3007677,1087.2848603801006
3007676,16.755911563798655
3007675,402.6556590894871
3007674,13.709443082331907
3007673,44.16961258066117
3007672,29.87258368232114
3007671,616.5059610595646
3007670,0.8639618706821572
3007629,826.1774022194719
3007669,61.60928315828951
3007667,1.923137775281715
3007666,96.80404370767377
3007665,9692.079528720184
3007664,543.0487662983966
3007663,567.8274600178438
3007662,683.0477006592431
3007661,2481.2141244456375
3007660,2545.531117745931
3007659,33.53995915687312
3007658,1443.608743431861
3007657,0.20855705611102288
3007668,70.87349420454343
3007628,1944.3883912383192
3007627,2603.3058197495557
3007626,30.666717821186165
3007597,510.64793877311473
3007596,895.7451205428755
3007595,2664.3526526477235
3007594,2934.3409146225126
3007593,33.347670772766385
3007592,1521.950160662112
3007591,0.2711321424568752
3007590,10276.85370092537
3007589,23.644073705945672
3007588,0.17473230921764016
3007587,20.606613975820387
3007598,509.2451307872849
3007586,75.40815984823406
3007584,5225.459773926969
3007583,290.9265673998556
3007582,1522.4956600694627
3007581,37.43436455721109
3007580,27.73733081343183
3007579,926.8369162729748
3007578,1317.63030858321
3007577,13.513525630989122
3007576,296.23039716620576
3007575,10.469366950567697
3007574,31.606543740792162
3007585,127.93629572735148
3007681,1313.3825729334594
3007599,12040.007827383573
3007601,2.099424299046318
3007625,1011.7494485040686
3007624,0.16016901156668453
3007623,7199.109089899312
3007622,19.823733987784802
3007621,0.12630804014205607
3007620,18.263438039347136
3007619,86.91373827351377
3007618,138.76553071195852
3007617,7590.858673530312
3007616,365.93747932732964
3007615,1648.3975101566066
3007600,92.73435689112381
3007614,34.97930851205144
3007612,977.318053553557
3007611,1292.1089000058146
3007610,15.362201398147167
3007609,364.89172725643317
3007608,13.356328308606578
3007607,37.55027231712507
3007606,48.7119712482547
3007605,708.0957136746476
3007604,1.1865815459619484
3007603,75.72000327306341
3007602,67.98992663289042
3007613,29.080687460141284
3007682,393.83763980941416
3007683,9262.888410246484
3007684,74.6688605857575
3007764,6879.917355598427
3007763,348.88093370797816
3007762,400.77794755339664
3007761,417.7730838022112
3007760,1701.6973487791638
3007759,1723.695055706966
3007758,17.99257142938935
3007757,1096.820512366287
3007756,0.20539921812623324
3007755,6209.972537630467
3007754,11.124268799849226
3007765,37.87740476972169
3007753,0.16446242520591317
3007751,30.635750985682137
3007750,106.89098159662174
3007749,2976.307958713551
3007748,149.78991826065362
3007747,811.1129514470515
3007746,21.56537618687188
3007745,12.670152786556322
3007744,599.4600929558777
3007743,821.9414369230508
3007742,8.519733551371633
3007741,211.5068527449402
3007752,10.384354702378856
3007740,5.316714141902712
3007766,1.5191975008817442
3007768,33.450365339851466
3007792,1671.600256607336
3007791,9.28017662355298
3007790,1322.9383565088172
3007789,0.36103749594333673
3007788,4193.8908315483895
3007787,8.283887623784342
3007786,0.2766232179639184
3007785,5.974955840197391
3007784,45.92729331782526
3007783,3.4380330442800497
3007782,5791.895896984635
3007767,39.22619485852384
3007781,223.57073317201917
3007779,18.467605363597585
3007778,17.74061653416088
3007777,445.3453912707934
3007776,765.8756260504539
3007775,9.903917513715255
3007774,334.33002175692894
3007773,5.402216238584381
3007772,36.62862802038064
3007771,5.060482049771264
3007770,404.0352665857211
3007769,0.8620439908646413
3007780,830.814573291249
3007794,496.78078657336135
3007739,12.853557311358117
3007737,401.5329524871634
3007708,139.19191116504925
3007707,9.462725663057418
3007706,7.264355225843589
3007705,10.759358069243142
3007704,226.0522743261544
3007703,0.38598345019900376
3007702,32.196662524388934
3007701,30.442276504283193
3007700,1.1218907440041672
3007699,21.09133433807679
3007698,3922.759656762144
3007709,6.046217689595113
3007697,130.25020121888534
3007695,258.9395920870426
3007694,759.1861777666726
3007693,1085.3437763730656
3007692,18.880211420206766
3007691,498.37516802984055
3007690,0.09716976964040032
3007689,2599.9916505454357
3007688,8.11226945381471
3007687,0.1394195837499209
3007686,7.367838443659741
3007685,94.64169949815053
3007696,152.12734903415165
3007738,30.24988339830772
3007710,238.76728552923336
3007712,5.132743583768009
3007736,0.6285342404722878
3007735,54.93223281460902
3007734,52.39457357429456
3007733,1.4405759543875547
3007732,60.77944774429634
3007731,7351.119890288343
3007730,229.18335101079182
3007729,220.95346297466548
3007728,538.9924831233212
3007727,1393.9880554194256
3007726,1833.541336704081
3007711,295.6897589065329
3007725,31.09900789757588
3007723,0.16956414237610465
3007722,5516.366835336455
3007721,14.051844844762588
3007720,0.13223634350439373
3007719,15.288977911084409
3007718,12.986552239149377
3007717,0.6847091830178444
3007716,1778.5327514831404
3007715,100.38052406157367
3007714,258.41736077129536
3007713,9.487539481495714
3007724,791.1835491156719
3007125,6.430959398414344
3007569,57.92950288071193
3007123,0.29444277426980364
3006536,262.6543703960295
3006535,0.0048453853153762804
3006534,1727.3151278137052
3006533,4.748805277800068
3006532,0.10673799645050028
3006531,3.9318578738930725
3006530,8.355893065316168
3006529,13.93240798666056
3006528,352.98410221634697
3006527,45.18199867039499
3006526,371.737217451585
3006525,5.745075121116282
3006524,1.3632644500785953
3006523,375.3188211240855
3006522,256.9403778530102
3006521,1.881063484809351
3006520,79.62173950591036
3006519,7.0815873252139845
3006518,0.5867226762768543
3006517,2.7577050110314865
3006516,340.3991690228941
3006515,0.24225748004594788
3006514,22.402969979764503
3006537,4.6626910610298005
3006538,572.4586508089452
3006539,376.2070206061621
3006540,124.9113633001023
3006564,6.615941222753435
3006563,8.24126557386709
3006562,26.980851207405113
3006561,276.55161950684504
3006560,5.038947629599073
3006559,36.54910400160059
3006558,4.957574033748549
3006557,3.361962790386589
3006556,131.53917900074634
3006555,5.011443738398515
3006554,2.189413186710606
3006513,22.292686589906896
3006553,37.19780851516878
3006551,3.557222567230948
3006550,4.466339419815293
3006549,88.34525365921957
3006548,0.2408521294751409
3006547,12.113986444321451
3006546,10.997135241228102
3006545,0.8554676802477303
3006544,7.1923692995410935
3006543,2855.4415646339608
3006542,68.16765896412545
3006541,65.33806624337873
3006552,3.9115980443178247
3006512,0.8356264125314925
3006511,9.14836682117453
3006510,4628.566772946636
3006481,10.786728737670101
3006480,14.81015872878777
3006479,0.49193099543353935
3006478,4.188223827060817
3006477,2766.9076407057987
3006476,64.68243546365088
3006475,117.78125560869111
3006474,186.02423660549962
3006473,311.72586706841753
3006472,891.5091128910641
3006471,5.976175250029533
3006482,0.16570640636425688
3006470,197.99593905097956
3006468,1736.2479333500555
3006467,0.7264230407664676
3006466,0.09831356247883949
3006465,5.055990492088308
3006464,4.792961824769428
3006463,7.180268087464057
3006462,502.28474770035405
3006461,33.4380739806894
3006460,156.86529113901653
3006459,4.628510144024196
3006458,1.0773268522625319
3006469,0.011713255296127701
3006565,0.16921894215911393
3006483,216.38617236192667
3006485,0.20912515000816284
3006509,141.597298653166
3006508,166.8171764698529
3006507,435.5818677129848
3006506,733.706461895567
3006505,1383.9476549781375
3006504,8.185103652564374
3006503,389.11721304954915
3006502,0.10026540187175421
3006501,3555.3476369958894
3006500,2.484704463679375
3006499,0.16491766623811643
3006484,0.7772047865772713
3006498,6.349846751988031
3006496,0.21581880497736514
3006495,129.75294744134496
3006494,31.465232170228134
3006493,128.31681946638466
3006492,3.8711012310201216
3006491,0.8338826499829428
3006490,202.95668646657154
3006489,119.6604008656094
3006488,1.2320516739729777
3006487,55.83106947775331
3006486,3.3301642138779606
3006497,1.6887074411170597
3006566,2.6832136293470654
3006567,2536.541503408084
3006568,0.08316646636031316
3006648,412.15048593510807
3006647,0.2892354075740146
3006646,17.55078366464985
3006645,30.77142362990127
3006644,0.930454649278297
3006643,14.98804051583733
3006642,5760.765197327407
3006641,148.43934337592384
3006640,171.61671193610275
3006639,513.9335598706356
3006638,1055.4939766844159
3006649,9.081110859970304
3006637,1705.0705871909954
3006635,691.3874273758468
3006634,0.051387080334945975
3006633,4230.952005983196
3006632,6.906218597598418
3006631,0.32563739002374265
3006630,9.81176828720045
3006629,33.88850837614072
3006628,0.6302811470593248
3006627,3615.7755700422995
3006626,146.91524947641003
3006625,631.5344285975073
3006636,11.203847367461869
3006624,14.419478364653935
3006650,6.064454753965018
3006652,95.36889360154936
3006676,9.838109486342445
3006675,4310.127863813025
3006674,109.32442565065303
3006673,212.72390279095865
3006672,357.1696620613159
3006671,759.8643124052161
3006670,1266.1225773366734
3006669,10.382955767095805
3006668,572.4635745074187
3006667,0.1387637090906883
3006666,2808.9687787160096
3006651,5.388608982142847
3006665,5.608519322449918
3006663,9.784012306075278
3006662,17.191350764776118
3006661,24.711678362120704
3006660,879.109017067419
3006659,59.599214699942785
3006658,423.15774023579553
3006657,9.276134289087409
3006656,4.5169489994860195
3006655,463.09632765430507
3006654,266.814788038116
3006653,3.383705309077702
3006664,0.27657879306047867
3006457,212.12270537262563
3006623,12.208834156959465
3006621,549.7224106874132
3006592,161.97880954706702
3006591,5.430939524289699
3006590,1.0974292894904183
3006589,249.53156923382272
3006588,171.91349905285784
3006587,1.710027502124714
3006586,57.61414830640373
3006585,4.569023056455318
3006584,0.3260537514692571
3006583,4.264623068756332
3006582,237.47569415933444
3006593,38.10276800661389
3006581,0.20926259797533817
3006579,21.716135159975508
3006578,0.839353221937269
3006577,8.574317138163606
3006576,3846.9245779822695
3006575,84.31481037400721
3006574,87.4921043957191
3006573,310.3970441323658
3006572,487.604581791996
3006571,1118.6629627150353
3006570,8.102101636878167
3006569,216.66109032938112
3006580,20.37625755572058
3006622,343.02905602039755
3006594,374.37298109838844
3006596,5.09111993668004
3006620,9.861360698891678
3006619,193.56773493526194
3006618,10.776680555405848
3006617,23.49418779543216
3006616,26.507707620660433
3006615,297.93735970694905
3006614,0.4409276009775594
3006613,28.51204945283853
3006612,30.695698127899462
3006611,1.5897872182762138
3006610,35.59021444663456
3006595,10.176238175676598
3006609,4876.775584155859
3006607,267.50466726288124
3006606,320.0124766802408
3006605,1238.8498419434159
3006604,1264.9598111665484
3006603,17.754566822009075
3006602,669.4920856501872
3006601,0.12089475260101631
3006600,4043.341557393825
3006599,8.215907253862937
3006598,0.11604132796165016
3006597,6.736573705938172
3006608,226.71673013404316
3006456,152.88595955531616
3006455,1.4294083263110164
3006454,51.43972882857302
3006313,22.42339084806669
3006312,7081.40493710829
3006311,178.68382011578677
3006310,215.5531172144597
3006309,534.3799977147604
3006308,969.9624061142056
3006307,2150.6929608392293
3006306,15.245052252080871
3006305,733.3641871007353
3006304,0.13653167596024265
3006303,4631.330202749499
3006314,1.1751221409588055
3006302,7.097253624925225
3006300,9.864356304245769
3006299,2.932962600627924
3006298,6.052509515299548
3006297,228.3722937971434
3006296,16.830154242513007
3006295,179.11581549655912
3006294,4.32130732011615
3006293,0.8613017005759436
3006292,198.1463715906188
3006291,167.8466966001804
3006290,1.0310171732436366
3006301,0.2186185922351724
3006289,29.2288660433877
3006315,37.777195974186085
3006317,0.41091089047022383
3006341,391.4719171147541
3006340,836.4678687576126
3006339,7.230698085171177
3006338,192.5087002133874
3006337,0.05717847172938449
3006336,1883.1867160576417
3006335,1.0162458357531814
3006334,0.1208977553483695
3006333,5.181519754200316
3006332,13.601986550247505
3006331,19.230824667792632
3006316,30.7134479686191
3006330,1026.80320249357
3006328,460.6357183807945
3006327,10.919207632674087
3006326,3.525072324601221
3006325,541.9957682715676
3006324,487.9301116175644
3006323,3.3884258502347455
3006322,92.43719657286688
3006321,8.82692862948277
3006320,3.8359147914593557
3006319,10.691485465916594
3006318,445.119343535855
3006329,74.6143088601505
3006342,211.90443130214373
3006288,2.4889719297806217
3006286,2.9307437959466185
3006257,7.265175513695635
3006256,182.1863932284874
3006255,4.328677847071775
3006254,16.035333610206386
3006253,15.206294899585064
3006252,210.1743967124007
3006251,0.3583266071951414
3006250,13.132973727793505
3006249,20.96485272062783
3006248,1.1727758892177267
3006247,20.82793915795289
3006258,223.23746327281714
3006246,2756.499783129869
3006244,120.61981915482818
3006243,137.45106308043947
3006242,707.0223638931043
3006241,708.7809364297784
3006240,12.349961232855142
3006239,359.05464348729004
3006238,0.11598155352908747
3006237,2411.274554396484
3006236,4.252072855760011
3006235,0.11114940282411907
3006234,3.5656321344049644
3006245,112.08643105585223
3006287,0.1875065080463123
3006259,162.6081137432672
3006261,10.530433282274691
3006285,198.6527408323282
3006284,0.17587640790540113
3006283,11.933239806838188
3006282,12.844303159079962
3006281,0.6124038398648952
3006280,4.558421226181193
3006279,3091.973422179105
3006278,60.93687779050696
3006277,48.13710598086546
3006276,228.0302761798176
3006275,313.5674843003807
3006260,8.737955858251238
3006274,914.2614736640026
3006272,135.29642257651398
3006271,0.023118943253394468
3006270,1575.3000272093598
3006269,1.0913700259704324
3006268,0.11673984712707826
3006267,3.9364165946917895
3006266,20.387691424539
3006265,0.30711130921059704
3006264,1914.0263012189225
3006263,88.77122867805399
3006262,234.73794785248455
3006273,5.212317037782854
3006677,0.9577609030815917
3006343,67.90343763269802
3006345,2943.507866330416
3006425,0.7977486240726961
3006424,251.25739469820056
3006423,173.72768114330336
3006422,1.3927525794585107
3006421,29.49086917664809
3006420,3.7218020584717983
3006419,0.17534327718971407
3006418,0.90597662202308
3006417,247.8749138489259
3006416,0.1598771619168785
3006415,12.355950708017144
3006426,4.034563399195831
3006414,14.569613003609355
3006412,5.5639272176019325
3006411,2817.269120000133
3006410,74.31341513401848
3006409,60.59253497187838
3006408,224.7315629807942
3006407,407.9386014742333
3006406,975.1914211754566
3006405,6.688185660818336
3006404,191.4358862960176
3006403,0.02903263027184775
3006402,1714.3439693588991
3006413,0.5831216599113245
3006401,2.0488300438074702
3006427,125.99567466359706
3006429,314.0549060789775
3006453,5.689468154136946
3006452,0.29018661679798213
3006451,3.9778606864745933
3006450,241.86209675268734
3006449,0.21806619366158705
3006448,19.86802044811356
3006447,20.805803767794256
3006446,0.7730252995369917
3006445,7.918186306365017
3006444,3290.964420208905
3006443,79.18237174816169
3006428,39.04290531584294
3006442,76.32265470724697
3006440,397.93212921243673
3006439,912.5378274135527
3006438,7.084872456371519
3006437,184.92175200371648
3006436,0.08742996016384354
3006435,2020.5362247072305
3006434,1.210066027465602
3006433,3.0990231036501505
3006432,4.916674957310978
3006431,4.43889899291988
3006430,5.587633798486594
3006441,261.5351063649158
3006344,74.55390470864397
3006400,0.07088489538880732
3006398,3.6024114126425113
3006369,1874.784317167552
3006368,1.9632306744496302
3006367,0.11281417518496727
3006366,5.109866650469326
3006365,3.8086046262238895
3006364,5.758715123731164
3006363,259.0808861037788
3006362,26.70993217977796
3006361,140.27538871095095
3006360,4.281064051948253
3006359,0.9339940773760391
3006370,0.0586988703548048
3006358,203.53932540072202
3006356,1.2065599265002338
3006355,69.85056164603142
3006354,5.7787794198574645
3006353,0.19555933333789577
3006352,1.8891552884241705
3006351,200.4513578609335
3006350,0.1899277083496878
3006349,16.991865131299335
3006348,18.514532408723696
3006347,0.6798257935380718
3006346,5.868364737528289
3006357,140.73187338901334
3006399,4.6446569649970275
3006371,184.68808937316658
3006373,826.7603575859972
3006397,6.447366285568892
3006396,248.39901552134867
3006395,26.149059287748553
3006394,137.4316807313487
3006393,4.174762422751946
3006392,0.8950650435186982
3006391,203.07921365571798
3006390,139.0889879773749
3006389,1.1621444615865442
3006388,63.81587726924498
3006387,3.469537821014093
3006372,7.065023780282974
3006386,0.19727874667786086
3006384,200.40850297330644
3006383,0.19163902247545217
3006382,16.47669628012593
3006381,15.038679352780559
3006380,0.6677113911335497
3006379,5.796347361668057
3006378,2905.057428527406
3006377,71.10360374924552
3006376,65.76752995648798
3006375,201.5516088743974
3006374,369.8588826536447
3006385,1.9826645880043765
3006678,31.902627997728416
3007124,2.6972250400971
3007122,725.9260259006046
3006981,28.45986256636906
3006980,55.072644521095995
3006979,44.789256606166326
3006978,532.9707902471396
3006977,1.4186415894029425
3006976,60.37533910133876
3006975,65.56754104084483
3006974,3.240630306924907
3006973,95.71614216027307
3006972,8349.163941577082
3006971,593.9079107346683
3006970,615.0957146164001
3006969,521.523679152167
3006968,2594.0533515270113
3006967,2205.160680065967
3006966,36.824024031514284
3006965,1348.1344920504068
3006964,0.3630967945081028
3006963,8731.817833638628
3006962,15.277007087627375
3006961,0.37660788711325305
3006960,11.852616725817773
3006959,6.424174492737507
3006982,431.79413451117597
3006983,20.161924452214397
3006984,973.663537289272
3006985,628.1712794049695
3007009,7.603015032427736
3007008,10.761322328736735
3007007,0.4492589785276979
3007006,2.9418181360153035
3007005,1860.2411230951293
3007004,56.77225925742079
3007003,106.63595795801136
3007002,119.6941204289663
3007001,256.3427358656736
3007000,568.1015968643325
3006999,4.725696153855844
3006958,1.3903859992774317
3006998,158.2501593300133
3006996,1310.0491913796632
3006995,0.4616435259560449
3006994,0.030512647016173542
3006993,3.106015555008347
3006992,97.7860997119585
3006991,1.286732842681165
3006990,9345.076110425629
3006989,461.90815198717365
3006988,1441.6022118752428
3006987,26.8530982808703
3006986,21.0106266797322
3006997,0.011823951497116604
3006957,1292.659626923723
3006956,51.40720951767448
3006955,81.36032712102632
3006926,7.4893598012565725
3006925,1.4950919069607007
3006924,1016.0462116412591
3006923,54.148459265109274
3006922,246.3621917079688
3006921,6.2845220047425014
3006920,3.805934553792321
3006919,367.9195708568466
3006918,211.97850662382436
3006917,2.073244326345298
3006916,206.1972787684581
3006927,6.87163125889219
3006915,5.404212901076215
3006913,0.8239016273553965
3006912,327.0297123562926
3006911,0.39283369708679616
3006910,25.049519165082703
3006909,22.57778152027335
3006908,1.1143883636870653
3006907,8.489452114063578
3006906,5192.977518628688
3006905,142.34736469513476
3006904,230.2436504377004
3006903,362.0974933146524
3006914,3.774828862286692
3007011,128.37395169946112
3006928,0.18724202165346845
3006930,3101.0677582576527
3006954,5.937343484642594
3006953,3.765327873734135
3006952,308.30145655375907
3006951,76.21498132384262
3006950,2.291349982780381
3006949,179.8119042418791
3006948,4.132458003347914
3006947,3.446105710040958
3006946,0.6849691644184561
3006945,286.83961831955946
3006944,0.39505266620976587
3006929,1.7209643299819666
3006943,24.158945266057597
3006941,0.9791834064883442
3006940,7.351853953320459
3006939,4081.2603316942527
3006938,128.66908814520593
3006937,189.4349110664792
3006936,285.6110988124145
3006935,785.4667172353761
3006934,1070.3902552001841
3006933,10.056649369782336
3006932,657.347927322095
3006931,0.13529482151632846
3006942,28.36578431384177
3006902,989.137410164038
3007012,0.5337575259485356
3007014,2.4961676210886963
3007093,0.14519010866930024
3007092,6.918199187735957
3007091,0.9108277754642935
3007090,0.17687908739698938
3007089,210.3384246293548
3007088,12.306150095325444
3007087,77.68717078656147
3007086,2.256741630660691
3007085,0.7236702534083301
3007084,118.44947150905291
3007083,75.99072273288466
3007082,0.718732819199581
3007081,70.6926762212268
3007080,1.9674204755468252
3007079,0.1891449093395024
3007078,0.35559795166391345
3007077,108.88823966126964
3007076,0.12632755877122198
3007075,5.624498680653628
3007074,9.238988929894473
3007073,0.40061442268820896
3007072,2.07977006749332
3007071,1757.930099415936
3007094,0.9249178963667903
3007095,2187.1807302038483
3007096,0.08139342541529199
3007097,306.18245204427944
3007121,41.287859368057475
3007120,225.09957014115878
3007119,4.450968702275014
3007118,1.0496107499919423
3007117,289.5070033184009
3007116,233.62150619804785
3007115,1.3157630201699235
3007114,105.36668907745792
3007113,6.5506805292314825
3007112,0.25033040486567537
3007111,0.69445503076544
3007070,44.154310010848675
3007110,239.04647782453836
3007108,19.52253922630766
3007107,21.894554149354313
3007106,0.7984868051122918
3007105,4.546896026715757
3007104,3659.956612510255
3007103,101.08942595304772
3007102,182.11038815322925
3007101,262.7150742042415
3007100,508.1372315643756
3007099,1171.3304544248706
3007098,7.025518942610985
3007109,0.2294267374628899
3007069,111.98192446693723
3007068,94.36576308328901
3007067,183.32565253086193
3007038,4980.932349340705
3007037,130.43304554135344
3007036,272.1574721459795
3007035,361.3291914521726
3007034,877.8429445680929
3007033,1645.1163107106067
3007032,10.712201952869023
3007031,588.0993159306047
3007030,0.09732570990828422
3007029,3464.083906729084
3007028,3.529359502819646
3007039,10.340429578100812
3007027,0.1846932404717855
3007025,2.3853067051276406
3007024,0.20955773159851493
3007023,152.20181665703063
3007022,18.04528642225821
3007021,96.41528980389258
3007020,2.962694777486838
3007019,0.999585794484628
3007018,127.34473369840353
3007017,89.29201254767842
3007016,0.9620419244561629
3007015,66.03485053027396
3007026,9.138731302558643
3007013,0.3014295089466211
3007040,0.869437356726978
3007042,21.620903476634503
3007066,522.8667149226395
3007065,4.177765622839858
3007064,113.13371773697776
3007063,0.0
3007062,987.5013843425122
3007061,0.2704874818777678
3007060,0.0
3007059,2.356854770088068
3007058,6.661292988086081
3007057,1.1976711451058568
3007056,901.9636080692986
3007041,27.375384356842073
3007055,71.09230300690173
3007053,8.256744457185896
3007052,3.199259928160653
3007051,395.0146387726642
3007050,291.1663696922563
3007049,2.5805793339052125
3007048,78.90380540115721
3007047,7.877213108964142
3007046,3.1434437196740452
3007045,3.12044516569285
3007044,294.25176096857206
3007043,0.35311037920736016
3007054,221.45112625978163
3006901,1363.6911131111085
3007010,0.16904008849662863
3006899,826.5481738007195
3006759,1213.8141525795957
3006758,44.005830496590185
3006757,310.25251383801987
3006756,6.634997395470285
3006755,4.695983563326773
3006754,186.38639963757248
3006753,370.6062551912998
3006752,4.559168254077992
3006751,118.01212848726907
3006750,3.2745649860576522
3006749,4.52629798899882
3006760,0.5564155733610272
3006748,9.456891290053646
3006746,0.21122263382749085
3006745,18.810542870294523
3006744,14.407811003850313
3006743,0.7341005134107441
3006742,21.306457310538462
3006741,2417.1182643747843
3006740,78.69899017227588
3006739,73.07623119665482
3006738,168.98351973924602
3006737,521.0842856859812
3006736,538.2730469388356
3006747,151.10505644348115
3006735,14.13535625506696
3006761,11.64031491097707
3006763,0.09454378853226607
3006787,328.5133693466243
3006786,339.18519802207265
3006785,9.89773433226233
3006784,277.4618976154545
3006783,8.682284515822712
3006782,25.69272090240389
3006781,9.231019067083361
3006780,290.48411918880424
3006779,0.33048605943292436
3006778,40.3324992984322
3006777,31.56639146209345
3006762,5.119851692229714
3006776,1.489807322500826
3006774,4136.126563633571
3006773,167.93170368487966
3006772,180.4367102080721
3006771,312.1920222026607
3006770,1312.041259962535
3006769,1009.899266116045
3006768,17.729367289645708
3006767,857.2279144227439
3006766,0.17717385308776956
3006765,3892.3099955584726
3006764,8.153068337455046
3006775,27.819524847827353
3006788,13.487838190098625
3006734,286.072694798945
3006732,1721.4629784910885
3006703,753.8050599697318
3006702,5.999521615822633
3006701,189.211053551183
3006700,0.11652571664596238
3006699,1579.8514867828878
3006698,0.9354139860194555
3006697,0.1920530767374238
3006696,4.331455500670241
3006695,7.4605997780036475
3006694,1.1112223484723258
3006693,836.376280223259
3006704,324.97908619625537
3006692,76.32598829596229
3006690,7.901193402566836
3006689,2.9958780194645933
3006688,358.4427115958239
3006687,53.78829762661453
3006686,2.7933366001888187
3006685,107.54608821840766
3006684,7.221228898365286
3006683,2.801722747076397
3006682,3.933432661807384
3006681,306.2272160530264
3006900,11.495529172554889
3006691,61.55392952967139
3006733,0.048917885796135985
3006705,169.2929982382637
3006707,74.67636008190017
3006731,4.120643069619983
3006730,0.06871215586123423
3006729,4.691413635761049
3006728,3.383971612870199
3006727,12.561558987232782
3006726,410.60029786249123
3006725,27.63251443884038
3006724,59.34142464209628
3006723,4.202125911677736
3006722,1.1789456260391393
3006721,159.7198405736024
3006706,94.58638819999848
3006720,54.33869236159193
3006718,61.830569921207235
3006717,3.1205163178913065
3006716,0.6302437550270235
3006715,1.0667599042776463
3006714,178.60964271150985
3006713,0.26325398578413484
3006712,20.442810312945912
3006711,23.123240516223742
3006710,0.690986126492442
3006709,4.340983735650842
3006708,2053.5724871816014
3006719,1.9656461255567943
3006789,11.170602127719677
3006680,0.4011329681010769
3006679,26.990810658913276
3006870,329.348589297512
3006869,1210.9159926914074
3006868,1055.924549795997
3006867,18.115301539463236
3006866,740.5135306739708
3006865,0.1376603316153106
3006864,3945.840194963599
3006863,8.042814647429477
3006862,0.13529446565993794
3006861,6.906121225359449
3006860,3.5569645012030007
3006790,477.53641553098703
3006859,0.5415651004943558
3006857,21.417347174270862
3006856,149.47946351791305
3006855,5.029532066279312
3006854,3.742183085494119
3006853,145.06716334735935
3006852,172.48280384388528
3006851,2.5709512306973474
3006850,85.00278494979403
3006849,2.5140838215886556
3006848,4.554231876543777
3006847,2.49867445605542
3006858,754.3924229342267
3006846,96.32173189632233
3006872,208.05102995392664
3006874,32.32313690878195
3006898,0.1377683420432998
3006897,3892.8067390792585
3006896,3.7511998326719613
3006895,0.2106092681522686
3006894,8.71419669768037
3006893,22.262501597479307
3006892,0.7673826010863514
3006891,4309.516627623528
3006890,113.90021541769362
3006889,511.4582637948266
3006888,12.895427354291915
3006873,3989.0179687081686
3006887,11.618912600767453
3006885,392.21007211170377
3006884,7.716735912649657
3006883,358.3777092819873
3006882,7.3266360052162955
3006881,32.51839234583272
3006880,10.616874622246254
3006879,241.47055127185828
3006878,0.38527889330070736
3006877,32.015637584143164
3006876,24.919176909804975
3006875,1.791089452048372
3006886,311.857625674527
3006845,0.25615125933715827
3006871,259.12433367045884
3006843,11.000164628756353
3006814,1.105812256205676
3006813,121.17609683355651
3006812,0.2626271690533877
3006811,18.54006660814682
3006810,12.783663555708724
3006809,1.104430068003611
3006808,13.970727943280366
3006807,2596.516320931986
3006806,106.60873735828451
3006805,95.89607106202082
3006803,694.3684799100151
3006815,19.766134692865656
3006802,554.5074915881343
3006800,436.97229702898863
3006799,0.09229756716964573
3006798,2843.319654867323
3006797,4.4604585836394595
3006796,0.09855624986461348
3006795,3.146593780560579
3006794,25.975061299564086
3006793,0.7661731228544055
3006792,3664.716112170013
3006791,133.12756927484324
3006844,8.595575908478924
3006801,9.434232516275793
3006816,4.667601967421084
3006804,163.27690059030093
3006818,5.60102035046037
3006817,269.9370467971987
3006841,6.189785017667796
3006840,1742.424129236969
3006839,40.01354178736577
3006838,54.160467420234724
3006837,98.65726674098951
3006836,340.59210820458156
3006835,451.2670266283838
3006834,9.349349590468163
3006833,267.89261402224616
3006832,0.03846716398085163
3006831,1303.993738126253
3006842,0.7204396515956504
3006829,0.03307712117115272
3006830,2.193155308144975
3006820,157.17825861168748
3006821,5.973521726853038
3006822,5.664511054776312
3006823,163.71113047322623
3006819,167.18525865110928
3006825,1698.4286205269877
3006826,0.5541296136362845
3006827,4.245785245273917
3006828,3.842648771571289
3006824,50.71861204442138
3009200,89.11761201447129
3009208,0.16351010406924874
3009207,3049.177958481369
3009206,7.427960491639684
3009205,0.12874330882240795
3009204,6.1617084468730905
3009203,11.010821301692529
3009209,671.0297632115916
3009202,0.841600289602257
3009201,2761.0572352430986
3009199,292.5074408088332
3009193,58.96621684600299
3009197,10.289211100092398
3009196,399.47890662207226
3009195,266.5015547761301
3009194,9.01523419278175
3009192,7.6367184594361746
3009191,16.688813339405087
3009190,14.52106773566036
3009189,301.81362218460106
3009188,0.43583170197957743
3009187,24.312803277566726
3009210,11.878623649988098
3009198,14.334703014497993
3009211,1050.4638533374439
3009238,0.14205919928162075
3009213,232.7583771320493
3009237,6.15897981383162
3009236,13.634564357599293
3009235,0.7395359021109829
3009234,2626.1680304142455
3009233,31.341842454763388
3009232,121.96711285206239
3009231,11.995849634564225
3009230,11.126293824969892
3009229,287.55085739797653
3009228,103.39730378088635
3009227,9.297461419416534
3009212,836.5686596150141
3009226,81.61981780275563
3009224,22.974401186233447
3009223,19.434239787275555
3009222,245.66348400740952
3009221,0.3576977637171676
3009220,25.94614577140136
3009219,20.48679009341468
3009218,1.302677960272304
3009217,24.722971941394285
3009216,3534.9476540460223
3009215,37.013294455866344
3009214,104.175076891398
3009225,7.333922517870427
3009186,31.742229533472653
3009132,14.182907761754452
3009184,24.319669301899946
3009155,0.2835859183830783
3009154,17.332691386393368
3009153,23.081011914405515
3009152,1.0596176520308584
3009151,10.40548534307625
3009150,5112.8238111014625
3009149,64.15889036094997
3009148,205.41333829912617
3009147,316.5450264327792
3009146,645.5882001983165
3009145,1629.659181433804
3009156,340.23869587017737
3009144,7.148268823001697
3009142,0.12452975545468699
3009141,3363.584599480141
3009140,2.8257935952237982
3009139,0.18724714494470251
3009138,6.794547451848084
3009137,31.849789465396675
3009136,0.6265668619940672
3009135,3444.395676313196
3009134,136.35633464005386
3009133,651.8378929994552
3009239,2.8525733356214817
3009143,463.94952399058974
3009185,1.4138899829106468
3009157,1.4997318901859678
3009159,6.93646274630792
3009183,4818.839916591005
3009182,121.09894199981937
3009181,163.65894803817378
3009180,310.64374284231457
3009179,936.0416031137531
3009178,1446.8209999198068
3009177,14.935977282543858
3009176,641.1567268689921
3009175,0.18221897453420166
3009174,3369.9835921961435
3009173,9.544235569885744
3009158,0.6907754972868523
3009172,0.21233215929052826
3009170,3.0177116316087105
3009169,0.3628696063608215
3009168,895.1939329012645
3009167,52.156237143859364
3009166,192.3934647513431
3009165,6.086234772943518
3009164,1.4785945465515207
3009163,392.00857777975875
3009162,182.30804659763166
3009161,1.6958229016185453
3009160,15.506193579847015
3009171,7.877285502245661
3009240,4984.533956119117
3009131,11.837667004074387
3009242,619.4631411769263
3009322,50.8033776213537
3009321,805.4208327656231
3009320,1.171117666967806
3009319,87.23803474828914
3009318,81.99113281088525
3009317,2.0593052239540457
3009316,101.49818528676141
3009315,13171.934628824867
3009314,592.8945123517617
3009313,690.1719065958652
3009312,1012.8084976143496
3009311,3276.5740564082053
3009310,3384.090709111521
3009309,28.25129518809353
3009308,1838.5179855646747
3009307,0.2371493941906482
3009306,12692.600236721426
3009305,24.6687375651506
3009304,0.22435854775085895
3009303,22.771073331941437
3009302,140.98483344217854
3009301,176.270471822434
3009300,14302.443608915075
3009323,37.29597808784181
3009324,19.016631318507
3009325,229.49868945394138
3009326,16.528591782390723
3009350,1.9423173719437292
3009349,70.2110347641079
3009348,12179.451824745689
3009347,433.468178551758
3009346,402.3068695164082
3009345,1069.8560421261102
3009344,2619.983180901612
3009343,3224.61040273209
3009342,24.65367859955953
3009341,1352.5842029472356
3009340,0.19948250066578183
3009299,662.1237574132034
3009339,9641.56077661775
3009337,0.1710552692069893
3009336,20.41396246915382
3009335,106.41746314871347
3009334,147.37591102422886
3009333,9530.268399780372
3009332,506.142545152624
3009331,1849.9821823726386
3009330,37.93383422542553
3009329,31.18052607523954
3009328,1035.555536047688
3009327,1465.7074079497636
3009338,25.354789825916384
3009298,2030.101518793188
3009297,55.52505960540881
3009296,36.60438106255754
3009266,55.19722658173031
3009265,193.1295081320265
3009264,5.628711319920588
3009263,2.5264377270845833
3009262,343.91182513026433
3009261,203.11469035847318
3009260,2.395014732495842
3009259,56.26267665704894
3009258,3.0810762409781773
3009257,2.4640681820435546
3009256,0.7133162905773345
3009267,295.22940662588366
3009255,302.1320122831278
3009253,21.191936229510276
3009252,23.92636645325249
3009251,0.8931565187829194
3009250,8.487665681149258
3009249,5742.252798912548
3009248,47.462863630276736
3009247,191.85357921222513
3009246,316.6108149219658
3009245,787.1868701650346
3009244,1494.3258286555144
3009243,7.855312251041472
3009254,0.2697533904263142
3009241,0.09239880575897766
3009268,1.1102256023921702
3009270,26.642988769937997
3009294,1402.5780813369445
3009293,20.935201520632894
3009292,292.7919749744538
3009291,30.766718635987502
3009290,38.24043636546472
3009289,54.949995513455946
3009288,796.040184306204
3009287,1.5369575271196734
3009286,103.83187954391819
3009285,107.83241054089709
3009284,3.3780408463835423
3009269,1.2231595028812254
3009283,111.29811620783755
3009281,724.4418123147001
3009280,910.776413981865
3009279,961.5952918998204
3009278,4071.287767076355
3009277,3707.680412213682
3009276,31.22970871206806
3009275,2133.250654993832
3009274,0.27975093301657794
3009273,15386.858886739075
3009272,25.75862449832486
3009271,0.2719242117998196
3009282,14903.229622792143
3009295,1030.6187240088432
3009130,339.73240370924435
3009128,8.762740997382268
3008987,0.7870130090234304
3008986,10.106416985987167
3008985,4179.493273346402
3008984,64.51135224613654
3008983,192.1455488507027
3008982,278.64165913424443
3008981,800.7081770583151
3008980,1118.7394550806407
3008979,7.948876930431153
3008978,639.488914169867
3008977,0.07040160145214457
3008988,19.25772786759759
3008976,3334.846460950229
3008974,0.11323686869061465
3008973,5.801777939096415
3008972,0.46731494501220555
3008971,0.26429201183208134
3008970,117.29587756993236
3008969,20.47868422125266
3008968,68.12742080389158
3008967,2.2089331977403277
3008966,0.7543341558904886
3008965,124.09407668176661
3008964,94.13116095836689
3008975,1.4122650369228813
3008963,0.8734617285020059
3008989,20.829577243886156
3008991,272.54805228658137
3009015,225.8793121622903
3009014,1011.5000463914794
3009013,1149.1687156691225
3009012,12.688119074247515
3009011,699.843651824863
3009010,0.15808050026351314
3009009,3544.522892075802
3009008,8.289075234648289
3009007,0.13647624119216706
3009006,6.120405977300569
3009005,1.5083740747998253
3008990,0.30554706577947865
3009004,1.1282372434659371
3009002,51.60544437959798
3009001,152.7999429671674
3009000,5.635969930558796
3008999,3.4860961375485724
3008998,335.8238454369568
3008997,201.65099575981722
3008996,2.062272420348064
3008995,69.44094377814808
3008994,3.5758723475278744
3008993,5.923473761629012
3008992,0.5927212786616489
3009003,1682.607778469134
3009016,156.37376424118003
3008962,34.52274879202004
3008960,0.20794749836750812
3008931,191.41803135129146
3008930,2.573213388379898
3008929,42.772698119412766
3008928,6.347805195796733
3008927,4.066818250662823
3008926,4.062943115108128
3008925,297.10706973098746
3008924,0.4160887201070244
3008923,29.30407568669094
3008922,21.58713683687611
3008921,1.2592671046610109
3008932,359.63400241541586
3008920,10.356072634183969
3008918,58.52870562555581
3008917,176.23726085086975
3008916,275.5221568434012
3008915,760.3255731408825
3008914,1180.3349762702737
3008913,8.24414501847542
3008912,682.4982553879948
3008911,0.11571717261240831
3008910,3032.3678996704043
3008909,3.334107380237188
3009351,59.418900576976164
3008919,4568.8579286625
3008961,1.6789680787427854
3008933,3.8933725177117893
3008935,197.13706596152858
3008959,0.2752906039953003
3008958,127.64989379743199
3008957,0.15334403428748247
3008956,6.140276271597115
3008955,13.042519015204782
3008954,0.5000934991270161
3008953,5.284435895453514
3008952,2086.4662775316892
3008951,27.911378322263428
3008950,106.58956434878914
3008949,106.0896335781852
3008934,6.830669684144022
3008948,226.2132498560195
3008946,3.1007744373247705
3008945,164.48291288336517
3008944,0.02268013824345578
3008943,1421.5182061667206
3008942,0.46641235471480785
3008941,0.050109323040005
3008940,3.208882446565325
3008939,4.244940539268884
3008938,1.535606676120032
3008937,210.04193949560894
3008936,38.64778970944086
3008947,610.5395825592599
3009129,524.6256108601781
3009017,141.08901598398322
3009019,40.63031653461026
3009099,10.673523919248842
3009098,5.668335232877226
3009097,412.85057284109826
3009096,231.73663172993068
3009095,3.9962158411530186
3009094,68.3298585702203
3009093,8.903071827688876
3009092,9.376841961676906
3009091,10.547510045923053
3009090,365.09144527707593
3009089,0.40363057265364927
3009100,255.66024700314335
3009088,31.623127367699773
3009086,1.39663875729608
3009085,29.576346101600226
3009084,5874.195937947613
3009083,68.15799542973168
3009082,260.5573494106281
3009081,299.9463101988554
3009080,944.4939201296911
3009079,1651.269091498209
3009078,10.105497974263605
3009077,825.883085166724
3009076,0.12827093105827447
3009087,37.373721170642185
3009075,4181.722132890687
3009101,67.79913157549355
3009103,19.2319330208636
3009127,85.62053377002307
3009126,5.133920817220365
3009125,17.828211849063695
3009124,26.723301752177587
3009123,320.053020476973
3009122,0.42335682156887094
3009121,18.547702323478095
3009120,21.016353977444062
3009119,1.4411292112962286
3009118,26.04091230371778
3009117,4765.32189775468
3009102,1003.0564522812956
3009116,194.25534147830646
3009114,325.03028364142494
3009113,1261.3973651012093
3009112,1200.273689022171
3009111,12.844235340356484
3009110,609.8558627659288
3009109,0.15087512067822878
3009108,3911.052408551197
3009107,8.693712541557337
3009106,0.11322258587549007
3009105,6.425049674095485
3009104,9.730506505040296
3009115,258.2090142812888
3009018,4500.089340073372
3009074,7.152877735542903
3009072,8.151182209645517
3009043,0.10128330751449108
3009042,3326.516696262179
3009041,9.825210999770487
3009040,0.1304888740249996
3009039,8.701602545636886
3009038,18.358566029365495
3009037,0.8580940886458899
3009036,2590.8038078949626
3009035,125.71299130947943
3009034,257.93006837040116
3009033,13.160041034401921
3009044,587.555357601438
3009032,13.817569623567424
3009030,223.32143990353512
3009029,10.42608211475181
3009028,101.57310016668629
3009027,5.586859364781345
3009026,23.894105973308502
3009025,18.822388323637128
3009024,272.7173500290296
3009023,0.3543583739292409
3009022,25.391144027429753
3009021,23.506481741624864
3009020,1.733557306130007
3009031,306.45940575858907
3009073,0.1649232991424765
3009045,14.993369119431042
3009047,960.1135198435569
3009071,20.19580500140229
3009070,0.8658591179716204
3009069,2617.7184371675935
3009068,124.36293801028785
3009067,289.3311994870197
3009066,14.44536095885115
3009065,10.617746768606494
3009064,382.9839489962783
3009063,304.30982168171136
3009062,9.418627802852857
3009061,87.03638122290864
3009046,1330.8928108836483
3009060,7.804440166865433
3009058,23.63772849949862
3009057,311.58262941496884
3009056,0.3519591721184444
3009055,35.059293314718026
3009054,35.309154446341196
3009053,1.7107214310949268
3009052,27.916152769093475
3009051,4824.9325309993
3009050,165.52507277820732
3009049,202.2488662899194
3009048,271.28365400034437
3009059,15.529785323404678
3009352,72.23702447523873
3009574,1804.666715492846
3009354,792.4349982797103
3009657,86.26897652777096
3009656,1.373680831687989
3009655,26.868251341971952
3009654,3.7394474118371415
3009653,0.2612003367135899
3009652,0.6941589411941265
3009651,248.44598653092737
3009650,0.23846951805569103
3009649,12.144130420852767
3009648,21.47021642019515
3009647,0.6211723013488937
3009646,7.929529988343829
3009645,4113.454131756102
3009644,42.753559947323616
3009643,92.41399804027294
3009642,234.72014436214204
3009641,361.00221364324307
3009640,1420.112372829763
3009639,4.90305106754161
3009638,305.4613383083448
3009637,0.09557593632453815
3009636,2511.704428963197
3009635,1.962380402674659
3009658,272.7790240208297
3009659,0.7690494989412635
3009660,3.7698197493994376
3009661,85.77460669995081
3009685,31.813113434318986
3009684,342.82214483584784
3009683,0.45545823514416556
3009682,38.724764557930925
3009681,30.101305251288014
3009680,1.4766090056554915
3009679,35.63026502783469
3009678,5699.236086791891
3009677,241.9857119136588
3009676,287.13396967044184
3009675,420.9014852903386
3009634,0.12953672008960876
3009674,1415.3934600605771
3009672,15.699869729940474
3009671,733.339593670437
3009670,0.1341649496794659
3009669,4537.652094708532
3009668,10.422012346845849
3009667,0.13819731547721287
3009666,7.780849542196949
3009665,1.4817723253725545
3009664,0.28100979450431435
3009663,199.12786027523111
3009662,50.354954605026336
3009673,1525.657103339468
3009633,6.2345688045988625
3009632,4.976844295938799
3009631,1.1547730462532848
3009602,7.907223930348099
3009601,0.15870669619868547
3009600,7.578978603705391
3009599,5.620434022097871
3009598,2.71705933643204
3009597,3845.0560414270944
3009596,60.27381468678391
3009595,129.14060823642956
3009594,15.091628203622331
3009593,10.349697711341229
3009592,579.9980590296844
3009603,2817.1087459525056
3009591,164.37623904411592
3009589,166.66947457528943
3009588,3.8120430260960676
3009587,29.718907466152178
3009586,4.880350970192515
3009585,383.14600464100107
3009584,0.8625090536903752
3009583,34.01066678708174
3009582,11.663414491215912
3009581,2.1506533759442226
3009580,20.344389529672824
3009579,5049.235362078997
3009590,7.597496671658142
3009686,17.8061102053594
3009604,0.22107132667718038
3009606,9.721412558498962
3009630,1777.0820476711554
3009629,151.242981850682
3009628,336.1998080210313
3009627,9.103735474797872
3009626,6.426052979516241
3009625,365.0533471161832
3009624,318.6439451961201
3009623,5.324912668457511
3009622,104.17862533947903
3009621,4.515551657745277
3009620,7.240526496801692
3009605,690.5978779179651
3009619,5.18953491632938
3009617,0.46012469692253555
3009616,32.97438231668715
3009615,28.29934285603873
3009614,1.3987796380695512
3009613,16.264944640674052
3009612,3656.617469454215
3009611,224.19165594547226
3009610,180.54488728357998
3009609,326.10865701118115
3009608,880.411904960627
3009607,1134.9792101677474
3009618,263.1761873459156
3009687,13.220012293988836
3009688,93.60204119116888
3009689,9.844540607829233
3009769,0.12918285881162334
3009768,4755.60788574569
3009767,10.170107141740102
3009766,0.19809619991086116
3009765,11.809923758181101
3009764,51.3695861717115
3009763,0.9736447502945589
3009762,4925.084273811084
3009761,263.7175454809986
3009760,878.6015421068543
3009759,19.65619629922414
3009770,905.8266472624375
3009758,14.888868291276957
3009756,663.7423977660802
3009755,11.964230588188764
3009754,130.8414279613397
3009753,16.716964483054483
3009752,27.10951054025245
3009751,31.51441151596793
3009750,417.9550111436068
3009749,0.6468589342084263
3009748,46.51791807214914
3009747,35.32212293979966
3009746,2.364851083348917
3009757,474.97111511899925
3009745,41.57827179357408
3009771,12.952015062498385
3009773,1341.748773853197
3009797,16.93397538330068
3009796,33.35337461810252
3009795,1369.2526723230371
3009794,94.24053029705365
3009793,607.1727671253414
3009792,13.50065675081939
3009791,6.188401936319139
3009790,613.4740016581441
3009789,394.4024343961468
3009788,4.370300483197439
3009787,68.20523156574377
3009772,2174.1351488135183
3009786,13.250378909371191
3009784,15.151494094236035
3009783,500.4599715048295
3009782,0.5533357147380049
3009781,40.66610190934147
3009780,41.23360504246759
3009779,1.6448742286028373
3009778,19.27774379836878
3009777,7227.792778412931
3009776,83.60230814741762
3009775,272.0807795179507
3009774,636.2191206185078
3009785,7.235509010539387
3009578,50.074696452189016
3009744,6204.739897863214
3009742,397.3908754683902
3009713,1.947554463819722
3009712,39.21675324320427
3009711,4957.79471119044
3009710,294.19348907329385
3009709,354.8366901371245
3009708,297.4428110003316
3009707,1595.3618614090958
3009706,1247.551948368168
3009705,16.68427631633951
3009704,768.9381194008598
3009703,0.1095603846349441
3009714,29.69911973365573
3009702,4917.239330246735
3009700,0.10945117352604326
3009699,6.317008648852146
3009698,37.964098089486
3009697,0.6801160739147802
3009696,3803.2465879203046
3009695,170.77911625151145
3009694,739.7640033382903
3009693,15.877115684414331
3009692,12.74574287071052
3009691,428.91704885547534
3009690,609.4473405476356
3009701,9.067731783843922
3009743,302.6122973760896
3009715,35.03641369751089
3009717,330.8447503411905
3009741,425.2063736657985
3009740,1786.5497628933867
3009739,1665.7487896998155
3009738,18.544548144137615
3009737,947.9623015252994
3009736,0.1684884194319089
3009735,5487.983132189374
3009734,13.267816913055555
3009733,0.17684742890295888
3009732,9.15037921364234
3009731,50.6001165534887
3009716,0.5360757443219466
3009730,0.6348187673942414
3009728,233.76823958543056
3009727,801.5083964600213
3009726,15.951487031304005
3009725,11.714596944762249
3009724,322.1986832323739
3009723,632.7174186067679
3009722,11.764801800703651
3009721,130.7037410991418
3009720,12.97613569061898
3009719,28.5458948709152
3009718,22.375928019246825
3009729,5481.943267864458
3009577,74.1909509730469
3009576,545.2499734387247
3009575,1266.7746710344165
3009434,52.63560306015562
3009433,130.47225154764482
3009432,4245.01150336771
3009431,246.28016189669557
3009430,1398.2511802955137
3009429,39.18047249198932
3009428,25.765383235787343
3009427,1043.0015914285868
3009426,1250.1417299025347
3009425,11.160969387871592
3009424,111.72364122143856
3009435,17.678367186254654
3009423,8.021996283997177
3009421,47.49916736979526
3009420,765.6899424196953
3009419,0.8770755141772573
3009418,61.40556390086824
3009417,60.6426429262243
3009416,1.5293254225219561
3009415,63.047658836268695
3009414,11474.7971125023
3009413,354.5998501168585
3009412,314.25602896627095
3009411,959.4598531942789
3009422,19.69649394961574
3009410,2309.9146605744763
3009436,0.19286293180595304
3009438,10838.009237361286
3009462,36.1429744722515
3009461,26.57039193268987
3009460,825.5958637820406
3009459,1103.310662684127
3009458,16.186081140831636
3009457,196.49891316196224
3009456,18.139116176319266
3009455,36.72721221300244
3009454,42.96967512952373
3009453,717.9845625574544
3009452,0.9283435793513457
3009437,19.928694590056253
3009451,68.78575289084937
3009449,1.9957726460064227
3009448,84.93974995315209
3009447,10621.385665278753
3009446,492.8672168002808
3009445,609.7893116186534
3009444,782.15651554519
3009443,2804.108687671607
3009442,2859.2896572125555
3009441,27.081244977855576
3009440,1626.4424214330777
3009439,0.23805475798074943
3009450,72.151106085182
3009463,1380.51585748692
3009409,3008.0650699564453
3009407,1195.5045957407142
3009378,1033.495949704416
3009377,3064.332632844708
3009376,3285.913731845808
3009375,26.971888128928427
3009374,1740.9809003339892
3009373,0.2948082141679469
3009372,11506.680358812971
3009371,27.210715403631045
3009370,0.19909722705089636
3009369,21.730404125662588
3009368,77.97156508735802
3009379,552.5791164309235
3009367,134.48862953371045
3009365,314.932702666039
3009364,1612.514593579717
3009363,41.205625346407366
3009362,28.999461686973664
3009361,1062.0660364991613
3009360,1337.0481185765154
3009359,13.151247003011136
3009358,147.75084183182744
3009357,10.744361263203793
3009356,26.672413229083535
3009355,53.13411306269518
3009366,5639.279663355763
3009408,24.934954672367798
3009380,465.5939895806131
3009382,81.97055235691907
3009406,0.19684513160840472
3009405,8325.818399007372
3009404,24.212436468720746
3009403,0.1643260671491911
3009402,19.608636662705536
3009401,89.86314233885072
3009400,145.86818870815378
3009399,7968.864073641577
3009398,396.11202233457425
3009397,1745.855618302446
3009396,36.632477028455895
3009381,13194.417262608207
3009395,30.401817964128867
3009393,1311.150888315596
3009392,14.95377714452794
3009391,179.90632652666665
3009390,10.886857672028803
3009389,31.716717053288875
3009388,55.854398123104446
3009387,817.1539011617073
3009386,1.262106618812299
3009385,83.41932677608031
3009384,70.99757204387683
3009383,2.1764395821390043
3009394,1131.5482902011126
3009353,1.0726394957585699
3009464,423.0742618632762
3009466,121.42555963975111
3009546,7380.548307530604
3009545,304.09461733481066
3009544,427.8448703052767
3009543,453.97033658794487
3009542,1907.6162569076164
3009541,1933.8752415234194
3009540,14.758148485357905
3009539,1214.578058083319
3009538,0.23379084798346342
3009537,6787.983559533615
3009536,11.993175095514152
3009547,32.91161836767328
3009535,0.1918898415024754
3009533,32.69756613125664
3009532,106.7618303605469
3009531,2894.23504415576
3009530,159.75425972751694
3009529,838.929683957757
3009528,22.020901896173637
3009527,12.937048987898617
3009526,666.6341753038647
3009525,830.6577060775867
3009524,8.17447068585744
3009523,107.64121488120523
3009534,10.792655796616469
3009522,5.313353182328319
3009548,1.5796437048235084
3009550,35.930700774341204
3008908,0.18029163790821526
3009573,8.033364918093783
3009572,1448.7765315273698
3009571,0.3738656588096561
3009570,4536.775138790807
3009569,7.2125196612163975
3009568,0.29133123702253994
3009567,6.034834890597826
3009566,46.748685987427855
3009565,3.7461085310927995
3009564,5484.304547019014
3009549,29.250145546433096
3009563,238.76168013713135
3009561,19.775355466308625
3009560,18.387975078587704
3009559,502.10843587698866
3009558,776.51997713367
3009557,9.44642333011181
3009556,157.431828604263
3009555,5.628351616549038
3009554,28.489539520650908
3009553,5.39530924876407
3009552,466.87703508262354
3009551,0.9120473505388949
3009562,868.0882045935131
3009465,9519.520329143847
3009521,10.48965181856937
3009519,459.27980531207385
3009490,66.04773911034097
3009489,9.838790696882882
3009488,6.16031670799387
3009487,11.453469179253142
3009486,252.8081721669439
3009485,0.43273237128286396
3009484,22.462393000033757
3009483,22.51231700608395
3009482,1.1774237767457483
3009481,18.47279221853111
3009480,4149.826067550189
3009491,5.827871247711207
3009479,117.15293919294002
3009477,283.873080612757
3009476,852.8260349563783
3009475,1172.3477541825616
3009474,15.54670123172912
3009473,549.099576796216
3009472,0.12368676017592181
3009471,2824.2152711897847
3009470,8.377030230006273
3009469,0.16695769057197363
3009468,7.784822505005632
3009467,97.10264002805886
3009478,162.77876854614772
3009520,31.37993218988617
3009492,243.7029835178165
3009494,5.361867557620669
3009518,0.650379332139599
3009517,56.89061283583361
3009516,53.1934753431288
3009515,1.4664255664693844
3009514,52.3851977949645
3009513,7908.379218822907
3009512,202.64804583230068
3009511,229.6996346432067
3009510,599.295890873685
3009509,1567.3920216793992
3009508,2061.076222729054
3009493,329.6453271442282
3009507,24.9565519055759
3009505,0.18610141270150704
3009504,6102.371330203388
3009503,15.048161838677071
3009502,0.14824581045567797
3009501,15.603807732167073
3009500,13.456030873784869
3009499,0.7523180197987618
3009498,1731.3272451046917
3009497,107.69439763387079
3009496,272.5312863157871
3009495,9.883905012280787
3009506,863.251429101984
3008907,6.763759417557414
3008906,1.512577565830461
3008905,0.3513578789414807
3008318,351.52374865573586
3008317,0.029371020618506372
3008316,1998.3363029077636
3008315,5.52113814830895
3008314,0.13375056263603613
3008313,4.147267398284485
3008312,7.1395616912075255
3008311,19.893141862659856
3008310,367.0446330203199
3008309,47.84918300919958
3008308,408.5800241015305
3008307,6.101008303502239
3008306,1.4704634230294276
3008305,416.88333740384536
3008304,262.27363185022506
3008303,1.8753999461290851
3008302,47.33015629160009
3008301,7.169655299227715
3008300,0.5948375325931123
3008299,3.022948297754361
3008298,381.75113000204954
3008297,0.28693936201153564
3008296,15.735465998810604
3008319,3.790005957155331
3008320,655.8668281673943
3008321,437.9484954577232
3008322,166.59482960004013
3008346,6.128137922446569
3008345,3.5422966287030757
3008344,23.59733595853637
3008343,298.903084923085
3008342,5.352083739635844
3008341,42.41407954587057
3008340,5.220800559673906
3008339,3.5226362886389584
3008338,152.14783967077537
3008337,5.135738184323195
3008336,2.151994671980802
3008295,21.897608787479143
3008335,24.21564816702652
3008333,3.5106155963799948
3008332,4.807483615270507
3008331,102.0696161592617
3008330,0.28282009466178026
3008329,13.581623822417285
3008328,10.224367311768722
3008327,0.9041976789681672
3008326,10.626837680960339
3008325,3231.1617286855967
3008324,5.812100718684154
3008323,74.55816902382568
3008334,4.140803457715531
3008294,0.883835321630851
3008293,13.727702164729825
3008292,5091.62784884
3008263,17.981017195082764
3008262,13.940220842700786
3008261,0.5309770457788285
3008260,5.57717950609987
3008259,3096.4622477748494
3008258,31.11659286637576
3008257,133.62416511188727
3008256,208.3235211070383
3008255,375.530416441901
3008254,983.2114858979836
3008253,5.094449673674758
3008264,0.2050254305490323
3008252,238.7857490004269
3008250,1973.39764966519
3008249,1.9838007525039192
3008248,0.12485819681636012
3008247,5.357771116542947
3008246,3.321361568464324
3008245,10.077063738572965
3008244,501.93705308277436
3008243,32.10957206206508
3008242,154.27328653719326
3008241,4.548269668465505
3008240,1.0328289592057258
3008251,0.03616488671880336
3008347,0.15850263656238697
3008265,243.39265384723583
3008267,0.20138252909275975
3008291,54.76743876923916
3008290,185.0603648247502
3008289,479.45004678387596
3008288,813.2417858540019
3008287,1528.8750636222526
3008286,6.84526873990066
3008285,450.7592455700032
3008284,0.12711998903243377
3008283,3933.5332562327017
3008282,2.8728342148937696
3008281,0.19582785825273502
3008266,0.8821065660674898
3008280,6.782550814207687
3008278,0.2646106652992982
3008277,133.27792422504726
3008276,33.13728097052054
3008275,135.35246255585434
3008274,4.055199381815909
3008273,0.9023979033282288
3008272,240.36307046549547
3008271,122.1442397118452
3008270,1.2230484955823537
3008269,35.522316814746034
3008268,3.48580466589819
3008279,1.849533440794647
3008348,1.3502370010970957
3008349,2341.954762614411
3008350,0.06439577447253579
3008430,468.21461013725667
3008429,0.33560700543708194
3008428,29.537641311223766
3008427,25.621760534008722
3008426,0.9811540247460677
3008425,17.943725942069463
3008424,6533.690625347137
3008423,47.9742012954869
3008422,199.08272022895346
3008421,597.5731930733804
3008420,1223.0970095073199
3008431,9.901981876043367
3008419,1964.179009240213
3008417,838.8111601454473
3008416,0.07704867611032439
3008415,4857.369090693023
3008414,8.186309170983792
3008413,0.3608121559792759
3008412,10.448284423592508
3008411,35.00954221907527
3008410,0.712576927864687
3008409,3597.8027734954053
3008408,158.30913269802952
3008407,667.173234104921
3008418,9.27584576471753
3008406,15.233154106808513
3008432,6.046674789031741
3008434,54.46137334420411
3008458,16.400548797199196
3008457,4946.426835629459
3008456,61.13220282080855
3008455,254.4508167221568
3008454,415.55058677862945
3008453,903.6499467856763
3008452,1468.7609904061164
3008451,8.878228004699853
3008450,691.1542638282551
3008449,0.16628596438035959
3008448,3281.3824644277506
3008433,7.640717692329337
3008447,6.578845089838611
3008445,10.32139854736899
3008444,13.114242346831666
3008443,30.16855857747137
3008442,970.7677115176958
3008441,63.31818183616909
3008440,486.2733842945565
3008439,9.899624281761522
3008438,4.810501297316465
3008437,553.7039745145954
3008436,272.35220835480436
3008435,3.3460394915005534
3008446,0.30743183760300835
3008238,149.5896073400746
3008405,12.71637182755522
3008403,557.8322069359715
3008374,160.71926148385862
3008373,5.054008332566294
3008372,1.070636427057197
3008371,218.91285686307572
3008370,158.75588876788945
3008369,1.5198681015488802
3008368,25.173259512860103
3008367,4.078041780247393
3008366,0.2965404390991324
3008365,4.1808932295065455
3008364,218.7526686159133
3008375,34.69357432152043
3008363,0.19714936281231618
3008361,15.903735226296515
3008360,0.8008950756752118
3008359,7.96135767741694
3008358,3554.624168200298
3008357,42.72483804544297
3008356,87.43047109899408
3008355,285.50658497764823
3008354,425.8504353093037
3008353,1001.7599797449545
3008352,6.387839553127233
3008351,223.14947678483452
3008362,13.4494715057465
3008404,376.10547193324595
3008376,374.5130181712291
3008378,2.9718051632915703
3008402,9.546642942726773
3008401,91.6489280388683
3008400,7.207632546740927
3008399,19.594458176797463
3008398,28.253970744280725
3008397,323.64989807492066
3008396,0.48285020023190833
3008395,30.254448638389874
3008394,23.74477038807389
3008393,4.436826709306017
3008392,31.01612177826631
3008377,6.21578548255908
3008391,5110.721453260373
3008389,287.2313829452858
3008388,349.61525199865395
3008387,1338.4116020271476
3008386,1369.5843179261697
3008385,14.183366313305289
3008384,721.0770865350778
3008383,0.14825284800278488
3008382,4252.871165324919
3008381,9.687257844698026
3008380,0.14565462402826945
3008379,7.192045361767681
3008390,205.9312463301456
3008459,1.0089984140789081
3008237,1.340985051240216
3008235,3.5863676882048034
3008094,7325.983942292308
3008093,84.56234753998552
3008092,251.99023144185745
3008091,592.1042044278713
3008090,1101.4130738374133
3008089,2323.692297315627
3008088,12.185402913065719
3008087,875.1230710779984
3008086,0.16399998626980905
3008085,4910.181572123328
3008084,5.656614313644315
3008083,0.24807082339471437
3008082,10.388548795602837
3008081,3.167796092774055
3008080,6.730700792874711
3008079,242.9690404023013
3008078,17.706101250449706
3008077,188.8190124485592
3008076,4.556421349974707
3008075,0.9298630042610023
3008074,212.5389997652277
3008073,171.33782244505528
3008072,1.00718907648585
3008095,27.14264142023577
3008096,1.2320483184314783
3008097,35.084617640007714
3008098,33.844689495448165
3008122,806.8382618301805
3008121,5.729103780035161
3008120,208.65070305162538
3008119,0.06504676299783543
3008118,1854.2088322258428
3008117,1.0260608471422388
3008116,0.1292402918803577
3008115,5.127117255045535
3008114,10.56089817252095
3008113,26.521816688601746
3008112,1110.9881238730297
3008071,4.965386620388478
3008111,79.00831421219192
3008109,11.639441309431387
3008108,3.765423073851716
3008107,609.0435670338348
3008106,497.9949182618149
3008105,3.338597966533282
3008104,47.523130249344256
3008103,9.157511563304297
3008102,3.8251190656664233
3008101,11.738768822641333
3008100,505.0231294652252
3008099,0.45850060870638404
3008110,494.4276804673011
3008070,2.6071837284324437
3008069,0.18435368248480158
3008068,3.1652336213360535
3008039,5.307812897692026
3008038,64.08680398275114
3008037,1.8653606081569936
3008036,11.015636395316395
3008035,10.184687015673536
3008034,106.18979377917945
3008033,0.08396777412249169
3008032,10.978379396206167
3008031,9.612478964795697
3008030,0.7255007801652662
3008029,11.08122245949361
3008040,161.26022338312393
3008028,1780.772291687571
3008026,70.80079212900662
3008025,76.21061542364356
3008024,445.16647431918545
3008023,327.4359876825943
3008022,7.0287803523616486
3008021,171.94416150716035
3008020,0.0
3008019,1522.8922617482303
3008018,2.046018888617502
3008017,0.0
3008016,1.5705077528351428
3008027,64.06049516304927
3008123,405.74676051828544
3008041,86.04686028068629
3008043,6.714902968195006
3008067,217.37817134905256
3008066,0.21564677133431204
3008065,9.805090188785497
3008064,10.432445605274879
3008063,0.6547502724596972
3008062,4.409588104621143
3008061,3304.501351350142
3008060,26.761125445563525
3008059,53.9487748953307
3008058,244.8982108881232
3008057,349.9595324371427
3008042,6.442485439592158
3008056,985.3878520681751
3008054,157.52367712772863
3008053,0.04809058808617745
3008052,1710.2061954693825
3008051,1.2164507030808074
3008050,0.14399653220457
3008049,4.152025231041453
3008048,12.51614026781911
3008047,0.05122194378342535
3008046,1206.9622085943563
3008045,49.27065729567289
3008044,146.79398491023431
3008055,4.295130095578947
3008124,210.83918383046353
3008125,71.39771593186255
3008126,27.407778547905277
3008206,219.1533155399853
3008205,160.4320232156535
3008204,1.224855982143768
3008203,24.766565747240413
3008202,3.305514250508349
3008201,0.13601562301688475
3008200,0.875663508607053
3008199,217.2805368970727
3008198,0.14825862277902602
3008197,11.622390371779156
3008196,13.058869357053057
3008207,0.7747839254219995
3008195,0.5500209353624119
3008193,2652.141157695706
3008192,31.3602799022705
3008191,59.60101837775005
3008190,203.88944371704983
3008189,376.85390275954086
3008188,860.8689941038535
3008187,5.451530090288921
3008186,197.47728379696602
3008185,0.011200048627950505
3008184,1598.9820520627839
3008183,0.803264840251277
3008194,6.066411822434944
3008182,0.061069856148411865
3008208,3.7394768143044086
3008210,35.53455091418703
3008234,0.2614715812308917
3008233,3.900818261122475
3008232,228.12351648005887
3008231,0.19530322295718242
3008230,20.157000922065755
3008229,14.935277396535836
3008228,0.7350457730701385
3008227,7.207980920937878
3008226,3075.948992612318
3008225,40.89127869561841
3008224,74.73208249892083
3008209,125.01421482533395
3008223,250.91115824752296
3008221,853.3718385712745
3008220,5.634136704082648
3008219,198.26856139461825
3008218,0.06802633265888476
3008217,1952.3888704577446
3008216,1.1761743040563055
3008215,0.20378564124434043
3008214,6.645896945787608
3008213,2.183651734979687
3008212,6.373135233797709
3008211,309.3149242888286
3008222,393.53884399457075
3008236,10.019050285129147
3008181,4.283115007661621
3008179,6.770870824848306
3008150,1.9820404111027154
3008149,0.12109654783269334
3008148,5.0560947580375135
3008147,1.8325698942181279
3008146,4.247717754056138
3008145,264.23877314087616
3008144,25.894826637301776
3008143,141.53328721455847
3008142,4.288653535866964
3008141,0.9412919048630037
3008140,206.85857248620428
3008151,1845.9356581821396
3008139,138.2998334887668
3008137,34.79276960043236
3008136,6.342091647793635
3008135,0.1555552384346313
3008134,1.930875985415855
3008133,198.91798084719798
3008132,0.19775358091521786
3008131,17.24498238363045
3008130,13.212360759687941
3008129,0.6861645300382508
3008128,6.088883122475009
3008127,2823.242750307807
3008138,1.1544352663662014
3008180,1.799736152270158
3008152,0.06657847753589381
3008154,5.5936548084240565
3008178,135.3625569774267
3008177,25.350452183447956
3008176,138.6642592125172
3008175,4.182199139255345
3008174,0.9022159742924574
3008173,208.53864383021846
3008172,136.68513907451728
3008171,1.1110690097633835
3008170,29.14613610660175
3008169,3.335457803841151
3008168,0.1572171192268491
3008153,205.33226414449902
3008167,2.025735601183398
3008165,0.19947614994846427
3008164,16.72256591676273
3008163,13.109865454506048
3008162,0.6740044145574116
3008161,5.867413726318947
3008160,2786.362777442716
3008159,26.579921673135452
3008158,69.15349064337626
3008157,200.53816078447952
3008156,354.86488344788023
3008155,797.4742023311472
3008166,200.9452742595453
3008460,32.05435913254008
3008239,201.50472175306092
3008462,0.44839287913706166
3008764,207.50764949791093
3008763,40.04684484177639
3008762,45.296450198160024
3008761,47.58348827065985
3008760,581.0057404537885
3008759,1.5021820741270937
3008758,63.0893025455583
3008757,63.85289719602514
3008756,3.346002567082942
3008755,84.07363812107704
3008754,8749.651074856194
3008753,531.9915282442415
3008752,658.8303565631812
3008751,546.74048288058
3008750,2795.9579309638407
3008749,2369.4204491459514
3008748,29.783715402032556
3008747,1459.6445470897238
3008746,0.39636640528954564
3008745,9232.85774442223
3008744,16.63631111653097
3008743,0.4131351159061
3008742,12.609282770032802
3008765,19.54873853892346
3008766,988.0161812800055
3008767,687.2962297080365
3008768,21.803517740754124
3008792,0.20458630683565932
3008791,7.961806186068026
3008790,12.938584603200264
3008789,0.4860813397165996
3008788,4.395851321882909
3008787,2000.2826445591752
3008786,26.142004444740262
3008785,115.25889118017152
3008784,127.05259197796042
3008783,274.8737331563711
3008782,602.4335191130813
3008741,3.3847187749673093
3008781,4.001055318780384
3008779,0.03565616465902838
3008778,1427.0586378737014
3008777,0.5416632634203693
3008776,0.05697497471846447
3008775,3.2899059495111187
3008774,100.72453539849376
3008773,1.3839954237923826
3008772,8604.924046559014
3008771,493.79460708776355
3008770,1511.355551761721
3008769,28.10108268104893
3008780,177.3150682022069
3008740,1.602081150507416
3008739,1528.6038533184446
3008738,54.66699070789382
3008709,7.224167034313783
3008708,3.87818407162937
3008707,1.7160599258231022
3008706,1124.0530122428167
3008705,57.57874894922883
3008704,263.0674870583499
3008703,6.685017667555285
3008702,4.057436393247214
3008701,449.0961324998859
3008700,216.20096683676863
3008699,1.9599134633950888
3008710,0.21772897155155282
3008698,85.42292207627747
3008696,3.64869501608574
3008695,0.9618261987142214
3008694,394.19816933387915
3008693,0.4351846576687175
3008692,29.05306644879451
3008691,33.24186803358129
3008690,1.1681101436965924
3008689,12.710006879732143
3008688,5975.62023725513
3008687,50.06364569995598
3008686,277.39832494895353
3008697,5.615680038137514
3008793,138.88284069726046
3008711,1.921082326597101
3008713,0.1620352323832171
3008737,86.92242850851343
3008736,6.318751623053469
3008735,4.014704704074885
3008734,374.64425441762444
3008733,77.74582681455229
3008732,2.169976120434967
3008731,78.27508418895596
3008730,4.301931788311082
3008729,3.3286555500461334
3008728,0.8123875768315336
3008727,349.39260092290647
3008712,3630.4172051002884
3008726,0.43747109749838814
3008724,30.63662039782188
3008723,1.029469937282745
3008722,13.26269992922821
3008721,4676.827900524142
3008720,53.38011266397379
3008719,228.26796109800227
3008718,346.5381784621757
3008717,950.2008448087613
3008716,1263.3813205274525
3008715,8.41977787837778
3008714,815.1637400484143
3008725,28.02562036062106
3008794,0.6208504039578844
3008795,0.28364425778140556
3008796,2.6116110907137924
3008876,1.0440699183884266
3008875,0.17530276808044376
3008874,7.384363594915049
3008873,1.0340165507908865
3008872,0.22034854548549845
3008871,217.8335240949512
3008870,12.892596884659342
3008869,81.53015305549127
3008868,2.384394612190103
3008867,0.7867370468779558
3008866,128.24720513548846
3008877,2394.258115580411
3008865,77.51712212716544
3008863,24.772842849884196
3008862,2.0654047121913495
3008861,0.17289413222168618
3008860,0.43257421749248604
3008859,112.33614031063209
3008858,0.1605750458499893
3008857,5.900775255198866
3008856,10.998367850438191
3008855,0.4362008367955097
3008854,3.0371610170322283
3008853,1890.273643846919
3008864,0.701326620031576
3008852,19.241780720995802
3008878,0.10752912475771073
3008880,5.729214387189397
3008461,31.816513436236292
3008903,43.072382817240744
3008902,237.40079966999994
3008901,4.693876713259603
3008900,1.1261857695528859
3008899,332.2651879317104
3008898,238.45127642155424
3008897,1.27410126835005
3008896,44.31029470490309
3008895,6.804689306115609
3008894,0.22987095624414453
3008879,362.3831008588747
3008893,0.8176725865224166
3008891,0.27353364470635216
3008890,13.23144232455946
3008889,20.17440475507512
3008888,0.8455558763714133
3008887,5.164392584668551
3008886,3926.190572277512
3008885,52.469740526828744
3008884,204.51884456156867
3008883,283.6622400602966
3008882,558.177893613978
3008881,1258.5891684804385
3008892,271.1512649008712
3008685,431.4689724939943
3008851,121.03313382551971
3008849,200.0391587653422
3008820,5201.114499312006
3008819,63.14751457220156
3008818,301.65003246151963
3008817,379.3814330093379
3008816,929.6229356463554
3008815,1664.6648358070997
3008814,8.777546604487418
3008813,691.467076999839
3008812,0.12906128589325983
3008811,3661.1961577789643
3008810,5.0565574424972795
3008821,14.360200905250544
3008809,0.2214863326874518
3008807,1.589799023731878
3008806,0.25423421508982
3008805,157.12284568129292
3008804,18.884676252844997
3008803,101.17292980666356
3008802,3.118018674990676
3008801,1.0727479692545403
3008800,130.19810032409447
3008799,91.08212008750934
3008798,0.9421716501869111
3008797,28.479657923910764
3008808,9.185219229200813
3008850,108.63827588755238
3008822,0.9269871596692583
3008824,23.283294174770553
3008848,564.5353177206766
3008847,3.5224705628264177
3008846,141.70737907751655
3008845,0.0
3008844,1075.7238557806668
3008843,0.34004211195425843
3008842,0.024904937310321056
3008841,2.507193544914933
3008840,5.393597633116265
3008839,1.3954276620276596
3008838,933.4154852741519
3008823,25.94682992094048
3008837,70.56755049587538
3008835,9.67906236692312
3008834,3.3310404836016305
3008833,418.6588221865964
3008832,284.19368072903404
3008831,2.4480054108295324
3008830,29.475749174483965
3008829,7.777464361571955
3008828,3.0684460830577684
3008827,3.4378315380239792
3008826,318.11617595346576
3008825,0.4079555872259139
3008836,232.8078129692238
3008684,1189.2554736274274
3008904,755.8148981432612
3008682,9.645640043532815
3008542,0.5743689185964727
3008541,1201.4520277063755
3008540,46.38797282817169
3008539,317.6507873119415
3008538,6.78062155025301
3008537,4.763265023189023
3008536,201.20294196807458
3008535,374.5421611919347
3008534,4.374798223155659
3008533,58.59557908117902
3008532,5.470102235026448
3008543,12.08823178188381
3008531,3.753127580047898
3008529,159.2275127385289
3008528,0.22746992467831806
3008527,18.81640694580571
3008526,14.937401504067047
3008525,0.7524674179530857
3008524,17.81088430626303
3008523,2511.795672421307
3008522,69.52727559668185
3008521,75.21483164734555
3008520,178.75288623831165
3008519,551.6901517853271
3008530,9.769667231643641
3008518,570.8690607872263
3008544,5.393932958339358
3008546,5.977446622295953
3008570,13.786552439851505
3008569,354.76497019505643
3008568,340.5845938568575
3008567,9.368412428488718
3008566,119.20129642468812
3008565,8.846477388731996
3008564,20.899004750093628
3008563,9.679973073188515
3008562,304.69312727501284
3008561,0.3664118185506489
3008560,44.57505927424619
3008545,0.11878005028897276
3008559,31.68042888213899
3008557,24.02807016109405
3008556,4221.300755370348
3008555,150.04999665302978
3008554,187.5679632717529
3008553,324.8388613274199
3008552,1361.3032468871286
3008551,1064.3479568108016
3008550,14.503671719860364
3008549,881.3786116683883
3008548,0.20074680606760045
3008547,3919.785736763836
3008558,1.544632587195081
3008571,11.450995330937205
3008517,11.241819967179039
3008515,0.06374925587500947
3008486,334.14530866492134
3008485,774.5187889191075
3008484,5.008349401069283
3008483,231.38888402413392
3008482,0.12731211143079513
3008481,1670.811307784825
3008480,0.9735178322540745
3008479,0.2035691169848349
3008478,4.36608435265537
3008477,5.386998639948679
3008476,1.3052748723390355
3008487,172.67308721230395
3008475,282.4106848796698
3008473,370.0927999419968
3008472,8.3778977444375
3008471,3.2081204339494356
3008470,415.9470517187861
3008469,54.91613493684887
3008468,2.7529515555422712
3008467,69.14036076759751
3008466,7.516727110142645
3008465,2.777378453141334
3008464,4.317761219639953
3008683,1609.5148831926822
3008474,81.2083005135529
3008516,281.6223522406955
3008488,97.7981444146522
3008490,2154.3208918594228
3008514,1905.2648302054413
3008513,3.691565013633605
3008512,0.08382341071350342
3008511,4.839252403752385
3008510,1.1501664313217326
3008509,9.385881704405314
3008508,80.47657792429032
3008507,27.454297497972433
3008506,60.086410227788186
3008505,4.2437343900281315
3008504,1.1946301997241342
3008489,33.01418205647162
3008503,182.75727540419925
3008501,1.8925732083293996
3008500,36.434219912421646
3008499,3.1001350722956467
3008498,0.5459707933358193
3008497,1.107146047822658
3008496,178.8479926741396
3008495,0.2743615336376815
3008494,20.672319749959446
3008493,19.929240026530824
3008492,0.701103838468562
3008491,6.098590687832668
3008502,54.669801494705325
3008572,493.1748028740325
3008463,358.04959512056854
3008574,3511.1892044303904
3008653,280.2314929923884
3008652,366.44140487111457
3008651,1371.8158849090773
3008650,1149.0532394144523
3008649,14.999119771673055
3008648,827.9826431929246
3008647,0.1651559198832673
3008646,4241.181142674076
3008645,8.996560746389996
3008644,0.1651469201275185
3008643,7.371574572354559
3008642,3.6673199743984526
3008641,0.5985046792873325
3008640,779.6596696707056
3008639,22.832873083838724
3008638,155.90854650603828
3008637,4.276385939631131
3008636,3.908917132643948
3008635,164.01075834708735
3008634,174.89077171805727
3008633,2.4392666194027712
3008632,35.51917379355453
3008631,2.630118884229984
3008655,4307.319477873564
3008656,28.510619581058595
3008657,1.864136409043334
3008658,23.87374372347901
3008573,141.3220110984462
3008681,1022.0207748090529
3008680,0.16456701350816294
3008679,4557.261742667411
3008678,2.2536498126252575
3008677,0.2416962608893631
3008676,9.14925288270504
3008675,23.51954890596276
3008674,0.8450923057833974
3008673,4196.1409321624715
3008672,121.97344748627093
3008630,3.9490167561666842
3008671,539.3391957353692
3008669,12.090364791992231
3008668,356.214388266022
3008667,400.30444644525204
3008666,7.522469355887102
3008665,142.1606532269465
3008664,7.606748323444586
3008663,26.165936645325846
3008662,11.46163170962779
3008661,268.0029429097682
3008660,0.43497715167698964
3008659,34.758000000138686
3008670,12.372940574929643
3008629,2.692246514388875
3008654,186.05758841794395
3008627,0.292562000328181
3008599,91.37191914417353
3008598,4.087576026738825
3008597,12.824245956120386
3008596,1.065474188892141
3008595,111.48797391440314
3008594,0.24584958475969287
3008593,9.91674301303935
3008592,10.44419474555891
3008591,1.0536221263605534
3008590,10.464892479513628
3008588,72.93128335245726
3008600,4.784456781574279
3008587,93.57026067197599
3008585,623.6009354455307
3008584,488.5571425447615
3008583,7.1103331113418555
3008582,430.70847000583814
3008581,0.06966822691496176
3008580,2270.1526268576677
3008579,3.7550854158110676
3008578,0.08473505934358447
3008577,2.905507386607133
3008576,26.117702016049925
3008628,106.30617125382003
3008586,148.66276605931176
3008601,151.993432832041
3008589,2300.038983445683
3008575,0.8087884705343245
3008602,146.8459323511253
3008625,10.431971388340301
3008624,0.7617202760855719
3008623,5.320658555447365
3008622,1846.0613416844265
3008621,36.653320713481406
3008620,57.75895937040581
3008619,107.97493065759878
3008618,380.09850652393715
3008617,478.02404661624917
3008616,7.672222117156819
3008615,286.7730468478716
3008626,8.995762091702943
3008613,1410.8625103180962
3008614,0.06292692378098144
3008604,5.176340030142038
3008605,159.92015473351856
3008606,47.98897411927173
3008607,1226.5098019542597
3008603,5.778374588918715
3008609,4.069939217749387
3008610,4.059529731010518
3008611,0.059605301491235003
3008612,1.794468751414958
3008608,0.5334785923093335
3010982,58.53384518755803
3010990,0.1890998003576856
3010989,2207.1582659798055
3010988,6.061483489171557
3010987,0.13722971581899968
3010986,3.826439817473033
3010985,7.882022038829843
3010991,528.541884718888
3010984,0.5708949835285331
3010983,2140.2836232376744
3010981,221.6227651779611
3010975,43.89620319595719
3010979,8.440686540834077
3010978,274.26630312651935
3010977,201.86651269666945
3010976,7.098259248450242
3010974,5.325230328187838
3010973,11.887450764434726
3010972,9.006562070486613
3010971,216.43170485141488
3010970,0.3149309227691062
3010969,27.644927147323394
3010992,9.720381708337358
3010980,13.183365112273044
3010993,820.370531207841
3011019,4.104961776120182
3010995,188.4873589424358
3010968,19.564294045266948
3011018,10.665917036488578
3011017,0.5925436127079569
3011016,2441.265074135766
3011015,77.73198848508194
3011014,124.89150992889516
3011013,9.385572919131487
3011012,9.808845699490503
3011011,226.64441991765014
3011010,123.67033957179363
3011009,7.852970563325714
3010994,672.4065142891482
3011008,60.38495282269198
3011006,19.259268124167704
3011005,12.89232848187439
3011004,196.73332137319264
3011003,0.2879782603217459
3011002,20.66322159334052
3011001,16.265850911384955
3011000,1.0251468092684872
3010999,21.347061170779934
3010998,2850.7137002476666
3010997,87.69659207510936
3010996,94.87962578385711
3011007,5.997514375492731
3010967,0.9423657198413715
3010913,8.874765409392118
3010965,3546.8915248325975
3010936,14.515673571542768
3010935,25.81950681856166
3010934,0.781582815776348
3010933,7.564681076162431
3010932,4429.977983030222
3010931,60.0835992074833
3010930,212.16249983423268
3010929,280.0112920608545
3010928,579.3918679757846
3010927,1372.9428526164638
3010926,6.1426488995973205
3010937,0.22218898045783886
3010925,420.89052723224734
3010923,2896.4655172989183
3010922,0.9672773910603147
3010921,0.19490874872655972
3010920,4.550106651292516
3010919,22.181601945684974
3010918,0.28949692909310437
3010917,2303.8474542467247
3010916,80.56011016950468
3010915,438.39197833310857
3010914,9.62584957254911
3011131,50.51485365089267
3010924,0.11827664169649608
3010966,20.565361368321263
3010938,299.0808720091043
3010940,0.688328397161684
3010964,70.054921400746
3010963,118.58180365021438
3010962,232.84023487326598
3010961,676.0072853439532
3010960,965.5861460790851
3010959,11.469528602233758
3010958,495.1244957603067
3010957,0.17039143621436756
3010956,2223.329552643181
3010955,6.00665528225275
3010954,0.1802155824082647
3010939,0.8608633602742113
3010953,4.568030615587003
3010951,0.3313357569322995
3010950,888.9494080629254
3010949,51.519047642774126
3010948,150.08660564763807
3010947,4.848752771708364
3010946,1.3019032344271642
3010945,322.61312601219345
3010944,149.95258323885443
3010943,1.4701170235312704
3010942,33.27762159492091
3010941,5.426708797349315
3010952,2.751605840210905
3011020,0.09642632405661383
3011075,15.845072806947407
3011022,3644.929477381092
3011103,546.2586446357743
3011102,0.8272440301387403
3011101,64.73192615735984
3011100,50.741940354550685
3011099,1.3971234531128531
3011098,75.79967631623136
3011097,8446.0486114508
3011096,250.56531086917488
3011095,386.5695471861677
3011094,642.3052630806619
3011093,2073.9511643217165
3011104,24.026845046883903
3011092,2286.048242584897
3011090,1263.8060286791122
3011089,0.19761034887445733
3011088,7553.630291062486
3011087,14.518806997049364
3011086,0.17542351550432328
3011085,11.597767285580911
3011084,97.37213589852233
3011083,148.9583953950099
3011082,7831.650288792059
3011081,340.4132729505215
3011080,1110.1480258497088
3011091,22.41993248266006
3011079,38.832757149740004
3011105,20.469514640469075
3011107,134.93750576392807
3010912,236.5015946410376
3011130,7631.846836670485
3011129,174.16520086044557
3011128,202.07689607327382
3011127,652.7528872730412
3011126,1546.9891142784775
3011125,1963.4562631038139
3011124,17.97681833683451
3011123,871.8888465806082
3011122,0.13418781888167858
3011121,5289.2457533185325
3011106,16.397040223252603
3011120,14.461289211242324
3011118,9.823716210325433
3011117,71.10325812630306
3011116,124.400082381147
3011115,5278.176161913521
3011114,253.56274980203202
3011113,1019.4925655756639
3011112,25.644373855263275
3011111,21.89489931642661
3011110,625.2329437115247
3011109,958.6731866545038
3011108,12.290749052824797
3011119,0.09814785803234335
3011021,2.0315981822873956
3011078,25.6220012028978
3011076,935.6837247187684
3011046,4.299170038152725
3011045,1.9222261631469517
3011044,250.79237842871817
3011043,171.7049080172187
3011042,1.6503492320464273
3011041,38.493446945410916
3011040,2.265330015452825
3011039,1.7578171307659711
3011038,0.31362390400808493
3011037,236.06605218119583
3011036,0.15740879410623318
3011047,153.70940623736595
3011035,16.149595238872863
3011033,0.6054193769112322
3011032,4.476900924063029
3011031,4489.25920893563
3011030,46.274002902972484
3011029,201.33202073329122
3011028,254.9599965450058
3011027,569.1417364596361
3011026,1081.901231399956
3011025,6.14443950043224
3011024,467.944624391265
3011023,0.061584021795086624
3011034,17.792067586596712
3011077,616.8403153121257
3011048,58.66781089790606
3011050,0.7709458963554259
3011074,223.63327073767834
3011073,27.09531713994819
3011072,21.28084828601999
3011071,33.57868303259646
3011070,543.0386444607487
3011069,1.1242545640416761
3011068,77.3858801487706
3011067,76.93295819305769
3011066,2.4907971016927086
3011065,82.25022210313028
3011064,9741.407905685535
3011049,519.6559276009086
3011063,321.82439800937675
3011061,605.0906603828648
3011060,2627.0168499405595
3011059,2510.8271983168015
3011058,24.673027845076504
3011057,1466.4351310861541
3011056,0.2492612788884538
3011055,9320.503675376343
3011054,13.520881162629474
3011053,0.2313497391218407
3011052,13.910200170964448
3011051,0.8643506506933682
3011062,516.3907615757255
3010911,393.5565254414139
3010801,38.17693276504943
3010909,55.93076599591049
3010767,3527.9183022672023
3010766,70.62688384504354
3010765,204.9873356664327
3010764,220.2988757911584
3010763,638.7617292441063
3010762,923.5242495843646
3010761,6.544297892640012
3010760,501.2320402009823
3010759,0.05762346960654101
3010758,2811.496587428979
3010757,0.9293320961380542
3010756,0.09026477624160113
3010755,4.061130506085817
3010754,0.3444731521817997
3010753,0.20396952374194183
3010752,210.37977595393454
3010751,23.034559544473144
3010750,49.33923596493032
3010749,1.585740319661948
3010748,0.538498872682942
3010747,90.65984209944239
3010746,83.15021030937979
3010745,0.5172449185792116
3010768,7.337878042530717
3010769,0.534937877000184
3010770,16.170458792678268
3010771,16.78793149280952
3010795,1014.4183860619673
3010794,10.819135987030538
3010793,614.4384027602327
3010792,0.1808591328667945
3010791,2938.177268485477
3010790,7.163540279549906
3010789,0.14336021545769964
3010788,4.150885497431179
3010787,1.1450589103320379
3010786,0.9084979580093819
3010785,1243.288837957668
3010744,19.813239736447233
3010784,58.95555712822934
3010782,4.52156410449433
3010781,2.8958349055290116
3010780,256.5674247340126
3010779,177.01058350645744
3010778,1.5142073620891066
3010777,43.60535956892675
3010776,2.802898034358323
3010775,4.885593235881904
3010774,0.2676464119980529
3010773,224.7616033364114
3010772,0.20946422987125354
3010783,122.34939988967322
3010743,1.1231436475619359
3010742,0.1312546681543181
3010741,0.04498971613683224
3010712,1.9058322607006892
3010711,30.448291233160084
3010710,4.860586102471403
3010709,3.2856581666773588
3010708,2.823732159596047
3010707,233.29197006697538
3010706,0.33475219666452555
3010705,23.88083815489848
3010704,17.330008165519565
3010703,0.9945516255220772
3010702,6.026051802964353
3010713,169.72614081152966
3010701,3757.088546636989
3010699,216.47576658118226
3010698,229.1567699305783
3010697,616.9707602411673
3010696,991.3091747736859
3010695,7.122123461586469
3010694,535.8083808676708
3010693,0.11727393073112438
3010692,2419.9028499013593
3010691,2.2341209469181313
3010690,0.19842464920390696
3011132,1.2764333300412738
3010700,68.91003036350037
3010796,885.1662975509349
3010714,264.35299600797146
3010716,5.493768877564527
3010740,106.07347568016392
3010739,0.06770617875993044
3010738,5.029351049257449
3010737,5.528598716470269
3010736,0.3229148078085653
3010735,1.9919660721561256
3010734,1861.7548585479421
3010733,31.826085618781896
3010732,171.39774069898536
3010731,93.06619394963535
3010730,159.6028001325398
3010715,3.183001387982606
3010729,482.34603993947115
3010727,110.54329439760265
3010726,0.0009230132288633196
3010725,1195.9467882944741
3010724,0.23561449790900446
3010723,0.037875229517159666
3010722,2.4161518795963026
3010721,3.8317645325888012
3010720,1.1638644423668159
3010719,393.1499996841436
3010718,44.97523996527685
3010717,151.68166107775264
3010728,2.265522140833479
3010797,193.38396982615035
3010798,148.84185015332406
3010799,114.23838237904188
3010880,4.770550269521657
3010879,312.4746874456515
3010878,210.94891073430293
3010877,3.187806164623849
3010876,45.19047153279391
3010875,6.800705715274353
3010874,8.767543591114103
3010873,6.938140609546627
3010872,287.9770175080838
3010871,0.33389678981992127
3010870,25.24080074617906
3010881,8.479650477875461
3010869,24.838351047319037
3010867,20.708943254267467
3010866,4788.50497441611
3010865,79.4406754881313
3010864,425.58687170251386
3010863,245.44332259664245
3010862,767.0652051381935
3010861,1372.0855373794664
3010860,8.76010665951872
3010859,644.859534626625
3010858,0.14634333956364243
3010857,3267.340753752466
3010868,1.104114195728807
3010856,3.6209140816020087
3010882,211.14358776236068
3010884,975.3395053323262
3010908,3.254324547799329
3010907,11.17933681681497
3010906,15.910379940986214
3010905,235.58023688111814
3010904,0.24460484637676547
3010903,12.687595069822569
3010902,14.565220044306425
3010901,0.9257192647101
3010900,19.451323299133726
3010899,3540.9345097029222
3010898,97.14827595047265
3010883,82.10075417162618
3010897,167.94856034943243
3010895,861.649279146766
3010894,846.6057064884736
3010893,9.559192796518824
3010892,449.50845956914566
3010891,0.11174894183008897
3010890,2584.2637385081052
3010889,6.206080526894619
3010888,0.06633128456879579
3010887,3.500980596746449
3010886,8.478329173777743
3010885,14.849131262088784
3010896,226.11163299859552
3010910,6.281580775052971
3010855,0.1992040103608764
3010853,13.125583810726724
3010824,2031.833601349807
3010823,6.07599065822011
3010822,0.05998259008113831
3010821,4.828460985471771
3010820,15.839279661022008
3010819,0.6972149022165715
3010818,2423.7867840437407
3010817,107.13243143526849
3010816,215.83678454026713
3010815,10.694678623079984
3010814,12.551337854435165
3010825,0.056412590112084354
3010813,255.87637507953457
3010811,9.116104658473416
3010810,67.86821780048685
3010809,4.397816500595698
3010808,20.160402513113517
3010807,14.077363540032254
3010806,238.13078589985446
3010805,0.2818884189993186
3010804,26.011336920294518
3010803,20.46798401013098
3010802,1.4006077050707568
3010800,3890.354978077181
3010812,216.4990560023869
3010854,5.219776861965915
3010826,412.320536822734
3010828,866.8369738981256
3010852,0.5147300532848764
3010851,1759.0244600044318
3010850,77.46816974033639
3010849,171.44325625818362
3010848,9.871006374221176
3010847,8.161266767932581
3010846,243.99920308817676
3010845,214.6987205576228
3010844,7.07085567111085
3010843,64.30165234266244
3010842,4.8693462945439325
3010827,11.007252020648862
3010841,10.450115665859236
3010839,218.7370693152987
3010838,0.1878462715270859
3010837,24.617813010954325
3010836,25.907112000966634
3010835,1.097289100118998
3010834,21.89177203979432
3010833,3340.0974951105964
3010832,88.71526727410654
3010831,120.33639505443776
3010830,176.7401656393695
3010829,606.3434382702313
3010840,13.108167391612287
3011133,37.29830450733678
3011578,40.31628067528962
3011135,0.7309291031113965
3011438,0.9752452569706502
3011437,18.99295471659071
3011436,2.6536207378288794
3011435,0.19098591199850481
3011434,0.3330960047728658
3011433,184.10447729240963
3011432,0.1324205192766398
3011431,14.44611813140759
3011430,15.572933587224636
3011429,0.4181377243726799
3011428,4.685006355332905
3011427,2862.5624251074587
3011426,30.048476624273004
3011425,93.81299311075618
3011424,178.38522653380633
3011423,235.3943766112144
3011422,910.9647193900421
3011421,4.042694885233763
3011420,212.73615629326233
3011419,0.05994117729067785
3011418,1686.1346608858953
3011417,1.3639247031474402
3011416,0.10321032961471845
3011439,63.57889455688969
3011440,183.03757800818934
3011441,0.5588756330705218
3011442,2.8746581811563074
3011466,257.2886364230628
3011465,0.288712555915218
3011464,31.310024927006758
3011463,21.082239045134557
3011462,0.9783278584948918
3011461,27.226233700008073
3011460,4330.288366524255
3011459,123.36177190144151
3011458,187.66390493732067
3011457,285.0876146134017
3011456,941.57076852268
3011415,4.038214226253482
3011455,1067.36666467826
3011453,540.5928786634323
3011452,0.10941326981936718
3011451,3041.234113011804
3011450,6.535945065078903
3011449,0.10399297619812621
3011448,4.3863744243140586
3011447,1.2509711108475612
3011446,0.21325820537996668
3011445,339.98888288985677
3011444,49.022862921736284
3011443,57.95731268203163
3011454,11.897734748466767
3011414,3.774020636410187
3011413,0.8303299746840551
3011412,1348.649794976773
3011383,0.13836369104787846
3011382,5.167427491449641
3011381,4.398466038489341
3011380,2.274115571206944
3011379,3184.9880705072055
3011378,56.43049435232601
3011377,101.24778881707692
3011376,12.521984942929341
3011375,8.408330126472839
3011374,426.05288246994184
3011373,121.18667787467677
3011384,6.622418997988652
3011372,5.8657478085972805
3011370,3.112791348279167
3011369,21.92334718794767
3011368,3.8157858111373413
3011367,284.02842043603874
3011366,0.6389801245102986
3011365,28.638022573249156
3011364,27.217176965349427
3011363,1.5925092075276734
3011362,13.905935756987981
3011361,4394.692820035515
3011360,40.98017436409342
3011371,114.96382789109077
3011467,18.917337599424542
3011385,1937.508324475775
3011387,482.88300713740324
3011411,124.49702814675602
3011410,266.4038803099685
3011409,7.078363780774961
3011408,5.121321672442837
3011407,234.06955744027658
3011406,270.77854816162557
3011405,3.859076059388351
3011404,67.55333306092561
3011403,3.3291841055209126
3011402,5.1287762788569875
3011401,3.602544526197602
3011386,0.20784753722700783
3011400,194.20302771561396
3011398,24.08792478897833
3011397,10.84887047726874
3011396,1.0587831236266063
3011395,10.358694694120082
3011394,2843.3299790473043
3011393,168.95110799378256
3011392,143.7699756717299
3011391,220.984474183091
3011390,605.2617945782473
3011389,792.7668800879196
3011388,7.729462827241726
3011399,0.35055909204509056
3011468,11.318339037595107
3011469,11.295873958159747
3011470,52.85374250859421
3011550,3478.310069474964
3011549,6.392918208021428
3011548,0.18924510977279935
3011547,6.898350525115719
3011546,42.24003930162669
3011545,0.6444156322600492
3011544,3574.915802595878
3011543,167.77441530594683
3011542,625.8249444008832
3011541,14.392192038421452
3011540,11.93440454408231
3011551,0.09443807457696164
3011539,326.3468241098083
3011537,9.955841153536305
3011536,96.52622684178826
3011535,15.099144895564613
3011534,19.37081165658072
3011533,20.9516007604965
3011532,324.6679865590173
3011531,0.4978271812876967
3011530,38.532794671814045
3011529,34.19547995876784
3011528,1.7970162566936332
3011527,36.12382449424311
3011538,552.4844204170713
3011526,4826.746678560185
3011552,675.0256627338408
3011554,1523.968996105696
3010689,4.308034173740232
3011577,1053.968808542556
3011576,80.99772599430447
3011575,374.76744197667495
3011574,9.4202356416218
3011573,4.546483736957402
3011572,405.61064829247516
3011571,340.8860682333323
3011570,3.180527513098573
3011569,46.19464939760583
3011568,9.016987251961778
3011553,11.028599860932738
3011567,5.405767996009344
3011565,365.2383235646739
3011564,0.4179910393799715
3011563,31.815580841182893
3011562,23.964439134484994
3011561,1.2329144952311486
3011560,12.105952365865495
3011559,5498.701954868852
3011558,70.76462186384838
3011557,272.82186391725077
3011556,453.712667760573
3011555,930.2416073312432
3011566,10.052377005128903
3011359,61.58899686095699
3011525,164.8087356333605
3011523,305.04847204581273
3011494,37.90602874523989
3011493,4287.724446852247
3011492,174.46133383852435
3011491,281.1816052867676
3011490,238.94663126915316
3011489,1329.2143385565191
3011488,1117.9105451559833
3011487,15.087739544899012
3011486,739.9095461534116
3011485,0.21180327249498757
3011484,4015.732461288426
3011495,1.7175830883020295
3011483,7.567805843080373
3011481,4.373308985239003
3011480,26.632265863085546
3011479,0.3385318079374284
3011478,2654.7670090562297
3011477,102.06905467121167
3011476,493.62719425860826
3011475,10.75391020495354
3011474,9.625513159951511
3011473,288.6505212997115
3011472,460.561908090505
3011471,7.190372887611366
3011482,0.18725335201579454
3011524,286.80387411189105
3011496,24.6563673973504
3011498,0.5048212541524701
3011522,1298.8889032088348
3011521,1257.0585143279413
3011520,15.748826071898105
3011519,778.8382694644022
3011518,0.17120362362589497
3011517,4043.935132764946
3011516,9.712657870675411
3011515,0.16966037263533093
3011514,5.451676430833557
3011513,43.53503287065217
3011512,0.48897051055262464
3011497,35.94095532138005
3011511,4037.9277713125925
3011509,620.0655866919072
3011508,12.939800138513156
3011507,10.327280710227454
3011506,266.49142336896784
3011505,561.2664021936001
3011504,10.619301836964281
3011503,110.55603817603969
3011502,7.870295099636616
3011501,20.6116232110465
3011500,16.241089980054575
3011499,280.3148810196918
3011510,163.47323209910982
3011358,386.9803063867273
3011357,1016.8970133124391
3011356,1406.1303819938646
3011215,108.00477691815723
3011214,2132.8140168384157
3011213,103.55883638037112
3011212,748.6907508451973
3011211,19.86945148910101
3011210,17.877412211662165
3011209,598.1694934790326
3011208,795.3937571627858
3011207,6.356723986670588
3011206,64.49837453019664
3011205,5.677908965364083
3011216,29.798345551903253
3011204,9.691688251127985
3011202,493.71807028259167
3011201,0.5798938277981631
3011200,37.22944198047628
3011199,37.24407755593705
3011198,0.8330269626166094
3011197,42.53617713667381
3011196,7334.4769250673235
3011195,124.31686072330858
3011194,150.44345885212752
3011193,570.4720880102301
3011192,1248.0502189082706
3011203,27.349208190714663
3011191,1872.7258431611137
3011217,9.166980234972295
3011219,10.65715561960319
3011243,19.036178820831147
3011242,503.7343265594322
3011241,752.3517228356568
3011240,12.817610160871537
3011239,152.1814293155264
3011238,5.061932580087481
3011237,21.916295443896963
3011236,23.77474390155614
3011235,471.66409652607393
3011234,0.6636845725120615
3011233,52.14130883226841
3011218,0.13369149308275838
3011232,49.32113216503709
3011230,64.61904593906925
3011229,7267.532912794999
3011228,220.42749304686683
3011227,352.12162650168347
3011226,494.5236675682443
3011225,1896.650082351868
3011224,1908.3717234550088
3011223,21.490325778248334
3011222,1182.875963557806
3011221,0.20900460805984356
3011220,6863.114311920019
3011231,1.3980227088587225
3011244,24.603934215789934
3011190,17.50526783082571
3011188,0.10971080910047777
3011159,1836.9299831392857
3011158,2099.6286407027337
3011157,20.055840562040284
3011156,1121.3516726886623
3011155,0.22432440946999388
3011154,6408.423058137088
3011153,15.550085680541834
3011152,0.12444398320342344
3011151,10.80534638580969
3011150,46.300046843175444
3011149,110.34155938441597
3011160,630.5552113323961
3011148,2929.0754657902253
3011146,810.7770374687524
3011145,27.896615401005597
3011144,19.952781344515817
3011143,617.9941886840486
3011142,845.6298220405396
3011141,8.844537057521887
3011140,101.46858724160423
3011139,8.400382600439023
3011138,15.191616881465478
3011137,23.748831337270527
3011136,513.0484972315895
3011147,146.35712586127394
3011189,736.882424792095
3011161,282.6492539167581
3011163,8267.872153562254
3011187,4241.732647523247
3011186,13.822105261742411
3011185,0.07062860668269484
3011184,9.335831698122323
3011183,54.38034128294115
3011182,119.69302945205375
3011181,4249.853939256163
3011180,189.16767428808132
3011179,921.7969997690324
3011178,23.284156200249154
3011177,20.93224106779148
3011162,192.14172182903943
3011176,658.84681384521
3011174,10.59546737451495
3011173,126.60139765036517
3011172,10.47221875213816
3011171,18.654409636648086
3011170,28.67871456716667
3011169,539.092705584293
3011168,0.8891593009087511
3011167,56.2742722459845
3011166,46.1815340543833
3011165,1.4575706905699133
3011164,59.02181931717574
3011175,829.243739101706
3011134,46.80403049235073
3011245,808.0846298463748
3011247,6030.690937307029
3011327,188.9538566899475
3011326,316.9604173798637
3011325,330.56576777938284
3011324,1474.7984273672007
3011323,1459.399261212233
3011322,12.080641247956732
3011321,969.9449877419604
3011320,0.19083122073262665
3011319,4745.062805367644
3011318,7.087173323770349
3011317,0.14826351632421808
3011328,5346.419870733383
3011316,6.079050368562799
3011314,96.59842370856612
3011313,1797.928995301413
3011312,86.32474830728468
3011311,497.51193474844524
3011310,15.501648221685617
3011309,9.319181107378007
3011308,416.40503650160053
3011307,590.9410915093121
3011306,6.023470474153717
3011305,67.38707277750804
3011304,3.6212068191550824
3011315,23.499864721525675
3011303,6.048037873268797
3011329,26.556232037413345
3011331,22.191644757448852
3011355,5.999560005470444
3011354,975.3047239595465
3011353,0.3579925000490226
3011352,3415.7717170100336
3011351,7.613545479093823
3011350,0.27086100764288773
3011349,4.84557106822298
3011348,41.09532708164977
3011347,2.523837906689263
3011346,4323.574052778855
3011345,148.20107039421492
3011330,1.148672994837617
3011344,613.6026493300624
3011342,13.685642101185225
3011341,363.97734649974694
3011340,640.7044697083365
3011339,7.4944241363071225
3011338,110.52094564387967
3011337,3.985782481683656
3011336,18.466243282214545
3011335,3.5486398837126814
3011334,340.65415341091784
3011333,0.7052411211002265
3011332,29.435421659834923
3011343,11.505520035991317
3011246,223.33846756861462
3011302,18.940697454832648
3011300,0.46967275005888043
3011271,8.11551925201939
3011270,4.751991675609975
3011269,8.396994084859484
3011268,199.46949394393752
3011267,0.33576029128440343
3011266,26.781692321577694
3011265,17.84382885880948
3011264,0.9468310060053073
3011263,16.112175538310257
3011262,3298.8211149039685
3011261,73.05698928789457
3011272,46.62172463618157
3011260,121.0376507695699
3011258,637.3712278508129
3011257,919.4979608471924
3011256,13.411279723557755
3011255,434.56196831695485
3011254,0.1238226695282905
3011253,2089.7584818379837
3011252,6.666893449664641
3011251,0.1627545836955706
3011250,4.759317838707858
3011249,66.68849551192329
3011248,101.52721446666675
3011259,214.1181146088721
3011301,326.4586357397681
3011273,4.752536331063541
3011275,236.6422517615877
3011299,42.944847258970036
3011298,35.553266092984764
3011297,1.0694140812819426
3011296,40.2959079486572
3011295,5590.517846355288
3011294,98.9312028252688
3011293,134.62073423660672
3011292,399.13185942529896
3011291,1084.3421131358068
3011290,1524.211664922227
3011289,20.315467397196635
3011274,216.74591222325668
3011288,605.1653843818046
3011286,3896.6078945936733
3011285,9.940779633907114
3011284,0.09142633008325493
3011283,8.63755859518663
3011282,12.362493620899098
3011281,0.5160300458375213
3011280,1202.4626503819475
3011279,72.58189056626232
3011278,198.14125695979905
3011277,7.8128382158660585
3011276,4.417591626636943
3011287,0.1486700024515327
3011579,14.04484702678263
3010688,1.341526715035204
3010686,752.3631583972967
3010099,0.0
3010098,1067.3681209577308
3010097,3.8496084251809997
3010096,0.07272142607778696
3010095,1.9058837568054576
3010094,6.6088091876632244
3010093,16.058762903954197
3010092,705.7652045615283
3010091,50.49088856373984
3010090,294.0162790624242
3010089,4.239031331754553
3010088,1.1559814381435567
3010087,294.1569276199262
3010086,214.15223518689723
3010085,1.4254974170555021
3010084,26.930186276287888
3010083,5.926250557860321
3010082,0.4053288913575469
3010081,1.7018340066834763
3010080,291.984446475338
3010079,0.17590372466582122
3010078,18.546205814099324
3010077,16.330984503699295
3010100,117.51489784737277
3010101,1.9124988748008565
3010102,290.94601353182094
3010103,212.69790827105976
3010127,2.209683776641106
3010126,21.86078760092288
3010125,113.93108676772646
3010124,5.283333228177948
3010123,15.860788064580227
3010122,3.1791548261849796
3010121,2.375089060903432
3010120,73.14744052993953
3010119,1.5407268240390057
3010118,1.1378893412451876
3010117,12.450838578742001
3010076,0.5775485155919726
3010116,3.0946951159214615
3010114,2.5404872946731887
3010113,48.14061984706908
3010112,0.1349929525557985
3010111,4.859120991027502
3010110,5.290659511971282
3010109,0.5149727564488817
3010108,4.251246890034249
3010107,2287.3637054327764
3010106,3.492185800470023
3010105,73.3488582015232
3010104,86.28736780131521
3010115,2.239521647148712
3010075,6.513898685517686
3010074,4127.324029451298
3010073,54.96273539029328
3010044,14.232319517279182
3010043,0.35503871145883037
3010042,2.989320829244134
3010041,2447.919658277724
3010040,32.84967414337758
3010039,159.41518703203266
3010038,179.22211926404597
3010037,274.4600099923761
3010036,776.6800350512214
3010035,3.89543247107407
3010034,176.98096985065663
3010045,13.213831614078556
3010033,0.0007249482256035922
3010031,0.420644933659759
3010030,0.0890282904408196
3010029,3.335218173534437
3010028,3.808819849471641
3010027,9.209609088015034
3010026,540.8476830665711
3010025,39.8489095145897
3010024,124.47421799506745
3010023,3.953057227836722
3010022,0.9423489193401289
3010021,199.46936549238077
3010032,1497.893221022497
3010128,4.106338009172537
3010046,0.11590687893076006
3010048,0.39128949743968466
3010072,206.99776521096476
3010071,394.0974244454261
3010070,603.5469822928085
3010069,1104.2622575120804
3010068,5.323267002586572
3010067,348.5526358615323
3010066,0.0898038390765842
3010065,2825.9976615805163
3010064,1.9791728054915771
3010063,0.14274294344576616
3010062,4.18381286297735
3010047,190.59394371326195
3010061,1.610211053058904
3010059,242.93398710954418
3010058,36.07117819779942
3010057,99.18664693038511
3010056,2.9394380387771024
3010055,0.7163741804841344
3010054,172.42556016940625
3010053,99.96475736279191
3010052,0.8390066996161556
3010051,18.36507014857999
3010050,2.4602318721133964
3010049,0.1339178423002503
3010060,0.18280025925371327
3010129,0.17775435587316524
3010130,0.9007827898022673
3010131,1915.839853046692
3010211,0.16319623952039242
3010210,17.628994421269123
3010209,17.253773885866273
3010208,0.5469952977485704
3010207,8.986937186190303
3010206,4555.146457469501
3010205,42.25542655605314
3010204,187.02202326530087
3010203,384.45149819146786
3010202,724.6183980610095
3010201,1217.4258535296067
3010212,286.0810884144232
3010200,6.513073170420668
3010198,0.0004999953642205727
3010197,3032.3858168833476
3010196,4.657484175337977
3010195,0.2731009806484325
3010194,5.112956013353038
3010193,24.671479066684746
3010192,0.36546220311256006
3010191,2375.6426368949337
3010190,95.40899954117818
3010189,445.1453207243396
3010188,10.385181664850196
3010199,526.6780574701559
3010187,9.628064945683244
3010213,5.308474343817984
3010215,3.301585846328991
3010239,3602.0808588788477
3010238,60.18032523339718
3010237,244.28973732248755
3010236,286.4793729615969
3010235,546.6600556389516
3010234,1015.0318268959883
3010233,6.6259001917238
3010232,451.61527721919276
3010231,0.10760144707110801
3010230,2222.8787303821155
3010229,4.029512568775167
3010214,3.7657571419220943
3010228,0.24487631317596933
3010226,8.514189922456826
3010225,19.53607633595554
3010224,708.4833234317771
3010223,57.27523063198522
3010222,206.19557340766045
3010221,5.955898689950884
3010220,3.2167638953832256
3010219,327.041073515591
3010218,206.4156431704438
3010217,1.995549752249595
3010216,26.81700735152252
3010227,5.490331515467482
3010020,131.9511344339773
3010186,255.02557907862945
3010184,6.942326536933086
3010155,3.9163315688969877
3010154,0.9489288375757634
3010153,189.35045378403976
3010152,130.79285998085425
3010151,1.1993045396341646
3010150,19.946799013415628
3010149,3.0461989530681617
3010148,0.1700859489103489
3010147,2.95464484913215
3010146,206.92945006097187
3010145,0.16628303552336438
3010156,119.6808266883305
3010144,10.695691502402875
3010142,0.6077388505174499
3010141,5.770797814593557
3010140,3230.6309848455126
3010139,42.36693750218871
3010138,90.01354348570288
3010137,258.7122107434621
3010136,346.04473149410086
3010135,822.6257927798011
3010134,5.019762457090775
3010133,190.5342125879871
3010132,0.07597823426578632
3010143,12.408233038785534
3010185,420.3123226859889
3010157,38.36943014979957
3010159,7.291916559727179
3010183,67.69669003950713
3010182,9.18302740205703
3010181,12.571754780527256
3010180,16.962335941201843
3010179,244.64523365131342
3010178,0.3160938039379739
3010177,25.762573449917294
3010176,16.85396391447238
3010175,1.1140022621601946
3010174,23.800647264154897
3010173,3916.5126740586697
3010158,311.84116208068366
3010172,105.5697906341552
3010170,241.56126735119335
3010169,901.4027685614055
3010168,973.409930570026
3010167,10.754432865041863
3010166,548.0364052773158
3010165,0.12256822535217707
3010164,2885.7314184980646
3010163,6.955226837479146
3010162,0.11060735463533092
3010161,4.056549078959319
3010160,2.960070299195332
3010171,188.02438648301646
3010240,6.288101752697145
3010019,1.1923785694064475
3010017,3.207055590567891
3009876,5840.641059756373
3009875,72.19168772436373
3009874,209.45065299906852
3009873,434.7687369143292
3009872,769.928350109701
3009871,1698.6662875327136
3009870,9.555169981679509
3009869,656.9442316286629
3009868,0.13276975107354433
3009867,3688.1094615871752
3009866,3.3536618097664928
3009865,0.24049448234036866
3009864,5.903181608314896
3009863,2.2706411863074023
3009862,3.495773651602632
3009861,274.69797294123174
3009860,17.705935511602707
3009859,133.22112587758116
3009858,3.1345634138193406
3009857,0.6636425752580828
3009856,163.5469855572048
3009855,132.67551747916087
3009854,0.6182392487145951
3009877,14.199514019115448
3009878,0.8180363450744585
3009879,25.811490801302018
3009880,27.564247473648326
3009904,726.0511751778794
3009903,4.887671068247187
3009902,179.51642443166728
3009901,0.06421046229883091
3009900,1603.3645387264871
3009899,1.679156981709966
3009898,0.13930966061874647
3009897,3.638699296630949
3009896,7.853732502009443
3009895,15.627547287480095
3009894,1329.7604355936255
3009853,8.638845627262986
3009893,68.18799617621454
3009891,8.074628276431234
3009890,2.669305809453932
3009889,404.38581436021406
3009888,448.7824942075446
3009887,2.318106501785914
3009886,28.415886818738713
3009885,6.35682021880322
3009884,2.4498999716997885
3009883,7.319429565726237
3009882,370.91198645242827
3009881,0.32215412193326837
3009892,358.2046324139274
3009852,1.4551651159239918
3009851,0.0
3009850,1.8901446710742134
3009821,6.8158801997531215
3009820,67.52535375322083
3009819,4.558052328691482
3009818,13.388239407171717
3009817,15.840507555142036
3009816,209.2502928253474
3009815,0.29555074867341846
3009814,25.564690380262814
3009813,16.757888357974185
3009812,1.2041409860388086
3009811,21.91577966555117
3009822,343.17230678407634
3009810,2913.821227013315
3009808,152.44491580609358
3009807,170.8028751409357
3009806,810.565117908791
3009805,740.8819564311883
3009804,11.52236449614941
3009803,456.27163607835655
3009802,0.11192996394209953
3009801,2437.9405306686017
3009800,4.626143430909718
3009799,0.10008244301237927
3009798,3.6774915685867002
3009809,95.84084743666375
3009905,357.69000954693433
3009823,186.44569474852503
3009825,11.962469345201418
3009849,166.05893700469312
3009848,0.11193039934058656
3009847,6.503354317507917
3009846,6.95504718943589
3009845,0.38043805046502105
3009844,2.760543837637814
3009843,2832.213944011143
3009842,24.899966033203054
3009841,55.16768516940239
3009840,190.04202264931644
3009839,257.3370420113926
3009824,9.127630847717013
3009838,708.9316863076153
3009836,114.7762951742469
3009835,0.0
3009834,1220.595143539489
3009833,0.6173955462476468
3009832,0.1000491373120884
3009831,2.364177797498897
3009830,22.965635580107236
3009829,0.3508411424940352
3009828,2233.7256978329483
3009827,77.47498743361267
3009826,352.19879526233336
3009837,2.760906414608691
3009906,191.6137371871409
3009907,73.36016062683413
3009908,31.236390264932126
3009988,212.98616308894
3009987,155.17961667423046
3009986,1.063425881256868
3009985,18.187916507073805
3009984,2.9602054638074877
3009983,0.10074106548395112
3009982,0.6931290602160527
3009981,211.43856339674585
3009980,0.12574822511666656
3009979,17.538037390611017
3009978,11.479216280209172
3009989,0.6734862580283512
3009977,0.4712580982565416
3009975,2944.21460553282
3009974,35.73848253755549
3009973,70.2733895354653
3009972,211.64386115158732
3009971,382.49525217477515
3009970,918.9976544316484
3009969,4.84222015980428
3009968,199.36738698342296
3009967,0.037490326468048674
3009966,1653.7466545618943
3009965,0.7001383839612418
3009976,4.295343031392046
3009964,0.11339199389881648
3009990,3.2889167600489575
3009992,43.057366281056915
3010016,0.24655499200367056
3010015,3.140107837218623
3010014,227.84498860051124
3010013,0.16967646651179905
3010012,11.489383145905983
3010011,18.14021494074094
3010010,0.6195502536659547
3010009,6.420020710550593
3010008,3235.3936220458654
3010007,46.76748114036557
3010006,99.60764160744534
3009991,105.36017420548744
3010005,290.7612739272007
3010003,859.1967685941353
3010002,4.785587160389976
3010001,194.1064583354391
3010000,0.07916187630463463
3009999,1782.7110279472681
3009998,2.2301722703001117
3009997,0.28671294225198035
3009996,3.6360957272610817
3009995,2.513779457721569
3009994,6.65306122598185
3009993,287.6276173582243
3010004,374.91308239680063
3010018,21.58045399416683
3009963,3.381924965442626
3009961,5.606676522340302
3009932,0.69879782771752
3009931,0.11924481847461796
3009930,3.536901532015696
3009929,1.8480727603882707
3009928,7.754633921038685
3009927,228.1257995452369
3009926,31.360540507380954
3009925,112.1499207656936
3009924,3.4950230390896353
3009923,0.7945210485653866
3009922,167.68322017995715
3009933,1563.9931772696323
3009921,128.00421250961222
3009919,22.003561409124774
3009918,5.479929456697939
3009917,0.11372548316235115
3009916,1.3419981380975115
3009915,173.0661071385382
3009914,0.1399677239029075
3009913,14.657098161693185
3009912,10.693122000664003
3009911,0.5322832847905619
3009910,3.9927876752393514
3009909,2698.0140523719056
3009920,0.9123736366776332
3009962,1.717340814849745
3009934,0.0545770749814518
3009936,4.568895665433457
3009960,216.41372403379316
3009959,29.508180247000467
3009958,106.95304041620349
3009957,3.358404816518597
3009956,0.758399443295481
3009955,170.3045292093077
3009954,123.15150988613972
3009953,0.8542504446800412
3009952,21.24844017747571
3009951,2.584335586256604
3009950,0.1153272058033028
3009935,172.90561290347122
3009949,1.4177983577634792
3009947,0.14160718725445517
3009946,14.049465969233164
3009945,13.038175800356248
3009944,0.521232914936091
3009943,3.940436427112794
3009942,2634.865720734368
3009941,29.677665862183247
3009940,65.46443805946508
3009939,165.11035844120644
3009938,325.2277236526824
3009937,735.677723773212
3009948,166.95724322519078
3010241,0.6870652550975636
3010687,0.29630340631245417
3010243,24.03379200021603
3010545,16.820104363564685
3010544,33.08277832914021
3010543,30.52924094107283
3010542,438.98046751197415
3010541,1.2467363038656267
3010540,52.32474749041857
3010539,40.276976493671484
3010538,2.738915956322461
3010537,70.64700714365947
3010536,6656.4909157926895
3010535,270.99217397588865
3010534,488.2023990065825
3010533,400.7838817477336
3010532,2101.1955634676206
3010531,1824.4784991915858
3010530,25.43811971475494
3010529,1217.6644802053695
3010528,0.4261711470277708
3010527,6708.137219863117
3010526,10.718904366523342
3010525,0.4311579311688041
3010524,7.482845830853572
3010523,2.585340179160927
3010546,157.852293681487
3010547,16.164687694454653
3010548,846.7832124674286
3010549,481.4774782329592
3010573,8.988832981146004
3010572,10.432120512671641
3010571,0.33939941054835715
3010570,2.120247878477986
3010569,1756.2941846247093
3010568,29.799423780003277
3010567,136.28130722472523
3010566,110.3515682956554
3010565,234.33881641726788
3010564,525.9362418757964
3010563,3.2180448660767054
3010522,1.0803306415400011
3010562,139.33713637929844
3010560,1189.9984177944095
3010559,0.3634697545150207
3010558,0.0399079786819322
3010557,2.3701786079974143
3010556,83.82394104138886
3010555,0.9977710695747422
3010554,6568.428760740464
3010553,313.40471481823187
3010552,1074.0467272190972
3010551,20.410104430004935
3010550,17.236815781405106
3010561,0.0
3010521,680.1597494823261
3010520,58.126554087773755
3010519,144.38974081010977
3010490,3.073515558548255
3010489,1.1567508787039489
3010488,759.6457705681847
3010487,57.878309030605834
3010486,193.2771205659307
3010485,4.968649439244123
3010484,3.150203263577831
3010483,264.84586747114656
3010482,164.33540297788036
3010481,1.3162728851325012
3010480,43.668933893943915
3010491,4.322790456135892
3010479,3.8530985753289455
3010477,0.3541217970914271
3010476,246.9477414473453
3010475,0.32868522416138585
3010474,19.347679008243524
3010473,25.09309213171626
3010472,0.8522948798924299
3010471,5.710539524188313
3010470,4262.133169387131
3010469,46.51865377012859
3010468,283.8190015125849
3010467,294.85270406097544
3010478,2.428222361422723
3010575,121.66524453806343
3010492,0.20669816645773134
3010494,2489.5109269891727
3010518,4.761271486406216
3010517,3.0786752411291083
3010516,227.51927099156876
3010515,156.9363642749455
3010514,1.4975695629749728
3010513,39.002607341209355
3010512,3.1295960375331298
3010511,2.1639220953940512
3010510,0.3352927706741598
3010509,239.54731183906887
3010508,0.319010545776478
3010493,1.1611303956172927
3010507,12.003509760859233
3010505,0.7573632403680266
3010504,5.047756679368821
3010503,3372.669361217753
3010502,53.32321268755488
3010501,239.92102599414835
3010500,255.09775984969832
3010499,610.4631494107683
3010498,898.0256925433673
3010497,6.723549365290078
3010496,531.2203249752132
3010495,0.13438296970913546
3010506,19.849506827247296
3010576,0.41779647253689584
3010577,0.2177026453810148
3010578,2.0268249879057234
3010658,0.685113664019984
3010657,0.19447222225900865
3010656,5.314944981140145
3010655,0.9527336732561342
3010654,0.15101544279639872
3010653,203.37300140361617
3010652,14.998230370785707
3010651,63.22740716039543
3010650,1.8591384961289283
3010649,0.6231183196168628
3010648,99.90476140333465
3010659,1962.791342613454
3010647,59.603580543020094
3010645,18.472256639581907
3010644,1.5572215165106376
3010643,0.10178856057304041
3010642,0.24733263506165076
3010641,100.12248500451196
3010640,0.08309419432063914
3010639,4.776170713269789
3010638,7.0772855013808975
3010637,0.3012083219635371
3010636,1.4292253011029925
3010635,1709.499506563282
3010646,0.4246259671505044
3010634,21.945599744450895
3010660,0.07077210472305133
3010662,4.72859444684549
3010242,17.686619158978544
3010685,40.83077884805471
3010684,182.5038276606754
3010683,3.695497555921813
3010682,0.932716640050314
3010681,222.3430468163864
3010680,205.97257970916618
3010679,0.9472066379761168
3010678,27.889585187945585
3010677,5.481626611863216
3010676,0.2210633777589093
3010661,289.4039401729127
3010675,0.39770966305426014
3010673,0.18309418399129312
3010672,16.35875522746738
3010671,22.0376371662578
3010670,0.6505766896162222
3010669,3.300976570033445
3010668,3266.9444715492477
3010667,49.341075512445116
3010666,204.8778110866245
3010665,225.7606485422966
3010664,419.70050069166524
3010663,918.7564063488409
3010674,216.82966200999638
3010466,754.2784017422376
3010633,141.88718270895245
3010631,173.79845272241832
3010602,4113.82284375584
3010601,55.541583762304406
3010600,294.39099703489126
3010599,274.5640921808149
3010598,678.7335019171412
3010597,1192.0987835948833
3010596,6.537502971296636
3010595,525.4529647219612
3010594,0.08641435753584069
3010593,2814.16139466515
3010592,2.1775897572853724
3010603,6.435413562229116
3010591,0.21942224056056764
3010589,1.47337781781428
3010588,0.1884521754500469
3010587,302.7135469306046
3010586,22.471151617656464
3010585,78.10054071905653
3010584,2.4608149297256863
3010583,0.873147173624137
3010582,109.23280534008369
3010581,70.4027640204769
3010580,0.6440714328990045
3010579,18.821154638143575
3010590,5.53419746860017
3010632,92.0847707041749
3010604,0.5644698531354957
3010606,18.81408446083364
3010630,490.56682769461474
3010629,2.8343293973111625
3010628,109.47385006007237
3010627,0.0
3010626,901.6795704735913
3010625,0.17969198347296964
3010624,0.013626427073791924
3010623,1.7696762947704423
3010622,4.285972067500735
3010621,0.8622395701759509
3010620,795.3552926851987
3010605,18.312780673260654
3010619,64.97420079322261
3010617,5.7369449373293095
3010616,2.394041207839763
3010615,276.0462909371565
3010614,243.77752874974988
3010613,1.5186887269827616
3010612,21.559071554627053
3010611,5.554124175061256
3010610,1.9793418971790668
3010609,1.9555741026818483
3010608,240.86720634118834
3010607,0.2748911382630752
3010618,175.3871175368717
3010465,1105.36809128998
3010574,0.1183217910008277
3010463,640.6057290811352
3010323,1015.2625473858304
3010322,36.35862793390073
3010321,252.5168302461272
3010320,5.030167656391313
3010319,3.612025862995929
3010318,158.87202473685622
3010317,330.80539120220294
3010316,3.1292466858599397
3010315,32.47796406078596
3010314,4.382346608863063
3010313,2.247276321116976
3010312,6.9128129381508465
3010311,131.8009672641288
3010310,0.12731895244838357
3010309,17.11725463428582
3010308,11.482486506671682
3010307,0.5099585009106273
3010306,15.397797637850491
3010305,2253.6601980717073
3010304,49.14106581929967
3010303,61.80505650687577
3010302,147.40496940774383
3010301,470.742924892728
3010324,0.30378310584061824
3010325,9.846622882432749
3010326,3.351699814640506
3010327,0.09981069236091311
3010351,303.6384586297792
3010350,400.5139786318467
3010349,9.200843568011118
3010348,81.45517459746509
3010347,7.1571242123218095
3010346,18.579247357560103
3010345,8.705947257890289
3010344,266.9016352990525
3010343,0.2607655580241129
3010342,41.25400481265995
3010341,27.5670818417297
3010299,8.56487912100896
3010340,1.252876049242726
3010338,3717.3274968192286
3010337,103.18974432474599
3010336,197.87785639252334
3010335,276.050200022989
3010334,1261.3545455911583
3010333,961.0217177497587
3010332,13.014285702049142
3010331,839.8736195321026
3010330,0.19178026478808455
3010329,3376.651878547742
3010328,7.246237838422241
3010339,20.167961305861397
3010298,274.9120731776197
3010297,0.04149563848820485
3010296,1421.037067315141
3010267,672.3535919166709
3010266,4.774487691177106
3010265,183.14558508794062
3010264,0.12133867299641427
3010263,1437.2562138365854
3010262,0.8213999898136313
3010261,0.23548229357675265
3010260,3.359883659149297
3010259,3.7339217746536457
3010258,0.7831704776995756
3010257,698.7216622296615
3010268,255.752884671949
3010256,84.6641561020628
3010254,8.217424232664607
3010253,2.1696034059688025
3010252,262.53180235537303
3010251,187.6866438783997
3010250,1.7470922831516984
3010249,35.22319487286092
3010248,5.068866980350015
3010247,1.768493786258441
3010246,2.4591462523923693
3010245,252.41681249394557
3010464,7.4717587958112635
3010255,199.10715015000935
3010352,13.809727761893573
3010269,152.0381039603176
3010271,29.06003475782558
3010295,3.67409130935932
3010294,0.04863481894663064
3010293,3.135265971214328
3010292,1.2617513955493398
3010291,10.73669136128769
3010290,345.2274879024572
3010289,25.934593222200874
3010288,59.56349179669503
3010287,3.805925209475868
3010286,1.027928333322956
3010285,141.86201159412803
3010270,88.46055863030968
3010284,56.56793214906019
3010282,26.601698530265786
3010281,2.923568657185077
3010280,0.6220618387347054
3010279,0.9143434966573982
3010278,156.24464460604565
3010277,0.1984591249613307
3010276,9.870587705813653
3010275,18.20501429813487
3010274,0.5688782617391459
3010273,3.6399208161189804
3010272,2047.770070102145
3010283,1.6668140546109345
3010353,9.66665540850248
3010300,497.0815589362741
3010355,110.38182474974069
3010434,242.5218679961907
3010433,922.7527964758344
3010432,812.0402453282275
3010431,10.520772800956406
3010430,580.2528339964161
3010429,0.13061122586462298
3010428,2809.4150073664327
3010427,6.396485512698252
3010426,0.1276234047564379
3010425,4.03576661814613
3010424,2.5237427236052112
3010435,189.80101020213448
3010423,0.2896343965377826
3010421,17.047895834563448
3010420,125.2237751328199
3010419,3.0905660061497207
3010418,2.85228983184913
3010417,111.98402341113963
3010416,170.92204965587973
3010415,1.5259388638730962
3010414,19.072342093497106
3010413,1.65951353767284
3010412,2.2938703097969766
3010411,1.759306721030438
3010422,439.40374801176984
3010410,80.94434229916497
3010436,83.53767170601091
3010438,19.99661349855891
3010462,0.1470175485685664
3010354,445.3045573455072
3010460,1.2647505862853814
3010459,0.21398482237451247
3010458,5.287123834377681
3010457,15.399997497721742
3010456,0.4711980447830441
3010455,2585.1600073671907
3010454,75.95677669848885
3010453,370.03802276077903
3010452,8.539189061936451
3010437,3334.6072625692395
3010451,8.782113670728407
3010449,300.84868935353546
3010448,5.109166034922661
3010447,92.17046664172466
3010446,4.8326000980914205
3010445,15.660756572269332
3010444,6.834820067057502
3010443,207.58586010599777
3010442,0.2619618423670704
3010441,27.296911770739467
3010440,18.86588623523975
3010439,1.2684643697722269
3010450,230.90341491229012
3010409,0.16156850193019281
3010461,3239.7714557486734
3010407,7.669027395773281
3010378,0.39841033034564294
3010377,39.7624315594022
3010376,0.09354711207657768
3010375,6.936200899216423
3010374,4.659623958017684
3010373,0.4989121110051587
3010372,5.6977358829158
3010371,1092.8553546175303
3010370,4.41119910880002
3010369,17.4899085033057
3010368,33.64414394953114
3010379,6.31375677796457
3010367,202.15652223368255
3010365,2.4868142269402034
3010364,82.90057347458155
3010363,0.0
3010362,499.8902478381725
3010361,1.851104342041146
3010360,0.0
3010359,1.54352053367609
3010358,25.742382441598195
3010357,0.5790068906476589
3010356,3063.6260784083065
3010408,6.786754681551282
3010366,174.84597639752104
3010380,1.453844914217897
3010244,0.2772170878868644
3010382,2.081011601501367
3010381,36.95507626957609
3010406,0.47228321656481026
3010405,3.8951487289617344
3010404,1394.7967855134339
3010403,25.85937313272582
3010402,44.89511265252262
3010401,80.17290598041573
3010399,374.27875344560084
3010398,5.709428194739157
3010397,217.31816992101045
3010396,0.02751666315210642
3010395,975.972621983917
3010400,262.1845777980771
3010393,0.014851582309134177
3010392,2.5084286027971037
3010391,0.5427269797330194
3010390,0.25358423458799484
3010383,8.572673891170458
3010389,144.44473856275292
3010388,5.954636040194642
3010387,12.35244073101209
3010386,2.305447013892988
3010385,2.7708712024512328
3010384,51.6142645128888
3010394,1.0536674863494047
3012765,1950.3975432222314
3012766,0.5460542984297501
3012767,7.604531584304304
3012768,3.761274831424225
3012773,484.78074530376625
3012770,4.73166446120045
3012771,2039.9708867106865
3012772,0.17632551866938684
3012764,55.933621328982156
3012769,0.1271023512781693
3012763,212.17546635595616
3012751,18.14214598265421
3012761,8.274173653158421
3012760,258.3153481733457
3012759,194.23038423568312
3012758,7.030020421238211
3012757,46.049773834628766
3012756,8.040126017133803
3012755,12.394372851804212
3012754,8.77745622648187
3012753,211.43220354243496
3012752,0.300531822711908
3012774,9.818309856839546
3012762,13.073889937661333
3012801,4.036036279169773
3012787,12.577105660018784
3012776,612.8537160507159
3012750,19.50307325480573
3012800,10.372532772501504
3012799,0.5676896526277444
3012798,2203.317883642939
3012797,75.6083167635293
3012796,120.30732282857196
3012795,9.168773120639825
3012794,9.620430719682183
3012793,206.10877996157063
3012792,119.73220002000213
3012791,7.780215227152075
3012775,750.1439706097299
3012790,57.76333773289314
3012788,19.326187864410205
3012786,185.70518313523505
3012785,0.27414174542130987
3012784,19.80631080827203
3012783,16.123956981161623
3012782,0.9927184334128174
3012781,21.16340892249298
3012780,2629.3889291197434
3012779,88.53223736957175
3012778,90.29809357186565
3012777,172.71292587178542
3012789,3.2785859926698118
3012749,0.9108617331440614
3012722,0.754738036344653
3012747,3302.7158194960784
3012717,25.658059043536525
3012716,0.7559422065880699
3012715,7.5391836511413395
3012714,4133.990810110589
3012713,60.31558548688403
3012712,157.74910402885283
3012711,256.3059236873643
3012710,519.8219719647878
3012709,1206.3811338276166
3012708,6.426711886653556
3012707,382.3882568685531
3012706,0.1080854249986078
3012705,2598.072555129957
3012704,0.9047201925390633
3012703,0.19052608106406482
3012702,4.504104879722041
3012701,21.534151825664686
3012700,0.26694185962405387
3012699,2090.8029264285396
3012698,77.26671022294673
3012697,421.1843771086965
3012696,9.374357751398335
3012802,0.08666232570040912
3012718,14.272064481755994
3012719,0.21105077701050465
3012720,275.4720131057918
3012721,0.8216352252588126
3012746,70.276069138255
3012745,111.30717267547013
3012744,212.9306845853405
3012743,609.6638151383503
3012742,894.1906305226685
3012741,11.956587298477594
3012740,451.6034912742013
3012739,0.15757511019729523
3012738,1944.9040444104733
3012737,7.012903912956794
3012736,0.1758868061119109
3012748,20.501160357255955
3012735,4.521880282166653
3012733,0.31028324059895407
3012732,1684.8956857842384
3012731,48.780714506261425
3012730,140.3105008844048
3012729,4.725457494742702
3012728,1.2655030587477976
3012727,293.9366876589216
3012726,144.6398498769426
3012725,1.4493029345288098
3012724,34.39911207126289
3012723,5.325804078438605
3012734,2.643637957550423
3012803,0.7522210243062113
3012913,49.59647831997747
3012805,0.05213030437116495
3012885,511.6393604548135
3012884,0.8072328932244446
3012883,61.24401936096215
3012882,49.93204631341766
3012881,1.3582410001768048
3012880,74.43053861802358
3012879,7998.113597815285
3012878,252.32089980636556
3012877,362.7863146299536
3012876,597.5692166878592
3012875,1919.1885051583613
3012886,23.093084650286272
3012874,2133.3468665551513
3012872,1172.6349463182482
3012871,0.1844946706913493
3012870,6959.497404253809
3012869,13.808119698598688
3012868,0.16471022993338832
3012867,11.334518754737504
3012866,94.87795738002427
3012865,153.633400152108
3012864,7137.958023542239
3012863,330.0313017991288
3012862,1069.461009945988
3012873,23.482598694933248
3012861,29.268565049286167
3012887,21.151392459338926
3012889,156.23301107602921
3012695,8.684054303773225
3012912,7227.087788968666
3012911,175.38761935586086
3012910,189.61506804480697
3012909,601.0556800601529
3012908,1431.530535878644
3012907,1862.605814592178
3012906,18.837880753557148
3012905,808.2448646810622
3012904,0.12176671510144349
3012903,4809.460093225892
3012888,11.9836257219403
3012902,13.753235952883509
3012900,9.597539037335785
3012899,69.27511445645469
3012898,128.30947325004843
3012897,4810.630243815931
3012896,245.82179965728793
3012895,982.125089524528
3012894,25.08266573631912
3012893,21.49105924853944
3012892,572.1002323484483
3012891,926.1096389318898
3012890,12.082714750548567
3012901,0.08813889407422203
3012804,3313.7081618933635
3012860,25.15241928316614
3012858,903.9002534339168
3012829,147.52070295683473
3012828,4.1885493718312565
3012827,1.8766205723018081
3012826,225.15190732385892
3012825,165.62660775297508
3012824,1.6285681758488755
3012823,37.75066998204176
3012822,2.197165948350196
3012821,4.751134033944921
3012820,0.28620188310463024
3012819,218.10300168287822
3012830,55.55674260747799
3012818,0.1471017289481307
3012816,17.498400565626188
3012815,0.5826463146592551
3012814,4.431890747527415
3012813,4188.431502921688
3012812,46.453542422387294
3012811,141.36191539310278
3012810,229.89110010715305
3012809,512.1806486136602
3012808,975.6025732349704
3012807,6.169536613962657
3012806,425.1599011784461
3012817,10.80490064497724
3012859,565.6732894288327
3012831,1697.6962798402435
3012833,0.8106962955011019
3012857,15.581404224066386
3012856,245.05941539662166
3012855,25.64555433682747
3012854,21.988494289493378
3012853,32.28854019909691
3012852,507.5742441073587
3012851,1.1009907042502567
3012850,74.81688395206376
3012849,75.41101718943708
3012848,2.4341747555054054
3012847,80.76608801646776
3012832,0.743307709080046
3012846,9224.781824931102
3012844,484.64104105632293
3012843,562.9425520784368
3012842,2431.003139827118
3012841,2314.760493957575
3012840,25.83792698720302
3012839,1355.6699018530464
3012838,0.23557994345584188
3012837,8600.37680309
3012836,12.85589410489014
3012835,0.22012671931757172
3012834,13.598630017253157
3012845,324.0772799343224
3012694,209.2099069722308
3012472,0.1910665500050821
3012692,6.148668950882772
3012551,0.5136713609738521
3012550,7.317585710000232
3012549,3418.8517651673183
3012548,70.93809055983759
3012547,147.0140197036313
3012546,215.4835792913004
3012545,602.1431819211614
3012544,859.0080470903958
3012543,6.574925061028055
3012542,477.2375387078084
3012541,0.048556065268709134
3012552,16.128670143606577
3012540,2521.0576287580043
3012538,0.08685784025404424
3012537,4.021916603996143
3012536,0.3239357376879935
3012535,0.18582564725404668
3012534,474.614082085133
3012533,22.501034698907667
3012532,47.72768752140542
3012531,1.5528300941938888
3012530,0.5153136234118745
3012529,86.1950055805303
3012528,80.81957056657997
3012539,0.9020016918699847
3012527,0.5055958930783246
3012553,18.835025408978083
3012555,222.61187603170217
3012579,180.91177469118009
3012578,818.3590030315775
3012577,944.953411550106
3012576,10.927100995702324
3012575,569.4253371920944
3012574,0.16817337916226685
3012573,2611.267965387479
3012572,5.648077456145644
3012571,0.13317825701750574
3012570,4.081339953661226
3012569,1.1122921987888361
3012554,0.1990950375078625
3012568,0.8793422505180237
3012566,57.62464947009489
3012565,118.40052125471684
3012564,4.450143717210806
3012563,2.8363190844805573
3012562,243.4930016051449
3012561,172.08036955887692
3012560,1.4943802314627193
3012559,52.80388017301336
3012558,2.774337230840151
3012557,8.891467082723581
3012556,0.25124964543515454
3012567,2488.150411811315
3012580,141.68177565814975
3012526,18.843919032491254
3012524,0.17663972019891028
3012495,166.81228038465485
3012494,1.8609521669973037
3012493,34.08426372278268
3012492,4.846058969038334
3012491,7.654979801496063
3012490,2.754358154427368
3012489,221.46105459270157
3012488,0.3265570722773304
3012487,25.85529389546346
3012486,17.046904252338425
3012485,0.9717451926053833
3012496,240.99030397515756
3012484,5.91753560691735
3012482,70.49403258231214
3012481,144.3111791263391
3012480,210.34509903964394
3012479,552.0542194396638
3012478,931.836609963071
3012477,7.468704881007637
3012476,494.08137431707127
3012475,0.1104140814948443
3012474,2317.2139741901087
3012473,2.1224547932978313
3012914,1.2395085268141224
3012483,3608.8088043078064
3012525,1.0961211598004885
3012497,3.1292093731272423
3012499,145.9830623204012
3012523,0.031689522413448364
3012522,99.76999072546813
3012521,0.05877456727701441
3012520,4.952611981166073
3012519,5.478473774872551
3012518,0.30485975349102107
3012517,1.9689945079442177
3012516,1753.9995606671177
3012515,31.968709417509046
3012514,90.15716159090495
3012513,78.25903813861801
3012498,5.375952373459815
3012512,161.3303771106353
3012510,2.397242075686004
3012509,101.74122504174288
3012508,0.0
3012507,1124.8899115105148
3012506,0.20745608975033328
3012505,0.029193160889856327
3012504,2.3718645037723225
3012503,3.705804866624818
3012502,1.1701155063970985
3012501,1323.532362851316
3012500,43.46191892758173
3012511,448.83375264061453
3012693,375.3494979127991
3012581,115.32408826382893
3012583,37.854969544547934
3012663,8.281761894416682
3012662,4.680492436947971
3012661,280.3933188428278
3012660,203.48942892273783
3012659,3.1533900053067256
3012658,45.3436831381697
3012657,4.772263955612134
3012656,13.042537976017634
3012655,6.772431187644835
3012654,275.41926875873907
3012653,0.32201804723833044
3012664,202.6573958141203
3012652,24.293813861990383
3012650,1.0742670889517663
3012649,20.53053517608163
3012648,4552.514971419731
3012647,79.74617701818336
3012646,225.27883040561005
3012645,227.20324039474932
3012644,710.1224114764977
3012643,1273.6588868863505
3012642,8.79439213494168
3012641,597.6718951631126
3012640,0.13613481552735904
3012651,24.62600673834688
3012639,3137.0392856670233
3012665,78.64273159638557
3012667,14.408679319543957
3012691,66.5736032041761
3012690,3.0914453320378117
3012689,11.544741121824643
3012688,15.479535944199448
3012687,223.13849733718473
3012686,0.22887671728751574
3012685,12.205110398280535
3012684,14.295473867526649
3012683,0.8894780870529608
3012682,18.814150199709914
3012681,3352.0823167360095
3012666,2673.5190039929566
3012680,96.49204045000924
3012678,200.06212317962448
3012677,770.0314217046662
3012676,764.6988920670981
3012675,10.019499059768412
3012674,409.39265169492177
3012673,0.09769971895999982
3012672,2336.7792654691093
3012671,4.699776608393943
3012670,0.05481166364475015
3012669,3.351211001259668
3012668,8.205551281952527
3012679,156.0977552230419
3012582,3735.6052615366975
3012638,3.466126338502244
3012636,5.135799502304375
3012607,0.045063742857129295
3012606,1873.7037012546957
3012605,7.041817766988421
3012604,0.05054313387685292
3012603,4.7078711840088525
3012602,15.41579133567485
3012601,0.6707273943765166
3012600,2187.542484062701
3012599,104.21572894571659
3012598,207.94093524013172
3012597,10.45055112153041
3012608,383.17764477560655
3012596,12.315116973944711
3012594,209.62860359275774
3012593,9.032968654582936
3012592,89.39705492391651
3012591,4.275337756201159
3012590,20.230298850479972
3012589,13.735251770401065
3012588,224.79379572773388
3012587,0.26811732615047656
3012586,25.49872274558806
3012585,20.291556179217615
3012584,1.3621671295106217
3012595,234.2286130549578
3012637,0.18852474652981818
3012609,11.476254234060583
3012611,558.0356732701229
3012635,12.684274989949067
3012634,0.4910904870110055
3012633,1538.0647290031138
3012632,74.874404561094
3012631,164.1253929192374
3012630,9.644073107305188
3012629,8.00157164959261
3012628,221.9842289242896
3012627,206.57957305933076
3012626,6.94620265390654
3012625,68.85804165099393
3012610,806.6851872004827
3012624,4.736168339255318
3012622,12.788047093406147
3012621,200.41306350397977
3012620,0.17508545626976438
3012619,23.573488400569733
3012618,25.442632955042964
3012617,1.0637055204469519
3012616,21.5382124458435
3012615,3173.0654941317634
3012614,88.99449252672184
3012613,113.29410687586133
3012612,159.49943424691534
3012623,10.816267671285384
3012915,36.69883783883829
3013137,6.243056252582806
3012917,0.7119727630167068
3013221,61.30605867540699
3013220,0.9586011343689198
3013219,19.2984447150059
3013218,2.5962558275486716
3013217,0.23783280791092665
3013216,0.30499352762160803
3013215,168.8057935297876
3013214,0.12210040484808876
3013213,9.505871426445577
3013212,11.795208514794295
3013211,0.39772783107790827
3013210,4.668081846177166
3013209,2665.312084970085
3013208,30.166394046732968
3013207,62.903730378843235
3013206,161.69312242782064
3013205,212.4761731638098
3013204,816.4249428184891
3013203,4.243242748085232
3013202,185.82245475354932
3013201,0.05028159054620583
3013200,1522.4718557910498
3013199,1.2333863406912866
3013222,161.75493985703426
3013223,0.5342250108995286
3013224,2.7929780226268175
3013225,55.59889554838439
3013249,18.440211588268244
3013248,245.22004465227636
3013247,0.27441530449593315
3013246,30.16706901854769
3013245,20.714687210786195
3013244,0.9441297290051449
3013243,26.69299595040478
3013242,4099.348662769317
3013241,124.09396509726244
3013240,176.6508442759337
3013239,265.11119657658554
3013198,0.09916399198292405
3013238,864.5717278800571
3013236,12.481017233020815
3013235,513.2216104294495
3013234,0.09710520284687318
3013233,2801.118578637126
3013232,6.188629914648997
3013231,0.09377293555543656
3013230,4.273057596228581
3013229,1.1861901623365991
3013228,0.1940728585939824
3013227,649.6987597969323
3013226,46.41468038092684
3013237,968.9352380841967
3013197,3.9964552485399176
3013196,3.6891749409010384
3013195,0.8027468171888841
3013166,3.3829600752804936
3013165,0.12884101297692574
3013164,5.043115711784316
3013163,4.302522463753862
3013162,2.2247744978993396
3013161,2939.164279286365
3013160,55.11728961441956
3013159,97.72348523822987
3013158,12.349882752363774
3013157,8.249365662129724
3013156,406.5986875077635
3013167,1770.6752288082005
3013155,117.50132850951614
3013153,124.5970119547209
3013152,3.0529172487764917
3013151,22.559116837412535
3013150,3.745677504047986
3013149,276.23081975437475
3013148,0.6222563675135102
3013147,28.273591554943525
3013146,9.89116768627581
3013145,1.5523858117316118
3013144,13.68371305474137
3013143,4279.087697040964
3013154,5.763390931723249
3013250,11.707739563609053
3013168,0.19552295293237557
3013170,8.033137834824918
3013194,1040.7324981847107
3013193,122.03593427158773
3013192,257.1869332906055
3013191,6.975545732335722
3013190,5.017894963595347
3013189,221.74109821081566
3013188,262.5812641585451
3013187,3.7866353196761278
3013186,58.72624379442397
3013185,3.2661597558884408
3013184,5.298755379836881
3013169,460.24833592034565
3013183,3.5355405900406307
3013181,0.33677831354302445
3013180,27.155233745039837
3013179,19.93206958531493
3013178,1.0269200274849735
3013177,10.189355454365325
3013176,2520.37878707183
3013175,169.57295196711289
3013174,138.8253352139689
3013173,208.75606900708422
3013172,581.6916363470639
3013171,772.2622969357849
3013182,166.29302355838874
3013251,9.168972586445706
3013252,60.50758659496586
3013253,7.0534372456114305
3013333,0.08430648692718985
3013332,3253.6567847208016
3013331,6.062307991210558
3013330,0.17823586096593286
3013329,6.732187544582232
3013328,41.09804635897933
3013327,0.6181771341079914
3013326,3249.4534725818953
3013325,163.0094455813548
3013324,602.2181427668874
3013323,16.601372487826193
3013334,609.1253311753436
3013322,11.704423406330456
3013320,533.6265026707459
3013319,9.77266937825876
3013318,114.75812198066792
3013317,14.53899302741272
3013316,20.014762496884288
3013315,20.42574334320525
3013314,303.9728683773339
3013313,0.481209967700994
3013312,37.13433579256134
3013311,30.95917424177641
3013310,1.7486659674730656
3013321,303.76252402411586
3013309,35.42249732320179
3013335,11.502534383613998
3013337,853.049361841697
3013361,13.592958225925562
3012471,4.1982119086920076
3013359,2637.5037678947137
3013358,77.97568768197783
3013357,397.0430937458463
3013356,9.189507354121623
3013355,4.457983360028633
3013354,370.8992253219027
3013353,328.00779524235605
3013352,3.110632866449402
3013351,45.89371068441537
3013336,1412.3408342960347
3013350,8.663971835496264
3013348,9.807651635482385
3013347,336.6793495281862
3013346,0.40486421125164446
3013345,19.057051196796746
3013344,23.570136841660734
3013343,1.1983913769076326
3013342,11.858360405129336
3013341,5235.5793280041025
3013340,70.78498516326076
3013339,191.6659376985519
3013338,418.54760239758144
3013349,9.826328077258802
3013142,41.13377806068493
3013308,4569.3363439429895
3013306,270.00362010872357
3013277,1.670605911109769
3013276,37.17103294542452
3013275,4059.054206168776
3013274,175.49438115525163
3013273,264.7095454214575
3013272,224.37380783292673
3013271,1229.6213015378232
3013270,1033.1813977753209
3013269,15.815285650909807
3013268,680.544367866173
3013267,0.19835926903739046
3013278,24.22932533516019
3013266,3704.285883342097
3013264,0.17626254159183982
3013263,4.260267023695822
3013262,25.902482701121304
3013261,0.317174029721244
3013260,2413.052112381596
3013259,99.15912946625475
3013258,474.9990809999643
3013257,10.493651256279929
3013256,9.436585436422021
3013255,259.83255024727885
3013254,444.835907183291
3013265,7.172934496547722
3013307,165.78495224866117
3013279,31.802880175222754
3013281,261.6668252980299
3013305,277.87259368488986
3013304,1220.1774304993994
3013303,1141.150279451108
3013302,16.506268915552617
3013301,716.3539376828544
3013300,0.15821004131516395
3013299,3730.301795903265
3013298,9.21893500675762
3013297,0.1588324264398368
3013296,5.3159481187288895
3013295,42.35883844390615
3013280,0.48812644683260065
3013294,0.46521231388800816
3013292,158.82969670283916
3013291,596.6756877453196
3013290,12.631140495423427
3013289,10.125875156806394
3013288,247.11335475225044
3013287,542.109271165234
3013286,10.425037597903513
3013285,102.78025349272822
3013284,11.082198963333203
3013283,21.29479790048415
3013282,15.828074312217126
3013293,3670.324361228007
3013141,59.250542448797034
3013140,369.99387975588917
3013139,935.3639088078064
3012997,111.40303847794826
3012996,1850.8893908562918
3012995,100.379326651464
3012994,721.2392513213736
3012993,25.133023485205396
3012992,17.544436061659088
3012991,541.7586253519953
3012990,768.3705929460506
3012989,6.241572392466003
3012988,85.5032265838845
3012987,5.469014683283695
3012998,29.017468211188802
3012986,10.031259274823762
3012984,461.4687440900583
3012983,0.5625915566309563
3012982,35.97652129037654
3012981,36.71691970857707
3012980,0.8032944160880211
3012979,41.760040775001706
3012978,6945.48698223702
3012977,125.19140456867889
3012976,141.1501203348279
3012975,509.65853847795586
3012974,1144.6375498840218
3012985,19.899079627852267
3012973,1742.6730965771715
3012999,8.954526508109614
3013001,11.825522324394163
3013025,18.682763341541467
3013024,466.2770791649807
3013023,726.7890572119644
3013022,12.601329131298497
3013021,163.7823481544756
3013020,10.93063412275806
3013019,22.64412342769344
3013018,19.449905419267655
3013017,446.2829404233936
3013016,0.6454646636144998
3013015,49.32149290595861
3013000,0.12335857005158685
3013014,49.72448823904304
3013012,63.449229686905966
3013011,6882.092916038094
3013010,221.97276038058558
3013009,330.4522930241386
3013008,455.33884678982866
3013007,1755.1116317337599
3013006,1810.8393633177016
3013005,22.51081161121375
3013004,1093.5144035752626
3013003,0.19576414518633023
3013002,6223.11077376042
3013013,1.3591256695778737
3013026,24.064160310647846
3012972,18.344933909600453
3012970,0.09755776628303962
3012941,1699.8458259612162
3012940,1941.154698161208
3012939,21.011237438306175
3012938,1040.449135486642
3012937,0.21091617117159928
3012936,5827.807885244973
3012935,14.792170740065556
3012934,0.11419534571941899
3012933,10.558656633434364
3012932,45.10077674821785
3012931,113.81267094448398
3012942,580.6133429869732
3012930,2611.9163456943306
3012928,764.4074924318493
3012927,27.740675666249633
3012926,19.58319803586491
3012925,570.4359424635932
3012924,816.902052007166
3012923,8.690444809609135
3012922,111.24232541505596
3012921,7.915307989558697
3012920,15.705867184185347
3012919,24.471161171390563
3012918,481.5231084587957
3012929,141.87617110394206
3012971,679.2550728655265
3012943,265.24309747521903
3012945,7829.385584912084
3012969,3856.5430830252894
3012968,13.143323577826754
3012967,0.06087046431740222
3012966,9.119849576219684
3012965,52.97619918199612
3012964,79.22133263947298
3012963,3789.730262998893
3012962,183.38490172237493
3012961,888.0068518031062
3012960,22.77220543069885
3012959,20.54538120004007
3012944,193.48959236405668
3012958,604.2009803405286
3012956,10.413968577476773
3012955,138.77237301729016
3012954,9.880234118782118
3012953,19.27863921047134
3012952,30.99096136654761
3012951,503.8855302598773
3012950,0.8684700964019343
3012949,53.23515054206148
3012948,45.26013298151228
3012947,1.417707755438638
3012946,57.951787000844305
3012957,801.0719802200304
3012916,45.237315003680685
3013027,778.4582988479989
3013029,5349.2854384859675
3013109,191.2420266307769
3013108,298.5628500065092
3013107,308.6047396695912
3013106,1364.4096734288785
3013105,1266.2483898519638
3013104,12.712614538291932
3013103,904.2465897719621
3013102,0.18110128310409498
3013101,4393.541804459807
3013100,3.9767790212987544
3013099,0.14099683426406498
3013110,5073.891883472833
3013098,5.932586099415427
3013096,99.7171791941964
3013095,1606.620588611415
3013094,84.42397995583822
3013093,480.87061212044154
3013092,15.208011193205305
3013091,9.171203711870698
3013090,388.6132134682657
3013089,573.733057833907
3013088,5.9187622147488
3013087,73.48755587669437
3013086,3.530559773435579
3013097,23.091517490717887
3013085,6.277383534941278
3013111,26.130630638228258
3013113,28.49680053855981
3013138,1243.7923517637496
3013136,933.6401174693822
3013135,0.3441358728485756
3013134,3255.468898989132
3013133,7.506691506326483
3013132,0.2602299585819591
3013131,4.7277466846111125
3013130,40.14337541913907
3013129,2.4778624135061076
3013128,3792.6044331330777
3013127,144.07078396209323
3013112,1.1197637859091665
3013126,592.7624383938949
3013124,13.467166168578343
3013123,334.1703141031924
3013122,622.0497888916301
3013121,7.363229174935933
3013120,120.46919487395229
3013119,3.8853220464727087
3013118,19.088735161239704
3013117,3.4569876016457464
3013116,309.6547162192324
3013115,0.6913080888946177
3013114,28.283008744884086
3013125,11.276302221404976
3013028,216.51660186223202
3013084,18.195034144001188
3013082,0.45845877886307684
3013053,7.946059317433882
3013052,4.977381309854236
3013051,8.171896179955361
3013050,180.5143424886777
3013049,0.3209425236830746
3013048,27.55933107405612
3013047,21.818682700452193
3013046,0.9131794307705292
3013045,16.042746133853658
3013044,2905.1893906753676
3013043,73.67371297744309
3013054,48.39101969488701
3013042,113.5970876984481
3013040,574.1900160135087
3013039,831.5373727331172
3013038,14.0661890325182
3013037,386.8211130705209
3013036,0.11135595431686346
3013035,1806.0538395627566
3013034,6.319175291346266
3013033,0.158322735871616
3013032,4.7107581227877455
3013031,64.97228603946196
3013030,108.69994745676651
3013041,189.98774318734286
3013083,304.8168447492895
3013055,4.697883092745781
3013057,213.09174675016536
3013081,41.536747658422144
3013080,35.008317711376826
3013079,1.0426837354792289
3013078,39.680254667595946
3013077,5321.055244428887
3013076,100.19007634766781
3013075,127.55099028433807
3013074,360.5992681533417
3013073,1024.0040335105236
3013072,1415.358403956355
3013071,21.357471285515224
3013056,209.83724389111276
3013070,566.6683911603261
3013068,3609.310459968715
3013067,9.507640892416983
3013066,0.08511030543825475
3013065,8.443302227802093
3013064,12.012328371393505
3013063,0.4918417117923643
3013062,1174.0827809711252
3013061,69.73395367681427
3013060,201.77442188481385
3013059,7.617710854881301
3013058,4.3212695441177535
3013069,0.13990536262238762
3013360,32.93386174233381
3012470,1.2800525061179164
3012468,1349.600715576367
3011881,0.0
3011880,988.7123856691597
3011879,2.8163545973377624
3011878,0.06279087687216274
3011877,1.84475070065921
3011876,6.3802700969272035
3011875,8.710036430571433
3011874,1729.5628852073166
3011873,48.59318425440114
3011872,225.1008809033442
3011871,4.123026975527987
3011870,1.121580333051377
3011869,258.0034140194093
3011868,206.04781246597912
3011867,1.384945289511216
3011866,29.076165297148886
3011865,4.761797151065282
3011864,0.44975337162611917
3011863,1.642009108772167
3011862,265.8235973903418
3011861,0.16501798162480907
3011860,11.232193920817256
3011859,16.036770359867276
3011882,147.29706672323303
3011883,2.027253192011258
3011884,267.5806584224241
3011885,194.9841149160399
3011909,2.1132773359259116
3011908,23.326009226527006
3011907,685.402809941068
3011906,5.051760053258583
3011905,2.1133494285522194
3011904,3.0866186044135437
3011903,2.3212357245873374
3011902,49.06971181330308
3011901,1.4450219191724507
3011900,1.1021457611316325
3011899,13.484316018435054
3011858,0.5531580186960177
3011898,2.916124369905132
3011896,2.4620926596082064
3011895,45.1068560713973
3011894,0.1244859345272662
3011893,7.815327515759208
3011892,7.8923280673892915
3011891,0.4915497441304576
3011890,4.152042614181735
3011889,2177.881359964513
3011888,3.4934604636967643
3011887,32.74312410098792
3011886,79.0126249480627
3011897,4.633445890456819
3011857,6.371949374518704
3011856,3902.0936437607206
3011855,54.978614885051115
3011826,10.480628494723662
3011825,0.334089897121708
3011824,2.9731349171290673
3011823,2296.1616712891378
3011822,32.94141492737914
3011821,98.52513796494493
3011820,156.9841605773058
3011819,245.27552639560056
3011818,699.2912289061387
3011817,4.089389449478029
3011816,159.9516885761613
3011827,12.628261807953018
3011815,0.0
3011813,0.3825893246056459
3011812,0.08487745093703088
3011811,3.298665760756716
3011810,3.6865729115155643
3011809,11.34562156931558
3011808,779.2251195077096
3011807,37.25291698529602
3011806,132.0090006820882
3011805,3.916067391672817
3011804,0.9200469635551534
3011803,179.3523373302759
3011814,1335.1826733400849
3011910,4.063283895810194
3011828,0.10557775361844027
3011830,0.36048459198794724
3011854,138.94407857386227
3011853,359.9974056854557
3011852,553.4350256322299
3011851,1012.5152455989337
3011850,5.5724077640471235
3011849,316.7133411537433
3011848,0.07971515213015286
3011847,2685.4992638562
3011846,1.836737881280036
3011845,0.13216418110039183
3011844,4.074757460447271
3011829,171.14785336472167
3011843,1.5323447451434862
3011841,614.7132492561047
3011840,34.32016631506346
3011839,95.07476006605386
3011838,2.852213908543368
3011837,0.6889893459038292
3011836,150.16299156093007
3011835,96.39727955912146
3011834,0.8215348114545213
3011833,21.700453088315783
3011832,2.402213057939391
3011831,0.17834998722542356
3011842,0.16392862286492263
3011911,0.17326533630496022
3011912,1.8751620020410713
3011913,1672.4160437350688
3011993,0.15746096393567213
3011992,17.11364193071134
3011991,16.90912191383864
3011990,0.5311670370796961
3011989,8.776723876177567
3011988,4273.906322649743
3011987,42.172563329024406
3011986,113.57929730936193
3011985,351.55013163890845
3011984,662.006781376268
3011983,1125.753771035143
3011994,280.66387807570806
3011982,6.84319655910007
3011980,0.0
3011979,2802.882166876525
3011978,4.392598939475522
3011977,0.25735982511004646
3011976,4.965586001057746
3011975,24.038142742915934
3011974,0.3314612796895282
3011973,2163.192617044098
3011972,92.85451767839892
3011971,429.1102816822427
3011970,10.152981179525899
3011981,487.3306175671354
3011969,9.457745689218688
3011995,5.201555670393463
3011997,4.603464370421494
3012021,3377.778537712828
3012020,60.412678863627924
3012019,164.38259584233097
3012018,258.6151545244594
3012017,510.3223724530989
3012016,933.4818895484243
3012015,6.92918207186433
3012014,408.1651190586573
3012013,0.09750751687430814
3012012,2017.2959201044252
3012011,3.8398971757748743
3011996,9.183701409149625
3012010,0.24031037526031127
3012008,8.208129142501464
3012007,12.545584929450548
3012006,1786.0228107655844
3012005,55.00407528717614
3012004,197.21308461075287
3012003,5.838007196719448
3012002,3.167602108674287
3012001,298.37723463744726
3012000,197.97666896361795
3011999,1.9611117657593446
3011998,28.86035046320986
3012009,5.4365367387992425
3011801,1.1690870297191753
3011968,230.31547249459445
3011966,6.82349303860303
3011937,3.807477782946643
3011936,0.9178335819883456
3011935,169.57998968737843
3011934,126.13610533750368
3011933,1.1784095624935795
3011932,20.94197240709491
3011931,2.9783550414907185
3011930,0.21593532751385408
3011929,2.8670840209242905
3011928,184.6349604511164
3011927,0.15548761535793226
3011938,114.72781227732634
3011926,10.510398695491858
3011924,0.5828833077220645
3011923,5.743326587518381
3011922,3014.461133219528
3011921,42.48447236616837
3011920,65.0482640973298
3011919,233.43365731456817
3011918,317.0174644617813
3011917,741.1467455825937
3011916,5.258265376656274
3011915,170.03377458757043
3011914,0.06601869890947691
3011925,12.366387741658277
3011967,406.68487779966284
3011939,36.509863139519474
3011941,10.879747623725837
3011965,74.23831609179472
3011964,4.632687393567586
3011963,13.025795884975182
3011962,16.563370988824406
3011961,236.49736572140938
3011960,0.30381844475477743
3011959,14.472867070569304
3011958,20.73298519261913
3011957,1.0811710693500265
3011956,23.375603805554515
3011955,3707.6350515490126
3011940,558.7168601528172
3011954,106.38878469719486
3011952,220.2818041094661
3011951,858.2246150835218
3011950,873.7390632626734
3011949,11.307965218582476
3011948,506.3832174312666
3011947,0.11209790163162629
3011946,2630.237882940867
3011945,6.519610825188499
3011944,0.1022922789324685
3011943,3.9051760298677918
3011942,2.841935770218267
3011953,177.30833777471966
3012022,6.266404759390223
3011800,22.78773376181663
3011798,0.29393189992209695
3011657,74.27919712350503
3011656,152.04615016139556
3011655,394.52110507011247
3011654,685.2216893443807
3011653,1602.0714195147027
3011652,9.989188295535376
3011651,592.3648019528762
3011650,0.12390277134304722
3011649,3332.423259002162
3011648,5.103387111247903
3011647,0.2504341182697463
3011646,5.78596407939416
3011645,2.172403821641408
3011644,5.630054545399299
3011643,363.5182392367643
3011642,17.016525493233388
3011641,127.68522990377895
3011640,3.043014549778208
3011639,0.6370972896379259
3011638,146.03823739998518
3011637,127.64018563542004
3011636,0.5911837491087824
3011635,9.094652709073678
3011658,5477.883752032918
3011659,14.13009616695152
3011660,0.7925105325727682
3011661,25.696781748490675
3011685,5.095771613473792
3011684,168.73418305135516
3011683,0.05515586278929883
3011682,1469.033665816501
3011681,0.6453723140909298
3011680,0.1296160961785325
3011679,3.5445451826750904
3011678,7.601998514436348
3011677,11.653503828298208
3011676,2135.1674007420174
3011675,64.60394995411922
3011634,1.395497691387626
3011674,343.9587439896069
3011672,2.6159682463388854
3011671,366.13141236071795
3011670,444.05874131039536
3011669,2.258247145922048
3011668,33.4858318877308
3011667,6.4196635854798885
3011666,4.158399252369715
3011665,7.23178705903859
3011664,350.2878570891132
3011663,0.31180469850572273
3011662,23.561056888274994
3011673,7.979029994947904
3011633,0.020954985114876125
3011632,1.8261501364476511
3011631,157.90822173658043
3011602,59.37183882997541
3011601,4.426813898112432
3011600,13.86959588738655
3011599,15.479273776469352
3011598,205.25634596697785
3011597,0.2834669969435344
3011596,24.13228432046497
3011595,16.508641115562014
3011594,1.1715985082618268
3011593,21.54056701590251
3011592,2845.2540837197785
3011603,6.704929830363515
3011591,96.66101376386031
3011589,161.29400499349083
3011588,765.4486985619778
3011587,709.8739392698931
3011586,12.112059802680243
3011585,420.79731417879896
3011584,0.10155886451658208
3011583,2237.3546948569456
3011582,3.3791387702121023
3011581,0.09184616692897328
3011580,3.537465999808359
3012469,0.2791220003326485
3011590,147.70264356067116
3011686,675.0689018362617
3011604,332.03997362040724
3011606,8.965331260299525
3011630,0.1016368792565751
3011629,8.487219555129059
3011628,6.829400731711678
3011627,0.35909508088142583
3011626,2.6895012765020043
3011625,2677.6413220945665
3011624,24.90731518030932
3011623,34.50214313098913
3011622,164.9025159887928
3011621,233.51896878527015
3011620,648.5606108162467
3011605,171.3881015999867
3011619,2.9090885311529076
3011617,0.0
3011616,1111.3089782846685
3011615,0.550624195200653
3011614,0.08986560613510414
3011613,2.2934032974182212
3011612,22.39257350376799
3011611,0.31720429327336563
3011610,2033.9617486823672
3011609,76.00240485739813
3011608,300.4151362385514
3011607,13.279194272539524
3011618,109.15114063380416
3011687,320.04987107220006
3011688,176.09782247770212
3011689,51.788345128319754
3011769,149.66118301060035
3011768,1.030461258256882
3011767,20.28345887155235
3011766,2.875445154951131
3011765,0.13639562043063383
3011764,0.6568910055521888
3011763,204.29477009600362
3011762,0.11617004515310982
3011761,10.505441708153384
3011760,11.291398610824775
3011759,0.44960612323082044
3011770,196.22738962963325
3011758,4.210746347657945
3011756,35.85812621375603
3011755,49.84908864525673
3011754,197.76523671226263
3011753,344.7312741685425
3011752,844.1837987552624
3011751,5.076998486059477
3011750,183.83464070834296
3011749,0.028663069328620148
3011748,1537.2120067097615
3011747,0.6405518194525337
3011746,0.10391894419763598
3011757,2783.960705760453
3011745,3.292982734838896
3011771,0.6480289765088749
3011773,101.05049012921624
3011797,3.1091891735417834
3011796,211.5070610305179
3011795,0.16411733006288867
3011794,16.969128707916806
3011793,12.902711505165314
3011792,0.6017601591021944
3011791,6.458395789134901
3011790,2988.9367590718975
3011789,47.6156562463345
3011788,69.31738078444111
3011787,261.969135005403
3011772,3.1971210407199298
3011786,321.42591220692543
3011784,5.0421531287398995
3011783,174.5960932353926
3011782,0.0740329297176094
3011781,1712.3943253816337
3011780,0.9408913760099378
3011779,0.3010427021393201
3011778,3.5917938243402094
3011777,2.429700082399567
3011776,7.095226930049622
3011775,572.4351470300691
3011774,41.231773773675435
3011785,768.3763463494923
3011799,3.1985846795814785
3011744,1.652318999736261
3011742,432.62645291869904
3011713,0.10972197130910978
3011712,3.4448136607104427
3011711,1.7799227295037685
3011710,8.260444440156155
3011709,528.9693683671584
3011708,30.364145218063154
3011707,107.56511808557445
3011706,3.398816025440558
3011705,0.7672225707280025
3011704,157.23289590568788
3011703,123.44599163404133
3011714,1.554121219781544
3011702,0.8818221753720343
3011700,5.189194735484719
3011699,0.14444909036625506
3011698,1.2918723334289561
3011697,161.30988719877848
3011696,0.1302685604766835
3011695,9.47058184796064
3011694,13.151643318739474
3011693,0.5097332240949366
3011692,3.9130245177989718
3011691,2539.5551943130554
3011690,31.341372288476215
3011701,24.555797522408152
3011743,8.02654240760197
3011715,1447.1478594874366
3011717,159.27554466070237
3011741,28.568819945622433
3011740,102.57881385309234
3011739,3.2651218437674867
3011738,0.7316504518192064
3011737,153.38172156112458
3011736,118.76475387959086
3011735,0.8246275406486143
3011734,20.816059563893603
3011733,2.50762002336158
3011732,0.1460949986687671
3011731,1.3660502003940387
3011716,0.04560443901876426
3011730,158.5347963314579
3011728,9.152347153963916
3011727,10.407151300715203
3011726,0.4988454785498221
3011725,3.8615096162423326
3011724,2497.105136503044
3011723,29.777571695725808
3011722,50.031525099178396
3011721,160.99783052496744
3011720,294.0990127483864
3011719,660.2323499212009
3011718,4.765729050120451
3011729,0.13189407481665438
3012023,0.6627849463193107
3011802,144.54213324234456
3012025,23.083845506788478
3012327,24.41066477744357
3012326,34.69923787417242
3012325,30.245754785887154
3012324,411.23648859306905
3012323,1.2558739196175313
3012322,51.5679688436207
3012321,46.1218358072211
3012320,2.730615410510137
3012319,70.37117798974579
3012318,6301.5205583057
3012317,276.78811938502844
3012316,466.7080412793995
3012315,365.50893767872043
3012314,1973.6208602413649
3012313,1699.12623318437
3012312,27.05741071539597
3012311,1147.8836156424288
3012310,0.4110859327923036
3012309,6117.024145875608
3012308,12.135885161037852
3012307,0.41865019560464484
3012306,7.308726200878436
3012305,2.5381649228067267
3012328,172.97896575571417
3012329,16.136467922769768
3012330,830.4529867695068
3012331,440.6369838400408
3012355,8.589640183149594
3012354,10.180513859187599
3012353,0.32383296251966714
3012352,2.072056171386774
3012351,1716.4027018413008
3012350,29.996779138680946
3012349,91.55810885449448
3012348,106.14663057844604
3012347,221.96889457140327
3012346,482.9374650449836
3012345,3.3971996532435975
3012304,1.0808022715757062
3012344,127.06462483736323
3012342,1144.1076623502042
3012341,0.31639253459552624
3012340,0.033327014865291854
3012339,2.3004502233953708
3012338,82.84981535259881
3012337,0.9669217423016683
3012336,5843.713585344593
3012335,309.2123620214479
3012334,1049.4206908926162
3012333,20.25701282647393
3012332,17.187178629086233
3012343,0.0
3012303,1836.4039942772802
3012302,56.93837605205778
3012301,118.11596881930231
3012272,2.9787787938432246
3012271,1.1351635243188145
3012270,1905.559166678333
3012269,56.104691363215565
3012268,182.52805291407475
3012267,4.877282565605058
3012266,3.1086630423562527
3012265,253.85684291761203
3012264,162.78693273250647
3012263,1.280498437469686
3012262,53.540347034688196
3012273,4.212662886279269
3012261,3.778808327794126
3012259,0.33339317558565024
3012258,239.29363025154544
3012257,0.3243405063992161
3012256,18.8986173278805
3012255,21.453612479246154
3012254,0.836402592986276
3012253,5.606896362565068
3012252,4144.361982981095
3012251,46.97033923933352
3012250,179.9425590312098
3012249,275.3164357376202
3012260,5.714099705576088
3012356,0.11124459244787008
3012274,0.21518807620597508
3012276,2335.9679214267962
3012300,4.73173534612513
3012299,3.079599914212894
3012298,214.1981862258682
3012297,129.04323292555608
3012296,1.458995018417466
3012295,42.09143160459229
3012294,3.1084249595590077
3012293,6.242604611123636
3012292,0.32844716468527135
3012291,231.3398351160165
3012290,0.32829064646934397
3012275,2.4619237321813174
3012289,11.936845051628028
3012287,0.7602996322841129
3012286,4.954350088033126
3012285,3279.4700574602707
3012284,54.40658678192408
3012283,152.05463026096467
3012282,238.1866602222204
3012281,587.3702071895555
3012280,849.9088181932061
3012279,9.923719182397356
3012278,493.19813484204786
3012277,0.1423640948160432
3012288,19.65409379046591
3012357,115.91960680093632
3012358,0.3918092118689825
3012359,0.2566423625533412
3012439,0.1931854378552628
3012438,5.262603886679396
3012437,0.9014667980935471
3012436,0.13599815084220881
3012435,376.9405193045786
3012434,14.468696627798405
3012433,60.8184887029425
3012432,1.8067324005970233
3012431,0.6019415041063243
3012430,90.73065237741646
3012429,57.6226806324456
3012440,0.6417524101270244
3012428,0.4026228571421609
3012426,1.5103493571969326
3012425,0.1370215750492425
3012424,0.22446986247417072
3012423,105.54528601006238
3012422,0.07623993043483675
3012421,4.670297369037581
3012420,6.952533176522488
3012419,0.2860857292859341
3012418,1.3917063222498074
3012417,1614.5197799274486
3012416,22.09262967267249
3012427,16.171869966775407
3012415,82.17129626603787
3012441,1797.501556421038
3012443,262.8469112287171
3012024,21.984931197442133
3012466,175.6213178878437
3012465,3.608464712371961
3012464,0.9071001145710726
3012463,206.80635552001505
3012462,199.20743545591168
3012461,0.9307987788006526
3012460,29.34517694070845
3012459,5.396447514398459
3012458,0.2690933572776036
3012457,0.37180257972944714
3012442,0.0637724884158421
3012456,200.3559668396821
3012454,10.425652758958005
3012453,16.571215460814305
3012452,0.6310513234033648
3012451,3.288172377251871
3012450,3057.9490405593074
3012449,49.66364911268335
3012448,145.03127351264789
3012447,203.3048892270449
3012446,383.8432723208821
3012445,842.9229657825244
3012444,4.971907439351573
3012455,0.17536032044861907
3012248,695.2869328271642
3012414,83.6216434620498
3012412,442.419147944843
3012383,57.35851505146951
3012382,208.96500820939494
3012381,249.38074370751426
3012380,611.9433403318037
3012379,1097.74333070945
3012378,6.850226247886338
3012377,481.92725325899204
3012376,0.07829325624300577
3012375,2437.79891905194
3012374,2.105055536282351
3012373,0.22962981112509204
3012384,3870.5582765559852
3012372,5.472691262427209
3012370,0.17294644665724693
3012369,615.6259369456355
3012368,21.694267769864386
3012367,75.13378928135971
3012366,2.3973805077587174
3012365,0.8487082330734019
3012364,99.21060459991799
3012363,68.06887998927628
3012362,0.6186790243414046
3012361,19.11139868060477
3012360,1.9713453111816648
3012371,1.408442003190693
3012413,158.31293050537212
3012385,6.481974915010735
3012387,14.102957934365556
3012411,2.997186476577362
3012410,96.75454153452577
3012409,0.0
3012408,866.8981242565616
3012407,0.13896015296531344
3012406,0.007211783685231708
3012405,1.712372194196476
3012404,4.142334010992799
3012403,0.8845303805751472
3012402,1855.127341053648
3012401,61.63770328947257
3012386,0.5445031748433031
3012400,168.61120659427763
3012398,2.345893431600994
3012397,255.4878096495171
3012396,241.82937485310322
3012395,1.4946334284209049
3012394,25.23783154305664
3012393,5.633332743972062
3012392,5.578707993423885
3012391,1.9282279537884182
3012390,230.5261005860482
3012389,0.2653611463227482
3012388,18.15445963964413
3012399,5.674612039238246
3012247,1046.154016681028
3012467,39.00191921129205
3012245,599.1493342783059
3012105,920.9041403320246
3012104,35.78006209114062
3012103,244.80819675946074
3012102,4.941094689470399
3012101,3.5598812839694336
3012100,146.48943805339673
3012099,322.1512283589018
3012098,3.0676864878465757
3012097,43.792492517873804
3012096,4.04170927572592
3012095,2.352943848717043
3012106,0.29143661488288525
3012094,6.781477070282582
3012092,0.12216058296670335
3012091,13.667612704070724
3012090,9.872514947568064
3012089,0.4950421139607273
3012088,15.153333757059382
3012087,1979.7206689306852
3012086,49.92898888439679
3012085,58.7294263036592
3012084,136.16485023016526
3012083,432.3230398343732
3012082,459.92691405275093
3012093,117.59670013749835
3012081,9.063336417621668
3012107,9.698667609310483
3012109,0.09681172122228995
3012133,287.9047565422249
3012132,314.4575961915809
3012131,9.04876596216099
3012130,104.95927529468659
3012129,7.021733296839759
3012128,19.216363037272853
3012127,8.544849173484339
3012126,257.9092407750441
3012125,0.25499656552741057
3012124,41.34377289331331
3012123,27.571466561987137
3012108,3.263986169157488
3012122,1.2306206224343739
3012120,3624.384977213263
3012119,104.82699517609196
3012118,188.13859691419063
3012117,264.80250483521485
3012116,1220.0965880819874
3012115,914.4519644960222
3012114,13.744616203524904
3012113,795.1060105348063
3012112,0.1863269341815161
3012111,3167.543743383455
3012110,7.054076243102628
3012121,19.85238222118468
3012134,13.642285721761704
3012080,258.5794289947282
3012078,1350.3416660034159
3012049,632.4714805017453
3012048,4.797930059093797
3012047,166.98015846138267
3012046,0.11195841317661552
3012045,1263.1627675912493
3012044,0.7793570189082757
3012043,0.2251471957195257
3012042,3.287081263731764
3012041,3.5976837122187675
3012040,0.7549730636277032
3012039,1512.7580105319116
3012050,235.5887734282248
3012038,80.70644251355226
3012036,8.471143400199075
3012035,2.119482219688835
3012034,235.93529580942996
3012033,152.21776035107908
3012032,1.7239443016047544
3012031,35.94346733277996
3012030,4.97358067812775
3012029,6.02640470644244
3012028,2.3862253388402523
3012027,235.99922619829542
3012246,7.858766535549478
3012037,160.681809298359
3012079,0.03672997806422963
3012051,141.35851447254277
3012053,29.190640532660282
3012077,2.6173590850977497
3012076,0.045775394521300306
3012075,3.05191480527297
3012074,1.2100256859903107
3012073,7.9007068207873274
3012072,791.196200687455
3012071,25.133580781925218
3012070,57.172505779380614
3012069,3.7081652167312322
3012068,0.997367359410795
3012067,134.88283515730302
3012052,76.84733514294669
3012066,54.54184510144297
3012064,28.388733967773884
3012063,2.8437571689198817
3012062,0.6221464106068562
3012061,0.8754027728244573
3012060,162.37077389382165
3012059,0.18843373455407234
3012058,17.57863591663526
3012057,17.986859902676112
3012056,0.5474663143740413
3012055,3.5868778039272478
3012054,1975.1248242550807
3012065,1.6363273596827805
3012135,9.509095834955406
3012026,0.26557739549987663
3012137,108.6568759797135
3012216,218.7494715577973
3012215,849.6776821535245
3012214,749.0744881024981
3012213,10.611246902166318
3012212,534.0782623299206
3012211,0.11883862868145109
3012210,2585.237764119523
3012209,3.591622243139515
3012208,0.11795464469995544
3012207,3.933223718576863
3012206,2.454656776417073
3012205,0.2767261858490961
3012204,463.2720032677195
3012203,16.660934356414774
3012202,118.71157815716714
3012201,3.027948452346214
3012200,2.806660697593963
3012199,110.7198511197166
3012198,142.4582525676645
3012197,1.4869261602037152
3012196,23.780921147849938
3012195,1.6139468955254825
3012194,2.3992017540147765
3012218,83.64166759649041
3012219,3041.9010089176695
3012220,19.633536057248577
3012221,1.2328848915613722
3012136,431.7338675705313
3012244,0.1432668727680345
3012243,2834.18747628139
3012242,2.6302897822659146
3012241,0.2100151677679414
3012240,5.157044381697083
3012239,14.980926970811357
3012238,0.44872129194689847
3012237,2366.68245817438
3012236,73.84993726321147
3012235,354.4111207142821
3012193,1.7120302773684841
3012234,8.34317538919728
3012232,210.64545849978214
3012231,288.7838000737988
3012230,5.016818777243066
3012229,95.8232694191873
3012228,4.689560326434551
3012227,15.677149567815057
3012226,6.659600660082388
3012225,194.5803903263039
3012224,0.2488215443664383
3012223,26.060532608920003
3012222,15.582515512822788
3012233,8.614804651843317
3012192,71.82955428072549
3012217,178.9689813676994
3012190,8.729174933402996
3012162,1.418121790403342
3012161,6.341913859549671
3012160,0.3780522445167291
3012159,38.0224305414231
3012158,0.08238882169012599
3012157,7.670897514785803
3012156,4.616170786413643
3012155,0.47571395081396506
3012154,5.6463123486248765
3012153,1043.230502088537
3012151,16.989463670124977
3012163,46.69344993864784
3012150,32.27319844200946
3012148,159.99808866956042
3012147,2.4985786206037828
3012146,59.949392285321565
3012145,0.0
3012144,478.60328412454044
3012143,1.7790592413186026
3012142,0.0
3012141,1.5105460484186501
3012140,25.377598255683978
3012139,0.5640541011765834
3012191,0.1556236997799718
3012149,192.5775601210137
3012164,2.0573563680746996
3012152,4.430998459295698
3012138,2836.835112176783
3012165,8.283946443453956
3012188,0.45694510348866163
3012187,3.819543974819857
3012186,1284.0635220950157
3012185,26.266586816625747
3012184,42.38361456214168
3012183,71.17602919805347
3012182,252.05976123683297
3012181,346.39339890268747
3012180,6.055234068996223
3012179,208.88747999008478
3012178,0.02225792614404873
3012189,7.535135716235757
3012176,0.9856764394267179
3012177,908.3248138103065
3012167,2.707158034147553
3012168,2.2633766614787243
3012169,11.892205304905831
3012170,5.818250243532316
3012166,50.47353681402958
3012172,0.23469266210961034
3012173,0.5153090539331431
3012174,2.4358398508585193
3012175,0.011533080970032198
3012171,132.18409001772744
3014547,3278.798862519967
3014555,495.19350033675056
3014554,0.17638166216205134
3014553,2129.8356479936656
3014552,4.768408993937199
3014551,0.12533297384670322
3014550,3.761274831424225
3014556,9.84652869028339
3014549,7.596340981167412
3014548,0.5389126690263464
3014546,60.48010422050965
3014540,7.050966189275565
3014544,10.323554070874344
3014543,8.246289663193306
3014542,260.18772621347625
3014541,193.12371593741963
3014539,51.59975669315982
3014538,5.195691523477409
3014537,23.87127442917723
3014536,8.748059053051682
3014535,209.70253811226016
3014534,0.2966216073493287
3014557,758.1368650330802
3014545,210.9670759124949
3014558,644.3778158789005
3014584,0.0872461869643192
3014560,85.338615663713
3014533,18.084592671011254
3014583,4.01796262904597
3014582,10.422823090789477
3014581,0.5604480838613761
3014580,3540.3621983903695
3014579,26.440065647039347
3014578,97.23980583692173
3014577,9.121800896450372
3014576,9.588499035557208
3014575,205.5477596572
3014574,89.94589837259385
3014559,173.1255937835477
3014573,7.803117827870196
3014571,7.722436087442869
3014570,34.86193697977802
3014569,12.53628435430058
3014568,185.03496603323677
3014567,0.2703108752034161
3014566,19.668901061222915
3014565,16.19561814806112
3014564,0.9867270704215001
3014563,21.16340892249298
3014562,2747.808470783042
3014561,31.352891051492378
3014572,67.42484597456773
3014532,19.58887551161364
3014478,9.326435877998371
3014530,20.501160357255955
3014501,0.2065694418179746
3014500,21.902256514190093
3014499,24.02555797060026
3014498,0.7494445718432605
3014497,7.5391836511413395
3014496,3720.7401267165433
3014495,63.42115316751888
3014494,135.94031000504714
3014493,229.13629742454034
3014492,545.2997577137374
3014491,1092.3847644029263
3014502,247.86769750905918
3014490,6.415053090637962
3014488,0.10736723177923672
3014487,2310.727162601545
3014486,0.890435476223161
3014485,0.18181083003132015
3014484,4.484351394972084
3014483,21.512701698737708
3014482,0.2610895236185954
3014481,3488.118217750089
3014480,87.17467644603883
3014479,418.79121444604306
3014696,1.2327751578236459
3014489,344.8525229432457
3014531,0.9051164827978417
3014503,0.8117183999555246
3014505,5.166643654675138
3014529,3319.2362155683654
3014528,76.71991236490332
3014527,109.6219689161512
3014526,211.24101830190995
3014525,624.7578733452533
3014524,887.1202402765526
3014523,11.990383684772189
3014522,452.22091303648267
3014521,0.15763035877320092
3014520,2017.0084308118649
3014519,7.064273006897865
3014504,0.754738036344653
3014518,0.17404084458558308
3014516,2.5797553807247104
3014515,0.2995499925955623
3014514,732.746448599597
3014513,38.431706399581
3014512,146.89660669291342
3014511,4.666185521744401
3014510,1.2571198606369696
3014509,264.139212696711
3014508,143.11011315884264
3014507,1.4454579054325043
3014506,38.33894631957634
3014517,4.521880282166653
3014585,1.8509428626561735
3014640,898.7708037968307
3014587,0.05269561165639939
3014668,25.883117963266162
3014667,497.5935033457037
3014666,0.8017992162475063
3014665,61.544152389263644
3014664,54.60757432046225
3014663,1.3511506468101895
3014662,74.45451410631848
3014661,7863.563519439876
3014660,298.03131476190794
3014659,372.53962395202575
3014658,574.3118224710717
3014669,37.74623535298279
3014657,1884.8733597459768
3014655,23.55222603838188
3014654,1174.3859347029138
3014653,0.18455120408010922
3014652,7003.502064833636
3014651,13.546940606528594
3014650,0.16288181391357898
3014649,11.334518754737504
3014648,98.72811986064983
3014647,147.79091524759332
3014646,11361.566670148684
3014645,387.47903064293473
3014656,2070.4741959591997
3014644,1063.3930750347693
3014670,10.76265068718459
3014672,12.066328693642012
3014477,8.654937955176917
3014695,49.61256033789686
3014694,7059.722958120253
3014693,207.21583124023246
3014692,194.72556188507127
3014691,582.0828783925175
3014690,1389.089302954744
3014689,1806.4308758771294
3014688,18.894298740623476
3014687,788.8500034803386
3014686,0.12182025461949443
3014671,189.84839618254804
3014685,4882.285902506423
3014683,0.08643068328103894
3014682,9.597539037335785
3014681,69.20821998727028
3014680,128.10355251467058
3014679,7657.326223122191
3014678,288.65566987556764
3014677,976.5522204546663
3014676,24.962183077507685
3014675,21.42343700058018
3014674,565.1108049200596
3014673,920.854294839641
3014684,13.493024876143318
3014586,3128.050863848765
3014643,29.128746626107635
3014641,557.7178844846876
3014611,146.04536586932682
3014610,4.175481733730022
3014609,1.8693756500895433
3014608,215.1314964473018
3014607,162.37612890908144
3014606,1.6252759029121435
3014605,40.4157208235125
3014604,2.1496670071242123
3014603,1.767806124195166
3014602,0.27946585679342056
3014601,202.12645444631931
3014612,43.250633492828534
3014600,0.14421269211240625
3014598,17.21272789328619
3014597,0.5786603355733666
3014596,4.433617266195086
3014595,3943.9888459326294
3014594,36.710593329435376
3014593,127.33910727575056
3014592,210.0583592701737
3014591,563.6542000969403
3014590,963.5713921323871
3014589,6.189926434275777
3014588,404.5873071017244
3014599,14.960207113389837
3014642,25.073788687694492
3014613,605.6922200814055
3014615,0.8012134156761517
3014639,15.560636070178848
3014638,265.2636289693677
3014637,25.492130154703304
3014636,30.128873512413023
3014635,31.53004254735034
3014634,494.65984266482354
3014633,1.0946738068203534
3014632,73.58443285922677
3014631,74.2821355106022
3014630,2.4238494696090878
3014629,80.79207725003386
3014614,0.7290273203762816
3014628,9069.598422115329
3014626,497.6613419924194
3014625,545.170823404678
3014624,2432.3895015642106
3014623,2267.6280922307074
3014622,25.914252772021523
3014621,1331.794970502917
3014620,0.23563891503504408
3014619,8843.34752826118
3014618,12.61150994837383
3014617,0.2182113079281437
3014616,13.598630017253157
3014627,382.7357537111612
3014476,210.98483011533025
3014366,1.3550649717337113
3014474,6.13971526669193
3014332,7.317585710000232
3014331,3210.8169148458114
3014330,72.58751859197817
3014329,131.97949942450234
3014328,186.49983399705312
3014327,700.9280186659125
3014326,837.871828720152
3014325,6.594683743435512
3014324,449.76530299751533
3014323,0.04760485853290321
3014322,2531.3699281646923
3014321,0.9008210221478334
3014320,0.08587188773061077
3014319,3.983488345496796
3014318,0.32138971681950856
3014317,0.18325479687468638
3014316,253.5928683336985
3014315,16.375258191783622
3014314,47.508053687995826
3014313,1.5603564960360417
3014312,0.5197811589805852
3014311,82.2910579089543
3014310,80.30688337076096
3014333,0.507679344421019
3014334,20.330823485979106
3014335,11.5041010784521
3014336,0.19434830218709626
3014360,820.7296823472877
3014359,944.5379248271033
3014358,10.958212036236334
3014357,573.8655333036916
3014356,0.16822913357080685
3014355,2834.9658960181905
3014354,6.894632924299159
3014353,0.1313993413480272
3014352,4.081339953661226
3014351,1.1012298173579675
3014350,0.8563465724230477
3014309,0.5144199733288095
3014349,862.2274418292866
3014347,117.21445080280108
3014346,4.428568788721814
3014345,2.82113263909431
3014344,231.1867781595416
3014343,170.05833098700833
3014342,1.5008866544833888
3014341,47.762915359532336
3014340,2.7479374243016914
3014339,4.9070119238893515
3014338,0.2446966690756434
3014337,211.1639795739115
3014348,43.21364582439737
3014308,20.916607607917353
3014307,1.0928674050832514
3014306,0.18539672643254207
3014277,166.01517829714993
3014276,1.8579121234870883
3014275,43.32005274664295
3014274,4.791202063713526
3014273,3.459072045196012
3014272,2.7045952877838304
3014271,184.91398117358972
3014270,0.32267213682328716
3014269,25.56483338328891
3014268,22.733981251241723
3014267,0.9659707687489403
3014278,229.4643446155112
3014266,5.976539611561935
3014264,51.117530745913086
3014263,130.121003947842
3014262,187.66174139690528
3014261,622.820734392563
3014260,883.4329073049449
3014259,7.434332642069503
3014258,464.1831323346556
3014257,0.11055400442423131
3014256,2191.9766141501514
3014255,3.504646042216139
3014697,36.0814850727487
3014265,3404.782338395235
3014361,181.82241988186138
3014279,3.1171166315286554
3014281,144.46317971808412
3014305,0.031911094602015626
3014304,87.17874133773137
3014303,0.06189610790429787
3014302,4.953890401888302
3014301,5.4942098356108975
3014300,0.3087068167463322
3014299,1.9699381985816835
3014298,1650.7969522474773
3014297,23.10960558993488
3014296,81.93332756116529
3014295,67.96875868915103
3014280,5.300922731078301
3014294,216.1872685403188
3014292,3.609978157530837
3014291,94.53672310404468
3014290,0.0
3014289,1063.5877394068943
3014288,0.20670656000380935
3014287,0.029746144098635047
3014286,2.36174381693426
3014285,3.6692343195233788
3014284,1.1622037531689138
3014283,179.6516636333293
3014282,31.453687700672837
3014293,424.97324810354297
3014362,133.93104301316222
3014363,120.16611249610108
3014364,3755.1089956054193
3014445,8.194658767915332
3014444,4.670575128388894
3014443,276.89432613786624
3014442,201.1462801327783
3014441,3.1183264467986263
3014440,48.359082070354255
3014439,6.063113507863771
3014438,8.807398842957635
3014437,6.678507490550504
3014436,257.9117234660376
3014435,0.31970999718093507
3014446,174.03474835695144
3014434,26.241356055612126
3014432,1.0706457221453825
3014431,20.707283000706443
3014430,4293.062360333765
3014429,57.56394360855422
3014428,203.225636965184
3014427,203.97815368375635
3014426,745.0771212672441
3014425,1203.9100388722863
3014424,8.71170636711443
3014423,565.403592120274
3014422,0.13762583867260053
3014433,24.680089327741538
3014421,2979.203167753844
3014447,55.32256578431494
3014449,16.73970077297876
3014473,66.19164639037595
3014472,3.079143878037919
3014471,21.464325596508857
3014470,15.429988110388795
3014469,222.81411917474531
3014468,0.2251819421695691
3014467,17.60464002774524
3014466,17.349104284231682
3014465,0.8837971293753195
3014464,18.820448098875033
3014463,3299.4729381223196
3014448,795.5289275223838
3014462,109.47985206571693
3014460,200.66166635372053
3014459,783.4853938164226
3014458,769.2133032642323
3014457,10.050837989725432
3014456,414.56704947435946
3014455,0.09775210981197165
3014454,2314.27258876381
3014453,4.647210420846754
3014452,0.05315577148022427
3014451,3.351211001259668
3014450,8.104545859582421
3014461,157.20078127781994
3014475,373.2161514050922
3014420,4.66671993411094
3014418,5.07169711837795
3014389,0.0459232194244479
3014388,1865.0979613981099
3014387,7.04343766236666
3014386,0.04970646899355421
3014385,4.668583260161865
3014384,15.48838337719582
3014383,0.6630098673162637
3014382,3688.515940418717
3014381,107.63449588478844
3014380,207.87409169421937
3014379,10.397658029316403
3014390,380.7780414968288
3014378,12.275083370739601
3014376,209.5612201347555
3014375,9.059138978335678
3014374,94.53768565889021
3014373,4.2594767781175324
3014372,33.64210261480808
3014371,13.690948350186435
3014370,217.89964349005
3014369,0.26430456912010497
3014368,22.373840621948037
3014367,20.380658117664872
3014365,37.854969544547934
3014377,237.39152345829623
3014419,0.1900845243674031
3014391,11.42269823249898
3014393,554.8474681319291
3014417,12.756824338766174
3014416,0.49307508123652316
3014415,2669.1821228079257
3014414,80.49383074863331
3014413,164.21712067272387
3014412,11.447974581861468
3014411,8.030683297031242
3014410,226.6840029682315
3014409,208.2378006953605
3014408,6.912092508845563
3014407,75.5351768058333
3014392,799.290512318009
3014406,4.750265021151087
3014404,12.726793416117044
3014403,208.83176417331973
3014402,0.17888575635566586
3014401,26.194892124694643
3014400,25.312810663373927
3014399,1.0703796735689943
3014398,21.723232464535837
3014397,3168.540506940876
3014396,96.82061129154069
3014395,112.1960911467627
3014394,161.78943687600315
3014405,15.99291478777753
3014698,44.48569839223885
3014254,0.1897603828716766
3014700,465.5198190671719
3015002,0.9561479929332966
3015001,19.180712119548723
3015000,2.542827776910736
3014999,0.23822625128997243
3014998,0.2981590867352372
3014997,164.1518800564547
3014996,0.11927433517948154
3014995,9.450850649940483
3014994,11.826287775951384
3014993,0.39420757904759873
3014992,4.6698834378461
3014991,2457.97162688477
3014990,22.834458645278303
3014989,55.99700120037282
3014988,142.73738951704968
3014987,255.56031551495067
3014986,761.600621362809
3014985,4.210345589034048
3014984,173.87119488715607
3014983,0.050845904521591455
3014982,1437.398197171968
3014981,0.3699375236466728
3014980,0.09975457036447416
3015003,60.09061938691682
3015004,150.6667219110741
3015005,0.5303609834476275
3015006,2.7834252053413704
3015030,233.15343846816583
3015029,0.2705836117876724
3015028,29.9230704281336
3015027,23.03861312084871
3015026,0.9382844541718449
3015025,26.70179812936869
3015024,4035.0147828132317
3015023,140.7588830274421
3015022,177.8981791573995
3015021,258.90835237805027
3015020,879.6753638147333
3014979,3.9785236493584604
3015019,971.023985319372
3015017,511.93280778382336
3015016,0.09715756532386684
3015015,2867.7119401819336
3015014,6.122332778065738
3015013,0.09205588018320215
3015012,4.273057596228581
3015011,1.14830702745046
3015010,0.18429155350795404
3015009,420.51068394772045
3015008,34.61700633786209
3015007,55.03666787202613
3015018,12.519356603306482
3014978,3.710386439925765
3014977,0.8042539792528565
3014976,2586.713463798438
3014947,0.12706890611386257
3014946,5.043115711784316
3014945,10.014790626377193
3014944,2.2274705269488755
3014943,5125.627510887511
3014942,55.16420571446939
3014941,97.70186702889792
3014940,12.361043741056697
3014939,8.272096055968486
3014938,403.07590017871485
3014937,117.47537940004486
3014948,6.7654522319391015
3014936,5.754919806975698
3014934,3.0628773269727496
3014933,23.673509271962395
3014932,3.7573400463929625
3014931,277.78689851802665
3014930,0.6262430761687854
3014929,28.264597730638954
3014928,9.894629428272676
3014927,1.5586583213120968
3014926,13.688380251833154
3014925,4155.227799779394
3014924,41.147170221489056
3014935,118.60387171988451
3015031,18.381762104236596
3014949,1844.0818830408004
3014951,462.09673956490025
3014975,122.13879679830046
3014974,257.13039619452167
3014973,6.982213579341545
3014972,5.032683991037829
3014971,224.45825392137812
3014970,262.5235458260651
3014969,3.7806400747873825
3014968,80.43926101863597
3014967,3.2766438793378407
3014966,11.322238233668413
3014965,3.5466867191536133
3014950,0.1955800126773806
3014964,181.88275640700198
3014962,27.8102580243088
3014961,10.675933531596757
3014960,1.0319012004850894
3014959,10.192911974915738
3014958,2742.1449685013586
3014957,169.6271683347571
3014956,138.28154953939213
3014955,206.04947126666457
3014954,583.7832541168387
3014953,766.8492990719722
3014952,8.05882764816056
3014963,0.340063457481744
3015032,22.86184341016232
3015033,12.93513554226246
3015034,68.98939099755309
3015114,3049.706941752527
3015113,5.833142392280262
3015112,0.17583209233908595
3015111,6.531372715179844
3015110,41.33352181307605
3015109,0.5981048005057248
3015108,5128.746905754253
3015107,183.55923573507872
3015106,602.7284462190361
3015105,13.864671504556647
3015104,11.664064788933214
3015115,0.08341881863755216
3015103,301.17413224258104
3015101,9.67502747598693
3015100,123.72179893855139
3015099,14.125445342407007
3015098,38.03899439254413
3015097,20.19425391410062
3015096,291.4146537241845
3015095,0.4864316846852738
3015094,36.725442103586666
3015093,30.756737910726446
3015092,1.7583558534983008
3015091,35.42785769047072
3015102,534.078779766842
3015090,4556.410469891834
3015116,581.6374952093117
3015118,1341.2743230861947
3015142,31.023693076260358
3015141,1327.1284379316223
3015140,64.57656984449949
3015139,357.6018450380445
3015138,9.060090175770465
3015137,4.436858997086525
3015136,355.46219494663706
3015135,325.906686933198
3015134,3.073374690362491
3015133,48.647012769168704
3015132,9.945828928240434
3015117,11.440028664006906
3015131,5.653672689024629
3015129,318.43154746290213
3015128,0.408835788407507
3015127,26.601770857939577
3015126,28.364856140853938
3015125,1.2046062700640268
3015124,11.860252794155715
3015123,4940.454747926769
3015122,59.588496114194164
3015121,174.09169588627614
3015120,373.77798442687595
3015119,961.466793739106
3015130,9.654326558824888
3014923,59.016225958019504
3015089,189.2421940685491
3015087,273.390243061939
3015058,37.17665064796167
3015057,3995.3525404332445
3015056,200.31719234290446
3015055,266.5751643870945
3015054,220.15499145042676
3015053,1222.5990835812956
3015052,1009.075436936587
3015051,15.731218573167034
3015050,672.8662266678342
3015049,0.19821198739505447
3015048,3745.3918305441266
3015059,1.6800206116238385
3015047,7.128226971158066
3015045,4.219125669090966
3015044,30.566053037945025
3015043,0.31108965817645995
3015042,3839.7719123062216
3015041,111.83850833447515
3015040,472.3008683472181
3015039,10.440559073264305
3015038,9.405206506669055
3015037,261.38401014985817
3015036,442.30867523300367
3015035,7.0433503421272405
3015046,0.1742156084797169
3015088,271.90641021221484
3015060,24.06951732456898
3015062,0.4933725465157148
3015086,1205.8306252726757
3015085,1145.3425753072734
3015084,16.418747305723173
3015083,714.4830530487924
3015082,0.15806769412308028
3015081,3794.7623562503168
3015080,9.163035464620965
3015079,0.1568158252294715
3015078,5.266550120481281
3015077,47.57150869078112
3015076,0.4470373998179724
3015061,31.451152777719287
3015075,5584.2921580291
3015073,597.1813024559826
3015072,12.462055916463331
3015071,10.090531172722923
3015070,242.33116223289394
3015069,542.5687244149295
3015068,10.321482725344453
3015067,130.63980521402445
3015066,11.635382141428913
3015065,41.69594935373619
3015064,15.646259322040795
3015063,261.28978092334165
3015074,178.85577944419848
3014699,0.7068254978123021
3014922,361.1218796607183
3014920,1324.7895261534359
3014779,107.15613544869976
3014778,3119.1796258645477
3014777,117.97286549866028
3014776,717.1452201267516
3014775,19.33511927247547
3014774,17.488679841386467
3014773,540.3497309837652
3014772,764.0093965668962
3014771,6.232502347022191
3014770,91.4085391552259
3014769,5.961309843253798
3014768,12.593333581964632
3014767,16.319832521718325
3014766,442.6033863330499
3014765,0.5578934251408445
3014764,35.37544470033304
3014763,35.94323808306945
3014762,0.7978725806466265
3014761,41.77363199250954
3014760,6685.065088802245
3014759,147.9619752995827
3014758,144.96124251848028
3014757,504.8327941404153
3014780,28.988894759295075
3014781,8.954526508109614
3014782,0.12159506978114627
3014783,11.59931141144976
3014807,18.62358459462266
3014806,456.7304736304065
3014805,722.6635668043482
3014804,12.58429351159725
3014803,175.0315386242455
3014802,11.116089400512644
3014801,35.506724956421095
3014800,19.412114983991554
3014799,434.0277904033957
3014798,0.6405173635224266
3014797,48.503485416171195
3014756,1130.6948051781371
3014796,47.609502045473505
3014794,63.469714781938876
3014793,6766.315001398765
3014792,262.20701427977053
3014791,339.33870960817893
3014790,445.5347962321206
3014789,1723.7286576968675
3014788,1783.5644660992257
3014787,22.577675238527497
3014786,1102.2994983413935
3014785,0.19582121644292402
3014784,6372.8743441440065
3014795,1.3520326563394867
3014755,1691.3087256091749
3014754,18.399949979344452
3014753,667.2838165244972
3014724,552.2851912580975
3014723,1677.7336126429068
3014722,1883.9435416724066
3014721,21.073836348166324
3014720,1042.0029110837113
3014719,0.21097396560187776
3014718,5980.1694448328835
3014717,14.513635389213649
3014716,0.11244623030259386
3014715,10.558656633434364
3014714,45.05689368927993
3014725,272.3812199941595
3014713,113.62983585098804
3014711,166.67114212695748
3014710,815.4924664489934
3014709,27.20747723061108
3014708,21.94262736880854
3014707,558.7613413024874
3014706,812.2657538428994
3014705,8.678307559571376
3014704,116.7538501461419
3014703,7.8114176297305296
3014702,40.49501533722216
3014701,29.754572947432102
3014712,4401.4056653589205
3014808,23.948382394938182
3014726,228.58420942206828
3014728,57.970524741620096
3014752,0.09761015035991481
3014751,3900.5279227861215
3014750,12.893869866883296
3014749,0.059205060767189184
3014748,9.119849576219684
3014747,52.92481955464441
3014746,123.257485084081
3014745,6385.860571779696
3014744,215.3833676664395
3014743,822.440754213643
3014742,22.662395392681375
3014727,7731.853171249625
3014741,20.48060225415825
3014739,796.5254152121811
3014738,10.399672619626562
3014737,148.3142084389413
3014736,10.880617610351035
3014735,41.34998180655085
3014734,27.058822858091375
3014733,487.5008986803236
3014732,0.8628523019367158
3014731,53.496665787055214
3014730,45.857086017422056
3014729,1.4104386076619768
3014740,590.5250572643563
3014809,774.0399200565494
3014810,254.26479876957498
3014811,8729.632991412049
3014891,225.93108235379185
3014890,306.59429324671714
3014889,302.8511597559673
3014888,1382.419537724459
3014887,1309.3316206415084
3014886,12.751612560272086
3014885,901.7972259056804
3014884,0.18115765453374744
3014883,4652.03326431184
3014882,6.70379390246154
3014881,0.139205644630194
3014892,5006.30302893575
3014880,5.932586099415427
3014878,100.11831922824457
3014877,2897.1014462863614
3014876,99.24860110371858
3014875,478.1391165472179
3014874,15.133142147903552
3014873,9.140622686235236
3014872,377.9133807861306
3014871,570.4751691729853
3014870,5.936809340516061
3014869,85.34476665526576
3014868,3.5169380656712654
3014879,23.06858491655058
3014867,12.68569859014739
3014893,26.139254070185896
3014895,21.840711259919416
3014919,6.2636551592430205
3014918,921.4136450324412
3014917,0.3442000255693318
3014916,3689.0754635269636
3014915,5.579837796865048
3014914,0.25825159127162245
3014913,4.7277466846111125
3014912,34.37181655434956
3014911,2.461797256869297
3014910,6241.648232500211
3014909,169.24661179141984
3014894,1.113390444806741
3014908,592.5724842962634
3014906,13.423668782034268
3014905,328.30955611044993
3014904,621.850465302303
3014903,7.352754258086028
3014902,141.75060277007776
3014901,3.8706337005332516
3014900,41.959426524429354
3014899,3.4435870980314327
3014898,311.43148087706044
3014897,0.6862229546775551
3014896,28.65165629196401
3014907,11.219594768763429
3014921,951.8776814603459
3014866,17.17994016345606
3014864,0.45407373589587957
3014835,7.919161845210066
3014834,10.059718693356155
3014833,8.072800574426317
3014832,179.32041663042196
3014831,0.3255992490370629
3014830,27.28797374983758
3014829,17.790990587644536
3014828,0.9199239718858812
3014827,16.045254346778705
3014826,3025.401589132524
3014825,84.09800599965097
3014836,52.215590598338174
3014824,114.40170501047544
3014822,570.9643982216517
3014821,841.2726189001797
3014820,13.990866465243498
3014819,392.09792543063577
3014818,0.11121936562063452
3014817,1846.7334021856034
3014816,3.5139961174517786
3014815,0.15630702162522697
3014814,4.6660934082525705
3014813,64.90948740740528
3014812,108.52525419351636
3014823,192.5037241799108
3014865,293.45339869208357
3014837,4.646238312370265
3014839,209.50861595721315
3014863,41.59219531131985
3014862,35.15900706828912
3014861,1.0365421454128616
3014860,39.680254667595946
3014859,5140.945321596725
3014858,118.91105342472052
3014857,130.99751238118256
3014856,356.45809242697635
3014855,989.5298649855007
3014854,1362.2547200426015
3014853,21.415789245231696
3014838,210.0156055247759
3014852,557.9077126414589
3014850,3573.8257801709274
3014849,9.61486173814924
3014848,0.08340684906367046
3014847,8.443302227802093
3014846,12.08511283996436
3014845,0.4733364790278564
3014844,2026.191630061281
3014843,78.5966621607639
3014842,190.8440145230432
3014841,7.510814296080028
3014840,4.30436526796685
3014851,0.13995976785916
3014253,4.16492675595393
3015143,13.56313429844423
3014251,0.2719896753505552
3013663,0.0
3013662,918.6695191108714
3013661,2.6785856249637474
3013660,0.060803629340804514
3013659,1.8362121514554919
3013658,6.275853364531821
3013657,12.489814570057208
3013656,672.4871770270522
3013655,34.3084100328181
3013654,222.5896743318122
3013653,4.097830197801251
3013652,1.1137297021853843
3013651,252.9479452978039
3013650,203.38649952956646
3013649,1.3819581534329557
3013648,30.847481384584118
3013647,6.360723746212353
3013646,0.4502141736517806
3013645,1.6250586639031668
3013644,259.4451378360972
3013643,0.16070698477802678
3013642,17.652390260778027
3013641,12.462806693664447
3013664,121.60469139628307
3013665,2.0358625557611023
3013666,249.36123856036397
3013667,310.27621100332016
3013691,2.0866918005355592
3013690,15.135053758134742
3013689,156.0577503547234
3013688,3.3086167704934244
3013687,2.078770777141314
3013686,3.06651923325637
3013685,2.308945925664107
3013684,53.75789786550245
3013683,1.4135945479493177
3013682,1.0995128305262831
3013681,14.337360338595843
3013640,0.5474107603474254
3013680,3.2380290250034074
3013678,2.4398807714798827
3013677,41.29508909065731
3013676,0.12032492122579141
3013675,4.691014958210931
3013674,5.191408363709911
3013673,0.4860304591535874
3013672,4.153680183522405
3013671,1997.3660019980905
3013670,2.225983325819444
3013669,29.66206101381722
3013668,60.305791940831455
3013679,2.342989842049399
3013639,6.374292538032813
3013638,3703.900340958578
3013637,39.18864295805464
3013608,10.508514671867433
3013607,0.33072992061946127
3013606,2.974397772352494
3013605,2137.128150170845
3013604,23.70304143526594
3013603,87.12114970512265
3013602,143.38635762251974
3013601,276.9792020293165
3013600,655.6017099587364
3013599,4.103863430429078
3013598,146.55620355852795
3013609,12.083826318816032
3013597,0.0
3013595,0.3817310807035983
3013594,0.08546035319167872
3013593,3.28576327017993
3013592,3.6247859434747127
3013591,19.047603444892484
3013590,329.69458537099774
3013589,36.16564510351748
3013588,116.37921217182516
3013587,3.858150754045764
3013586,0.910180402877887
3013585,177.0108237803457
3013596,1267.4453167792526
3013692,4.040798570532293
3013610,0.10279329712748025
3013612,0.3533595363275516
3013636,124.39318479236287
3013635,322.0690432948603
3013634,627.5444666200269
3013633,953.4915915486387
3013632,5.5910993783799805
3013631,302.4137834482393
3013630,0.0790153467869745
3013629,2492.084770835887
3013628,1.748437245077615
3013627,0.13004721667874994
3013626,4.059525522456036
3013611,158.3206471433971
3013625,1.4994782834346125
3013623,112.60655352667096
3013622,24.433356101162598
3013621,94.12039711276198
3013620,2.8425119025224403
3013619,0.684735536226516
3013618,142.22252951544914
3013617,94.4972961115255
3013616,0.8192533451345048
3013615,21.093102823662846
3013614,2.3516678185968014
3013613,0.17872452407540007
3013624,0.15507472552642723
3013693,0.1722009984714893
3013694,1.7923833562960767
3013695,1620.2435652284325
3013775,0.1572593478419431
3013774,16.834736495395855
3013773,18.687385046144094
3013772,0.5309003257810161
3013771,8.814444933494837
3013770,4048.823236021941
3013769,30.104512841082435
3013768,103.16146641184706
3013767,323.4418450900005
3013766,775.5516045708019
3013765,1055.705392514182
3013776,256.18890468245684
3013764,6.832941883735337
3013762,0.0
3013761,2670.7834835493395
3013760,3.0284086166740174
3013759,0.2594505896281748
3013758,5.048145932224637
3013757,24.014309081724406
3013756,0.3253109115981992
3013755,3756.204737839589
3013754,104.73578096892548
3013753,426.6721908319973
3013752,10.1014626407474
3013763,469.65841176325875
3013751,9.426303138457673
3013777,5.1362605930233896
3013779,3.179745428995843
3013803,3146.990413890452
3013802,62.006244921219576
3013801,147.71258502056216
3013800,239.3276184791102
3013799,571.5622059750913
3013798,941.6744560335823
3013797,6.918814973775933
3013796,388.1141690878273
3013795,0.10198367624497416
3013794,1906.866936598092
3013793,1.9536737230566041
3013778,3.9199004761583405
3013792,0.24536895283121232
3013790,8.161809026749662
3013789,27.98068583876695
3013788,586.2820458168977
3013787,39.54622706410101
3013786,258.19563109441077
3013785,5.919312202661605
3013784,3.1668761613779655
3013783,280.14413146047514
3013782,200.27706698706368
3013781,1.9451603976000142
3013780,33.63303507180963
3013791,5.525614329837945
3013584,143.013422896656
3013750,228.30787933882056
3013748,6.813694139476741
3013719,3.788446910595158
3013718,0.9102416496408514
3013717,165.13395828641922
3013716,124.65081784057507
3013715,1.1756811117295434
3013714,16.324512298721164
3013713,2.9505282213066404
3013712,0.2163218108102256
3013711,2.846831539525548
3013710,177.40564433274432
3013709,0.15091350429503705
3013720,113.57822484534043
3013708,10.450117063592671
3013706,0.5766173088892854
3013705,5.745469944183066
3013704,2870.643608589017
3013703,32.63393686160213
3013702,57.286401698585706
3013701,215.78662982692524
3013700,368.0281833779019
3013699,708.4419169700308
3013698,5.276063585016538
3013697,161.62639323460135
3013696,0.06505165079399257
3013707,12.379510715186141
3013749,404.37390591017635
3013721,27.70446306811664
3013723,3.9956196014985847
3013747,67.8687908332213
3013746,7.568435041120136
3013745,21.301632405075225
3013744,16.5105644662466
3013743,225.05227809997066
3013742,0.29989834774241586
3013741,21.470016101507763
3013740,16.608963374232935
3013739,1.0749137621888996
3013738,23.383351556192768
3013737,3649.4471017354604
3013722,265.78588124304605
3013736,120.69503266214684
3013734,217.23654934217578
3013733,817.5509092578121
3013732,861.7010047641176
3013731,11.342968484865862
3013730,501.7240236992079
3013729,0.11215097967795924
3013728,2730.0583802467995
3013727,6.450261217286925
3013726,0.10056184950073972
3013725,3.9051760298677918
3013724,2.803251094202163
3013735,178.56028909681493
3013804,6.294440374785612
3013583,1.165681896518168
3013581,3.0929461696746188
3013440,5147.7261252587605
3013439,59.365449550627396
3013438,141.66472743175896
3013437,370.2315559447685
3013436,777.8389970120497
3013435,1486.1046490490555
3013434,9.94458607935975
3013433,566.502063807967
3013432,0.12375305536897918
3013431,3166.4681588075005
3013430,4.935126775427254
3013429,0.25026754695521797
3013428,5.709327442607809
3013427,2.1275203639164206
3013426,3.3133832145341504
3013425,237.31884382786694
3013424,11.827062408789597
3013423,126.25597764389224
3013422,3.023129638095458
3013421,0.63103942498277
3013420,140.5733969863242
3013419,125.98669417324717
3013418,0.5891907967316325
3013441,14.259150257199384
3013442,0.7867977764206677
3013443,24.945511260051713
3013444,23.377822923028443
3013468,646.2611704018777
3013467,5.113107697318668
3013466,154.7711005320524
3013465,0.052949654350726995
3013464,1413.6251969801524
3013463,0.641999369045336
3013462,0.12587614055890203
3013461,3.5401772763858768
3013460,7.515936726154919
3013459,24.53924174709712
3013458,736.8144782851281
3013417,10.0337981613739
3013457,50.821152810546714
3013455,7.881926599482094
3013454,2.60444410493514
3013453,367.8299144511254
3013452,449.4550845621483
3013451,2.234507681833488
3013450,35.998045397307486
3013449,6.483813273843885
3013448,2.561075305602623
3013447,7.140266638722398
3013446,335.3442312733974
3013445,0.30762395857389857
3013456,341.13096076038295
3013416,1.3730193703925395
3013415,0.021279494189631685
3013414,1.8080182905276958
3013385,6.695279431262969
3013384,82.80462708732016
3013383,4.410497487622752
3013382,22.433365226909835
3013381,15.429726730899532
3013380,195.3167748694234
3013379,0.2796080891635254
3013378,23.93553043435427
3013377,16.51420621197809
3013376,1.1650693194330182
3013375,21.54773150273439
3013386,330.15212823044334
3013374,2970.8015097386865
3013372,148.74672525381132
3013371,163.0213096081173
3013370,779.9996045132518
3013369,698.6073957971979
3013368,12.33988227229045
3013367,432.0437198801127
3013366,0.10161143955728981
3013365,2371.3350177932903
3013364,4.456039824299196
3013363,0.09013213628729635
3013362,3.537465999808359
3013373,109.67133586922697
3013469,366.3844866487277
3013387,167.29084944131532
3013389,9.914306222726273
3013413,149.27636705356989
3013412,0.0975604158992021
3013411,8.3819767312372
3013410,6.829536093735611
3013409,0.35406592708245543
3013408,2.6906739791803815
3013407,2506.561232044193
3013406,17.59959989937657
3013405,29.956785718242333
3013404,164.5924144934794
3013403,274.51170276812627
3013388,8.935369216536563
3013402,612.0887222005391
3013400,100.26213576425056
3013399,0.0
3013398,1059.4250467894112
3013397,0.5459333995231477
3013396,0.08782773322667427
3013395,2.2835181127177915
3013394,22.37030625028153
3013393,0.31111978193331435
3013392,3531.8500167949146
3013391,85.75031970204533
3013390,340.26308345805586
3013401,2.920205792564623
3013470,166.68057873457136
3013471,47.85332478830444
3013472,22.27309609175389
3013552,191.48063579493132
3013551,151.30728415672635
3013550,1.0139597222004153
3013549,14.560226293021056
3013548,2.8995475482858324
3013547,0.13763741152537765
3013546,0.6365285506285403
3013545,192.5470149033562
3013544,0.11129457189979686
3013543,16.911414858160953
3013542,11.273865953314486
3013553,0.640830323193867
3013541,0.4432741884935098
3013539,2613.1886971969
3013538,27.418596840755303
3013537,45.03697284688108
3013536,175.83736001605365
3013535,389.4253821657664
3013534,795.3780420956504
3013533,4.997303948500314
3013532,173.5124943293965
3013531,0.027307442602994732
3013530,1461.3918278256888
3013529,0.6379983762561139
3013540,4.255192075033971
3013528,0.10111638746864283
3013554,3.1417430093394474
3013556,31.000576024469865
3013580,0.29393189992209695
3013579,3.0868191015278406
3013578,204.1090451898268
3013577,0.158135271034887
3013576,16.576012320871968
3013575,15.253343550961198
3013574,0.5935291813708234
3013573,6.458395789134901
3013572,2859.9864762880925
3013571,43.26172240505797
3013570,68.4471828539833
3013555,100.0940177150495
3013569,233.57765215826532
3013567,754.8352206586522
3013566,5.032667877137567
3013565,166.5642537198042
3013564,0.07178725152312623
3013563,1647.8131132026906
3013562,0.926335388828784
3013561,0.2896538734186342
3013560,3.587380505885247
3013559,2.372178638654119
3013558,7.82337973149208
3013557,347.07461710240676
3013568,379.52292286796666
3013582,27.977752030415118
3013527,3.244500344609489
3013525,20.42491859861029
3013496,1.4770381697008648
3013495,0.10604788155696712
3013494,3.4405416095452326
3013493,1.7432727082437043
3013492,9.745123781185217
3013491,191.36172897690219
3013490,21.430012739235604
3013489,106.46433973538423
3013488,3.3708619095563614
3013487,0.7581413299795796
3013486,154.42947320850817
3013497,1392.564309866301
3013485,122.13886585092769
3013483,24.935056373646542
3013482,5.02692329660445
3013481,0.14481285186488543
3013480,1.2793955778014268
3013479,153.5599105225136
3013478,0.12446044039148495
3013477,9.400850380507649
3013476,10.500707158951238
3013475,0.5019751459099968
3013474,3.914586115581211
3013473,2418.7643970522586
3013484,0.8794651993283298
3013526,1.6173512840162783
3013498,0.04341820149867574
3013500,4.782126508650359
3013524,261.45057959087063
3013523,20.38724388565245
3013522,101.52859332334543
3013521,3.238017343467556
3013520,0.7227520058025245
3013519,151.14041817187405
3013518,117.50679775220803
3013517,0.8223422006955226
3013516,22.100902125708927
3013515,2.482978106230359
3013514,0.14645928331698604
3013499,151.94447351174122
3013513,1.3531696268462894
3013511,0.1260776016879253
3013510,9.08473505031793
3013509,10.39087994842602
3013508,0.49114334930993336
3013507,3.8630548400871465
3013506,2378.332628920864
3013505,21.400351620670957
3013504,46.22746401790877
3013503,143.60796744817074
3013502,345.1521211624358
3013501,632.0568135217025
3013512,150.78691933573586
3013805,0.6644673697563652
3014252,1.2566253710712747
3013807,22.021077848782618
3014110,199.78016485498333
3014109,16.567882739282584
3014108,61.87314622277394
3014107,30.15181042539899
3014106,403.3761038349621
3014105,1.249091345979204
3014104,51.15642837149153
3014103,39.6591743989901
3014102,2.719398837847091
3014101,70.39386321609891
3014100,6283.695702362779
3014099,313.7948303637002
3014098,469.99194660845995
3014097,366.99786424060545
3014096,1954.9455785530427
3014095,1687.8773266659327
3014094,27.137204653796967
3014093,1129.9543997769752
3014092,0.41115328089574904
3014091,6328.553859505665
3014090,10.081497318052524
3014089,0.41642313287480387
3014088,7.308726200878436
3014111,16.11500455343748
3014112,825.7398747938447
3014113,435.3200492649206
3014114,17.13249654900522
3014138,0.10713257700295355
3014137,6.341465442180668
3014136,10.105139764783912
3014135,0.31893429158316416
3014134,2.07303262002585
3014133,1572.69639277758
3014132,21.272340241398158
3014131,82.3901867157764
3014130,96.14140754750419
3014129,248.12476352485956
3014128,449.2361348482149
3014087,2.515464974777654
3014127,3.409705079415205
3014125,0.0
3014124,1079.6211708780813
3014123,0.3124103134807692
3014122,0.03139486000391378
3014121,2.3020451552983907
3014120,92.93267636747986
3014119,0.9578360160349499
3014118,8420.089081389155
3014117,348.48287174568304
3014116,1043.4663550293646
3014115,23.479627457348904
3014126,121.10571823566673
3014086,1.0583130707199682
3014085,566.6723636348391
3014084,40.15166973565405
3014055,4.180253648871815
3014054,2.953251981552131
3014053,1.112086789919688
3014052,632.9152934321888
3014051,39.559531686288025
3014050,177.81186549481822
3014049,4.848376104024791
3014048,3.093459471510603
3014047,241.92203920175737
3014046,179.65610084967767
3014045,1.2795733748042557
3014056,0.21291587049069519
3014044,62.95578731571829
3014042,2.5419753793331368
3014041,0.324838470972247
3014040,232.61330728295667
3014039,0.3194399573628906
3014038,11.78514063951625
3014037,21.196753508977327
3014036,0.8296072250926871
3014035,5.608996355078822
3014034,3892.193228638684
3014033,33.46847532944014
3014032,162.7711514234048
3014043,3.733966043891141
3013806,16.758745672845322
3014057,2.3975685449226947
3014059,0.1416236842588419
3014083,55.48079382036694
3014082,4.703544734950395
3014081,3.0645038876762243
3014080,208.7181307736417
3014079,60.55319954748546
3014078,1.4579975502988116
3014077,47.649787950613714
3014076,3.069873265121057
3014075,2.2689052758418766
3014074,0.31992419239436853
3014073,217.5011186044395
3014058,2199.254357960038
3014072,0.3233754804557228
3014070,19.41782048398757
3014069,0.7537858734547553
3014068,4.956242669651326
3014067,3079.9140111020615
3014066,38.8116961410878
3014065,137.5297807366491
3014064,211.19134590702504
3014063,659.8192765192389
3014062,802.0695249050473
3014061,7.183088537512917
3014060,463.49095744226526
3014071,18.369607867116745
3014140,0.3828797251251173
3014141,0.25810765305738387
3014142,1.9434634835630802
3014222,0.6294398575896614
3014221,0.1827407502509238
3014220,5.256584699763231
3014219,0.8745646729399021
3014218,0.13129710970576286
3014217,166.5956608655102
3014216,10.285345482383576
3014215,60.1318969725044
3014214,1.7929279422613376
3014213,0.5960137288428895
3014212,88.70679832044293
3014223,1642.7644047574238
3014211,56.86916724596657
3014209,18.123153469546235
3014208,1.4867933175214394
3014207,0.1454837277792191
3014206,0.21661398157326553
3014205,87.00600224704263
3014204,0.0722574451688024
3014203,4.627030791385768
3014202,6.949458713687332
3014201,0.2813267370548348
3014200,1.3924665226670987
3014199,1507.3229193185857
3014210,0.41084342728949397
3014198,15.696936103095123
3014224,0.06154826361320531
3014226,4.988891259390631
3014250,632.1614647816099
3014249,31.026921213051445
3014248,173.8304947731877
3014247,3.5541719699218453
3014246,0.8973000839701566
3014245,201.2392964352396
3014244,199.74690592377365
3014243,0.9283804597233216
3014242,34.238660425533304
3014241,5.318680235131432
3014240,0.26949673677733954
3014225,246.4909328298565
3014239,0.3643346046128354
3014237,0.16932048697606458
3014236,16.07139639344744
3014235,16.450334220167633
3014234,0.6226698269318944
3014233,3.2895353666792424
3014232,2867.353471440544
3014231,39.81600410575648
3014230,131.4260434772223
3014229,187.25251997280427
3014228,445.95252512046295
3014227,801.8447734219423
3014238,187.16582490359596
3014031,241.75754492732
3014197,86.98946316584374
3014195,202.26496615732162
3014166,3599.220089505422
3014165,45.81614895046419
3014164,188.7938061578089
3014163,225.35708664296104
3014162,677.6033834124117
3014161,1032.9291172162048
3014160,6.800972350275208
3014159,448.78169173501897
3014158,0.07759437248580063
3014157,2309.231235111776
3014156,2.081768736649179
3014167,6.484353049984768
3014155,0.2206283010769263
3014153,1.37436714673772
3014152,0.16809250434009093
3014151,224.77398768075443
3014150,15.227654496057735
3014149,74.28820357998991
3014148,2.380671042453136
3014147,0.8418673297662402
3014146,98.74428245327952
3014145,67.1810951746012
3014144,0.6180224224739663
3014143,24.765009852116076
3014154,5.449461652719991
3014196,75.71977653901315
3014168,0.5387879426137467
3014170,17.76019230526587
3014194,426.62604232098727
3014193,3.0085542843456814
3014192,96.25910727159165
3014191,0.0
3014190,783.6874293461502
3014189,0.1355146828256648
3014188,0.00532846009425951
3014187,1.7136829392926218
3014186,4.080918062713393
3014185,0.8690931595851323
3014184,681.9367861168445
3014169,17.41636000960741
3014183,49.093935833727116
3014181,5.605514080703556
3014180,2.3335123900541634
3014179,242.75960694949205
3014178,242.48369259192407
3014177,1.5092541149338854
3014176,27.19027279421158
3014175,5.552685441104276
3014174,2.1160412102892616
3014173,1.9122869329609378
3014172,218.68052239434334
3014171,0.26067884270351094
3014182,166.89146136246703
3014030,815.2430188816257
3014139,108.35315693183064
3014028,7.883960445223355
3013887,1678.4124817132686
3013886,36.70187608992119
3013885,243.4148268704858
3013884,4.913651218328525
3013883,3.5461714173312338
3013882,144.01124837988095
3013881,320.31943756788445
3013880,3.0782967743905276
3013879,44.250807043098966
3013878,2.300597996950918
3013877,2.352943848717043
3013888,0.28547113119266354
3013876,6.758081063624068
3013874,0.11878666356375649
3013873,13.812540972659985
3013872,9.918014776207677
3013871,0.49054707851474894
3013870,15.153333757059382
3013869,2063.014031547176
3013868,51.71550034638005
3013867,55.48481561541456
3013866,132.37714702106413
3013865,423.9507890497869
3013864,469.92995920644853
3013875,113.0738947063369
3013863,9.089585953641262
3013889,9.688483610376567
3013891,0.09508989542368582
3013915,292.5254512997247
3013914,314.3566762627494
3013913,9.0446897750992
3013912,105.43797144541594
3013911,6.997614929088934
3013910,42.97410403517942
3013909,8.516151362927248
3013908,240.30556333634908
3013907,0.25122325774300214
3013906,41.337028845562536
3013905,18.20014930101413
3013890,3.263986169157488
3013904,1.2239139760658584
3013902,3624.6799913205664
3013901,108.56738821993177
3013900,177.86424554192953
3013899,262.9230080317683
3013898,1224.660351799444
3013897,926.0575222285485
3013896,13.78654918903896
3013895,803.6301838425258
3013894,0.18638355502028048
3013893,3281.982107592092
3013892,4.361060920138877
3013903,19.85901012090573
3013916,13.598261815869783
3013862,250.15446821062508
3013860,1326.9145364751887
3013831,596.1835516257435
3013830,4.790349490368354
3013829,152.8167835984649
3013828,0.11356073813685053
3013827,1205.3929547588593
3013826,0.7683586119898265
3013825,0.2254127338678675
3013824,3.355306777846784
3013823,3.5799821153535785
3013822,0.7344134520209604
3013821,915.5290665394948
3013832,313.14998567156067
3013820,58.154408920541584
3013818,5.4382229542182685
3013817,2.122638544870571
3013816,224.19943753499197
3013815,38.83710587290224
3013814,1.7092705432877442
3013813,40.4783449587543
3013812,4.884833718438191
3013811,1.8884929442912348
3013810,2.354546841402006
3013809,221.02209301805289
3014029,987.2815416862951
3013819,41.44826345382939
3013861,0.03677945896130684
3013833,136.53411836416277
3013835,29.65275296461231
3013859,3.5772567840492107
3013858,0.04413368791022799
3013857,3.05191480527297
3013856,1.201059238981966
3013855,6.770111470939222
3013854,401.0745162239409
3013853,25.72001504944458
3013852,58.00684807752247
3013851,3.75726815269263
3013850,0.9941363829087524
3013849,121.68657744421951
3013834,73.4799084322063
3013848,55.317727145509345
3013846,29.48478062581888
3013845,2.816753803390486
3013844,0.6284050590566301
3013843,0.8574720119409742
3013842,140.57077652176173
3013841,0.18651130328348656
3013840,9.534748919812325
3013839,10.014879546697035
3013838,0.5449631056999396
3013837,3.604575131042198
3013836,1833.2157693024071
3013847,1.6221255896621098
3013917,9.460551571086835
3013808,0.26685792012593135
3013919,111.86871601308515
3013999,176.26849130338235
3013998,221.54829789713293
3013997,833.3803654419166
3013996,752.505655035327
3013995,10.644268734774775
3013994,536.7157155731328
3013993,0.11889202844822079
3013992,2620.989479882251
3013991,4.844233386204212
3013990,0.11619962776161652
3013989,3.933223718576863
3013918,431.5954290873708
3013988,2.4699335658831636
3013986,825.4363273629849
3013985,16.049406055782818
3013984,118.67328050926206
3013983,3.0093423043397136
3013982,2.795215485043285
3013981,107.38929026780916
3013980,142.41235797893302
3013979,1.485917362081039
3013978,23.887242551521663
3013977,1.6060877296601386
3013976,3.7670910764413224
3013987,0.27082865348026774
3013975,1.703876211263255
3014001,3086.4090879935056
3014003,1.2261714373779529
3014027,570.2873001679825
3014026,0.14252587708536446
3014025,2684.647948374677
3014024,1.1799398314924696
3014023,0.20775263455714674
3014022,5.118763541856108
3014021,14.965714820179432
3014020,0.4420292691722695
3014019,4011.091920939887
3014018,78.98352724617088
3014017,311.7993844341625
3014002,19.640094397030932
3014016,8.300016816986442
3014014,209.51497214382286
3014013,287.14115338154596
3014012,5.014378111499106
3014011,105.32687164468484
3014010,4.672453935182735
3014009,28.12737807702273
3014008,6.636571090448462
3014007,188.2409314242822
3014006,0.24506680257340843
3014005,25.563101035008433
3014004,18.19550620715256
3014015,8.585896511187869
3013974,69.27342342289027
3014000,89.97885186784926
3013972,6.6303299614791245
3013943,21.54795288577881
3013942,0.3814388194876486
3013941,37.98822100553814
3013940,0.08504880131493643
3013939,3.416209774844937
3013938,4.639673610702681
3013937,0.4793405302487787
3013936,5.6463123486248765
3013935,1143.3322462322003
3013934,4.855223490478855
3013932,32.10028156800484
3013944,1.4240643450231678
3013931,194.16410595161636
3013929,2.507704427563602
3013928,77.73661939966316
3013927,0.0
3013926,479.2569186246765
3013925,0.8753244880397943
3013924,0.0
3013923,1.5105460484186501
3013922,25.494242264409824
3013921,0.5568293259737835
3013920,4524.445044809399
3013973,0.15214916923383112
3013930,163.1690530130373
3013945,50.5449043010764
3013933,16.816640113357543
3013947,8.281913469261896
3013946,2.065331276472674
3013970,0.45256461158019246
3013969,3.8210758599458563
3013968,1277.196758374773
3013967,25.477287056039025
3013966,40.02693799224822
3013965,70.76194075302585
3013964,248.35190648339534
3013963,347.0903520143603
3013962,6.075298818320981
3013961,198.30357851007122
3013960,0.022306716321144157
3013971,7.537848596856913
3013958,0.9888934685115638
3013959,901.8806216317163
3013949,2.716268406168384
3013950,2.266104963344375
3013951,11.889382203671527
3013952,6.319605254389784
3013948,50.473877757923674
3013954,0.2357249101897365
3013955,0.5221635596670413
3013956,2.4358398508585193
3013957,0.009945129527450195
3013953,555.5902061320232
3016328,56.263935435927365
3016336,0.1473420729499307
3016335,2210.064254149251
3016334,4.616630039214834
3016333,0.11128959773598608
3016332,3.700883517677454
3016331,7.278956546607493
3016337,456.1293807857797
3016330,0.5222469508626442
3016329,1937.8714916103254
3016327,201.54267986019522
3016321,51.36869255991222
3016325,8.264772004661278
3016324,236.88150817532326
3016323,189.7111085838812
3016322,7.409439392138337
3016320,5.00762775242185
3016319,13.19073835181378
3016318,8.68242397658932
3016317,193.51526580796076
3016316,0.2782437740172095
3016315,26.250036275107536
3016338,9.62868029818675
3016326,10.385111341007839
3016339,737.3323579768955
3016366,0.11045052926001078
3016341,165.69383919097507
3016365,4.241713176904825
3016364,12.139846537612081
3016363,0.5444958853973663
3016362,1914.3274882217968
3016361,78.89780110450954
3016360,115.43383002484919
3016359,9.136112603256871
3016358,9.596960122560935
3016357,190.01674739374548
3016356,116.7787993246888
3016355,8.117561411207552
3016340,577.244732775767
3016354,59.084412953481326
3016352,20.522778876576837
3016351,12.397730402084688
3016350,177.35002675627473
3016349,0.25591659113442017
3016348,19.392935004973854
3016347,16.26886095837606
3016346,0.9667449077807253
3016345,22.469516844454635
3016344,2667.2870874154337
3016343,104.98310410910543
3016342,84.1091624669264
3016353,5.645712984342957
3016314,19.92862347600748
3016260,9.40869302687648
3016312,21.78083759282525
3016283,0.20700280325836087
3016282,13.571697470052143
3016281,24.1007184853025
3016280,0.7511025972073124
3016279,8.070525315255953
3016278,3698.119482495601
3016277,66.45057053838157
3016276,131.22003220899538
3016275,219.78081222472076
3016274,420.65628928388816
3016273,1064.610267867382
3016284,246.54159977048388
3016272,6.2391650159964325
3016270,0.09596752038739051
3016269,2258.013315396046
3016268,0.9175145115639995
3016267,0.17741056062407837
3016266,4.568673654225331
3016265,24.123471528727556
3016264,0.2577218125261876
3016263,2014.7229243462164
3016262,74.41845149643295
3016261,403.12118377854335
3016367,1.904976162103512
3016271,334.2330722239799
3016313,0.8765003369810083
3016285,0.8263704204805062
3016287,5.098657739262906
3016311,3236.0569480352924
3016310,74.5134398536873
3016309,104.20661453559757
3016308,203.2916936169645
3016307,570.9767570304675
3016306,857.897542236566
3016305,11.885356842966196
3016304,417.01411959788294
3016303,0.13474594832800105
3016302,2119.9791612574445
3016301,3.918177449973297
3016286,0.859066387448542
3016300,0.16326822007708658
3016298,2.5011824435138688
3016297,0.3029347674323862
3016296,993.3559579851382
3016295,50.202497665182776
3016294,133.95448620411773
3016293,4.724937490290696
3016292,1.2953773361886345
3016291,258.2153620200383
3016290,154.53157355894092
3016289,1.4899679089405766
3016288,38.69635242382931
3016299,4.459429343779695
3016368,3158.9223482369885
3016423,535.3220252966768
3016370,403.2326012956787
3016450,27.999240991740685
3016449,485.393644148954
3016448,0.8070381696717597
3016447,57.28808383032479
3016446,55.75682283088287
3016445,1.358174531689396
3016444,80.51839708841628
3016443,7705.771653660555
3016442,255.05099538154087
3016441,344.2119188986332
3016440,546.7129272900448
3016439,1734.6238906999492
3016438,1975.720464754674
3016437,23.77664630909774
3016436,1070.0747852534726
3016435,0.16949138226349764
3016434,6898.585989655543
3016433,11.387568915612269
3016432,0.1485785150856965
3016431,11.267196489449912
3016430,92.29743579097045
3016429,139.70828626872049
3016428,6965.157997075052
3016451,22.906966802448963
3016452,11.840440256973746
3016453,208.97988240876242
3016454,12.194396137584185
3016478,1.2439667637304406
3016477,54.0201022130505
3016476,7006.476551567958
3016475,178.43665042521184
3016474,190.40984704736852
3016473,550.0701613649572
3016472,1337.991900965663
3016471,1807.1033803029754
3016470,20.290686779156584
3016469,765.163563025727
3016468,0.12187007404749385
3016427,315.91150868113675
3016467,5156.989220073725
3016465,0.08693414284805862
3016464,9.85029792001628
3016463,68.75620652157727
3016462,116.66484059347796
3016461,3873.685707470965
3016460,235.29387456612494
3016459,948.043652413305
3016458,24.65518196153814
3016457,21.925017786098696
3016456,533.3963470221395
3016455,902.7072798836899
3016466,11.437954054000913
3016426,1029.7950760968724
3016425,28.772476168828867
3016424,25.591063965816225
3016394,58.251157736358586
3016393,155.63630241747614
3016392,4.352781077074535
3016391,1.9642702069374
3016390,225.69909484826553
3016389,220.8333571093028
3016388,1.7552675220159224
3016387,45.17021561658887
3016386,2.17169455266965
3016385,1.9943416595832422
3016384,0.3108807316159319
3016395,671.8667061035845
3016383,216.264790161619
3016381,10.89856618460298
3016380,17.766385404696603
3016379,0.6015018136811536
3016378,4.881350139200347
3016377,4064.0343279816175
3016376,52.209998275317716
3016375,131.68190092238123
3016374,216.11339261934702
3016373,464.20744328436507
3016372,959.3940121255811
3016371,6.525853335684845
3016382,0.15081763560483358
3016369,0.06176798009523217
3016396,0.7457404987793896
3016398,13.518950147904429
3016422,866.6109154260192
3016421,15.72295238574776
3016420,284.6724122773503
3016419,25.351702975988946
3016418,23.810411843229435
3016417,27.967524334684736
3016416,481.53665050653484
3016415,1.1007643292348268
3016414,69.99832133147127
3016413,75.83800057312484
3016412,2.425580857758801
3016397,0.9132165916933079
3016411,87.36527689463108
3016409,322.19875310027874
3016408,458.7046310557482
3016407,518.9698820763105
3016406,2210.3598130754904
3016405,2163.856113379324
3016404,26.160263210495405
3016403,1247.2086669472628
3016402,0.21691105816156475
3016401,8481.227010705274
3016400,12.36477357189931
3016399,0.20322746334108147
3016410,8887.609091719218
3016259,8.797783391759674
3016037,2.1927700209547227
3016257,364.45300331778554
3016116,16.769762232530972
3016115,0.5306381916714427
3016114,7.878468533547096
3016113,3299.8638075611148
3016112,78.64152639124222
3016111,135.39888240920754
3016110,204.8024993373369
3016109,519.135112734104
3016108,850.3049472334251
3016107,6.813929256530451
3016106,426.9768530129759
3016117,17.020240350932394
3016105,0.0627192300330812
3016103,0.9219604254239302
3016102,0.1145582900809861
3016101,4.198472191812087
3016100,0.42330764959827694
3016099,0.21742252413392407
3016098,192.45396276338715
3016097,27.096136086868775
3016096,53.64249215940557
3016095,1.7874856688979373
3016094,0.6056355982883608
3016093,86.32646428907262
3016104,2444.8956536589694
3016092,129.38874830544813
3016118,0.2118645145562369
3016120,0.3139338958911521
3016144,132.00963854190655
3016143,173.56140333332354
3016142,741.400563249274
3016141,905.9051364793263
3016140,10.71803590810988
3016139,530.2799309820858
3016138,0.13939079373968613
3016137,2813.9425217467174
3016136,5.5146506387420455
3016135,0.11728026117244505
3016134,4.016888980705363
3016119,210.3141827765109
3016133,1.2983465178096112
3016131,938.0444401850198
3016130,62.87659715209144
3016129,127.13321525126312
3016128,4.689423031822733
3016127,2.9228951149212974
3016126,242.0593314989649
3016125,272.9667958200099
3016124,1.6444760981038065
3016123,55.18947580714098
3016122,2.8776449377563074
3016121,5.189253958256863
3016132,0.8837839601237827
3016145,125.53201576878924
3016091,0.605241252834293
3016089,1.2955981684935893
3016060,238.4459423954762
3016059,224.99769459803804
3016058,1.9855529833354884
3016057,43.74906868696306
3016056,4.840466292591054
3016055,3.8222795944695376
3016054,2.7828688373949424
3016053,196.48692779373573
3016052,0.3306433983098908
3016051,25.39907916745276
3016050,17.35491348012731
3016061,3.21711605250284
3016049,0.9862783339514491
3016047,3418.7747094085207
3016046,79.10847563994557
3016045,123.4911467473443
3016044,188.45588698265905
3016043,496.70056332611654
3016042,885.4503919007406
3016041,7.83212105543188
3016040,470.01329044495833
3016039,0.12243959477065124
3016038,2214.1788013621904
3016479,38.65556069847564
3016048,6.541734395677547
3016090,22.99593482440714
3016062,5.511513488383994
3016064,48.06329812950239
3016088,0.2692478946762918
3016087,0.1243071056285986
3016086,101.00632061243286
3016085,0.08834604684710967
3016084,5.191675515864488
3016083,5.774854707894392
3016082,0.3567797371869723
3016081,2.258233899382157
3016080,1714.0596846793817
3016079,36.58800113279444
3016078,78.66126655026468
3016063,135.18374767965238
3016077,81.89701515023715
3016075,454.1955617184216
3016074,2.7808332667009052
3016073,93.41702528019775
3016072,0.0
3016071,1085.1713518208342
3016070,0.2975030397868214
3016069,0.028736897149598064
3016068,2.440130109268902
3016067,3.5886302683185676
3016066,1.1956900440266227
3016065,454.126459878326
3016076,164.8250174370708
3016258,194.38705359521614
3016146,3640.0570386681093
3016148,1.3313781291898126
3016228,175.3228074831925
3016227,8.49370534419992
3016226,4.725292770436522
3016225,267.8106289007535
3016224,219.09329361123264
3016223,3.3389334470880616
3016222,50.969319577191676
3016221,6.8209157847021595
3016220,9.376716453448426
3016219,6.862726056386463
3016218,256.9760893199769
3016229,83.91590974768171
3016217,0.31763706163689936
3016215,24.85536817665393
3016214,1.071523645067467
3016213,21.857604332714498
3016212,4218.535626300207
3016211,89.33973652334682
3016210,184.82176660286177
3016209,208.22772588614092
3016208,603.7628033423475
3016207,1194.6984777649063
3016206,8.877068505187278
3016205,568.3879357004389
3016216,25.813330706550612
3016204,0.13634345151484242
3016230,890.6565842986521
3016232,7.926784180310245
3016256,6.296917498155676
3016255,46.76509908536391
3016254,3.06499652021704
3016253,12.253374177287503
3016252,15.18500659653149
3016251,214.95092420592255
3016250,0.2177792111455401
3016249,11.979424401884005
3016248,17.33318297733323
3016247,0.8814687727446231
3016246,20.041909505057124
3016231,10.061000118839988
3016245,3226.0359929062006
3016243,147.39581888712854
3016242,192.082149693843
3016241,704.0297273206165
3016240,729.173454890053
3016239,10.12344962344255
3016238,387.3473245776926
3016237,0.08430420163419747
3016236,2280.2774504207396
3016235,3.3875565669458467
3016234,0.040690031095440664
3016233,3.315591993512583
3016244,96.47347227458144
3016147,40.14472486635719
3016203,2890.170889511643
3016201,0.18354739202251108
3016172,357.63539155866073
3016171,0.05129452676181728
3016170,2037.7062716051491
3016169,4.4007021782326925
3016168,0.06751656978009418
3016167,4.779791505167085
3016166,14.957946390676543
3016165,0.6460091969797086
3016164,1846.6824346756873
3016163,108.73358689396125
3016162,199.546782928858
3016173,11.626167473194903
3016161,10.413773732605282
3016159,226.31460513237226
3016158,203.70825227589057
3016157,9.41844709705952
3016156,90.03191769320365
3016155,4.190686069339999
3016154,21.48011435742885
3016153,13.431435886625593
3016152,219.4148376648427
3016151,0.2499783443566351
3016150,22.06175888152427
3016149,20.471726637181707
3016160,12.285691260961283
3016202,4.629499083833562
3016174,797.2461914212439
3016176,161.78591931626494
3016200,5.075147819615942
3016199,14.970999856670824
3016198,0.5039779478449848
3016197,1173.8479648466891
3016196,72.95124666783408
3016195,167.35711835975928
3016194,10.0200125018768
3016193,8.360126780737332
3016192,215.4160067808824
3016191,208.402893763644
3016190,7.360413741054401
3016175,544.9601766397944
3016189,66.05358909531037
3016187,11.667499121199642
3016186,12.879349721782237
3016185,198.40978043486848
3016184,0.18380354317654465
3016183,23.709699027717765
3016182,25.813079473190008
3016181,1.0935883563137367
3016180,23.123165262270305
3016179,3195.4852558055127
3016178,90.49062856886964
3016177,112.82789361361552
3016188,4.8539371806297495
3016480,46.971059030979134
3016703,789.7449112353386
3016482,459.1773195573974
3016786,146.1673893795572
3016785,76.54273738185293
3016784,1.054366304527504
3016783,23.098837859658143
3016782,2.497218816706389
3016781,0.3285345551190655
3016780,0.3261308940692761
3016779,158.940333685694
3016778,0.11964366884270504
3016777,9.142519659694841
3016776,12.365160062038413
3016775,0.4028289157987079
3016774,5.063940337905863
3016773,2430.5743114874463
3016772,34.02586475271822
3016771,55.4123116259225
3016770,140.15147203735313
3016769,200.43755336814013
3016768,745.0801600682953
3016767,4.465485134342218
3016766,155.08914562496025
3016765,0.04084291629331865
3016764,1428.1419296305671
3016787,0.5656498692942247
3016788,2.864909329579014
3016789,56.68927133487243
3016790,47.719303178756725
3016814,12.425580149360158
3016813,18.09276777328418
3016812,231.8397308185326
3016811,0.26290655714144756
3016810,29.122627407045016
3016809,23.017755092523092
3016808,0.9358887516884553
3016807,28.408958185895948
3016806,3894.312986916021
3016805,124.07013990416807
3016804,166.8104341776761
3016763,0.3931203089340428
3016803,247.8507821437673
3016801,926.5054903633257
3016800,12.60818810827317
3016799,477.2752042926045
3016798,0.08371694055699412
3016797,2878.3077803131364
3016796,5.946101810872281
3016795,0.07912969636814643
3016794,4.229892353422263
3016793,1.1414405304351916
3016792,0.18481590877762907
3016791,379.2486880460092
3016802,800.8707166537467
3016762,0.09558146394135326
3016761,4.01179171958331
3016760,3.7624349257459535
3016731,1836.7306434302313
3016730,5.271522499691675
3016729,0.12087154555002928
3016728,4.992342977969179
3016727,4.521105484716887
3016726,2.2785483329516083
3016725,2858.6338189607177
3016724,56.546921310584
3016723,100.03878146433641
3016722,12.574906724738435
3016721,8.668003452038114
3016732,0.17673689342453364
3016720,370.68843897810837
3016718,6.125095896123291
3016717,125.87646938267815
3016716,3.1735541804186616
3016715,24.960204046130443
3016714,3.940817742410932
3016713,273.11440189381545
3016712,0.6501298334386691
3016711,29.55242649677443
3016710,22.06339049150366
3016709,1.637691128918124
3016708,15.39704737378026
3016719,122.47962072573674
3016815,12.882053791577363
3016733,421.36051588007103
3016735,721.2245507897426
3016759,0.7801732840877962
3016758,1165.321750846086
3016757,121.16452116950045
3016756,250.57307528977108
3016755,6.812007491308157
3016754,5.026364933031636
3016753,206.94851140560726
3016752,259.28271107292807
3016751,3.922345523628719
3016750,69.37059177628316
3016749,3.2088302491872165
3016734,8.238485563451224
3016748,5.653814805349469
3016746,167.87779196147292
3016745,0.32069739705680167
3016744,23.836267346216072
3016743,20.36129666972564
3016742,1.006782046893822
3016741,10.745979386911387
3016740,2650.099033264091
3016739,174.51065702136603
3016738,133.37453541600144
3016737,200.15577261476147
3016736,509.12395655180376
3016747,3.523927600602369
3016816,70.69421990631818
3016817,7.22044880824196
3016818,381.52320476191613
3016898,558.9802202929691
3016897,0.09883871829596162
3016896,3047.9728501354643
3016895,5.850618505684153
3016894,0.1857375831200752
3016893,6.869346460938838
3016892,37.94809776649499
3016891,0.6064010062013854
3016890,3248.2480552421302
3016889,157.0408628559904
3016888,576.4094048697746
3016899,12.193052872517285
3016887,14.101187516871565
3016885,275.1212410008301
3016884,510.91071318235333
3016883,9.996072167862113
3016882,135.41161090601898
3016881,14.067829460865582
3016880,21.201853981146613
3016879,20.042813251511955
3016878,281.9666248283851
3016877,0.46783373843171433
3016876,36.646091649631906
3016875,33.36059712248678
3016886,11.85362357002973
3016874,1.7370146390914485
3016900,1328.0662691146051
3016902,378.7778296600199
3016036,0.1821850147100265
3016925,13.290652845252568
3016924,29.602951601703126
3016923,1588.1295491042315
3016922,83.27540097033727
3016921,363.6637470054882
3016920,9.509790382624947
3016919,4.570819489808133
3016918,354.3271574765165
3016917,404.95804053196343
3016916,3.344405400652197
3016901,758.6964366357826
3016915,45.0981026943412
3016913,6.2639155992849975
3016912,9.743304858077614
3016911,314.8081236325984
3016910,0.41023566691681673
3016909,29.831985895180868
3016908,28.565258392906646
3016907,1.2211808205353116
3016906,13.250249244753395
3016905,4966.500349702985
3016904,78.49175623312017
3016903,170.99142792770607
3016914,7.135824151876182
3016707,4206.246521000158
3016873,37.679372312127605
3016871,163.4287223685773
3016842,24.04776479251414
3016841,1.6592854717342882
3016840,39.53625378109508
3016839,3873.531652180683
3016838,173.0009827464737
3016837,249.99140037336798
3016836,209.75568813130374
3016835,1122.8657586841543
3016834,962.7281827156609
3016833,15.973909778220222
3016832,606.122540003644
3016843,30.038594219157712
3016831,0.1837353768438725
3016829,5.724128495115005
3016828,0.16051494610500125
3016827,4.217206484500063
3016826,28.938798044524635
3016825,0.3075884228539172
3016824,1813.300455578595
3016823,95.5141683617232
3016822,454.63342113362614
3016821,10.531690978023752
3016820,9.559152215391286
3016819,238.95519457713172
3016830,3588.8386349200746
3016872,4397.53200381556
3016844,0.47468775753900433
3016846,15.527315737068669
3016870,254.99222643451108
3016869,262.48502271300276
3016868,1090.5174522129034
3016867,1053.9438658857234
3016866,16.671411315559407
3016865,633.6070185044717
3016864,0.14407610066875962
3016863,3577.0328565471214
3016862,7.407437022490766
3016861,0.1433181822610585
3016860,5.2642457754258265
3016845,252.59722393897732
3016859,44.76775555023022
3016857,3536.796311564176
3016856,153.01322214944156
3016855,571.1040842425771
3016854,12.67625451358311
3016853,10.256536922523843
3016852,224.02293371686474
3016851,519.0330566278828
3016850,10.661969149506314
3016849,142.97802181675462
3016848,10.966871540347215
3016847,22.554196608175374
3016858,0.45454937269634954
3016706,43.37366333603419
3016705,58.685391198909485
3016704,358.3243743922041
3016562,30.603148528520887
3016561,101.45854737783712
3016560,1866.0353441180362
3016559,99.54725468902866
3016558,646.2049408086016
3016557,19.796727176191098
3016556,17.983219013323957
3016555,519.3074147131825
3016554,759.9032809883953
3016553,6.830198840172846
3016552,91.6848885996424
3016563,12.424021184619537
3016551,5.5550764154313494
3016549,24.777414214695202
3016548,438.92533767530904
3016547,0.5642026873652108
3016546,37.55152193340443
3016545,38.94218343022586
3016544,0.8392182561333883
3016543,45.899188570304844
3016542,6733.534877209015
3016541,129.0089829238604
3016540,145.5176277254363
3016539,495.04065547901956
3016550,11.082792979975112
3016538,1117.7581757694704
3016564,0.115215726836852
3016566,6259.883065341497
3016590,23.584569870385014
3016589,19.00654860082171
3016588,433.57163755115147
3016587,713.1671831388322
3016586,12.717437701413708
3016585,167.06750012372416
3016584,11.152487291013868
3016583,24.40858393455828
3016582,20.93963022631196
3016581,435.23464090306913
3016580,0.6406959081626311
3016565,9.699107702365483
3016579,47.07751749958193
3016577,1.3524758092969718
3016576,68.35215340845753
3016575,6540.693281149065
3016574,224.3757873197958
3016573,313.166590790766
3016572,434.48516146542516
3016571,1584.4896823512258
3016570,1723.6914128743736
3016569,22.726788554232
3016568,1004.8518789218523
3016567,0.17732339188953716
3016578,48.614120543955515
3016591,750.570700909476
3016537,1714.1605902605247
3016535,655.6432407190019
3016506,531.3589983235779
3016505,1533.4152824290363
3016504,1854.8283115953977
3016503,22.214632024931063
3016502,978.6143154258898
3016501,0.2110277442977429
3016500,6222.098837371405
3016499,12.313844820565105
3016498,0.11296174565581407
3016497,10.629658189965038
3016496,45.69048714333914
3016507,261.72920699742645
3016495,103.48137335246389
3016493,138.92009341777765
3016492,730.1496750716062
3016491,27.372751588948393
3016490,20.03526507380094
3016489,524.7909218956048
3016488,806.5586645164525
3016487,9.4079254940866
3016486,114.57551623368195
3016485,8.196720699310868
3016484,17.141999550761586
3016483,24.013682243256405
3016494,2171.5118029457035
3016536,20.203263968389077
3016508,196.85153359297607
3016510,63.105911204254
3016534,0.0994829316143218
3016533,4274.954520847568
3016532,10.943571896357826
3016531,0.061456855694435285
3016530,9.431100912697644
3016529,55.56025726328688
3016528,112.25666301908238
3016527,3966.2800765912943
3016526,179.57001720079435
3016525,800.4962007715766
3016524,23.159385668139095
3016509,7673.538088473007
3016523,21.01858058544818
3016521,790.9287836520543
3016520,11.047032578578706
3016519,150.56208987952755
3016518,10.958362717734195
3016517,24.890869853607853
3016516,30.76047866715199
3016515,485.77793107283674
3016514,0.867293628132427
3016513,54.29559040864699
3016512,47.163680965136436
3016511,1.4225207373224351
3016522,565.65787604318
3016481,0.7108948321267083
3016592,207.23865925882518
3016594,98.54263180245444
3016674,4976.7308846884625
3016673,198.99952298660924
3016672,279.0435089216551
3016671,294.8417874080105
3016670,1237.1372845003982
3016669,1271.2710142365772
3016668,13.205257745490195
3016667,809.2433448762646
3016666,0.16377671695951015
3016665,4289.805135172756
3016664,3.940481680484794
3016675,27.23543020364048
3016663,0.1104880418199694
3016661,23.26661115888146
3016660,90.14991583326109
3016659,1670.792991689851
3016658,85.83005924587093
3016657,468.63637499172273
3016656,15.256766397572903
3016655,9.345998268389174
3016654,362.9594171041389
3016653,567.5541566838672
3016652,6.085714360543736
3016651,91.37895708384053
3016662,6.038113997342879
3016650,3.5449201212941706
3016676,1.10482853002119
3016678,26.788214065558297
3016702,1320.565893950601
3016701,6.9558464760153225
3016700,936.0795807042409
3016699,0.3659976565903647
3016698,3713.6750840242707
3016697,3.1111369090384517
3016696,0.2838198672989503
3016695,4.792921446201358
3016694,31.282831817495804
3016693,2.450646760953842
3016692,3592.84083321556
3016677,22.923332401117342
3016691,147.47252168813714
3016689,15.207250328638604
3016688,13.622461174576665
3016687,305.69037669060316
3016686,604.1461061870192
3016685,7.420039827350275
3016684,122.59393825042103
3016683,3.8911922770869563
3016682,20.42370895500105
3016681,3.619858393811218
3016680,293.53167157108066
3016679,0.6651572181247041
3016690,574.0173717392854
3016593,5197.394581784
3016649,6.805007823645685
3016647,290.4909149256168
3016618,65.13351939622885
3016617,7.691053546204685
3016616,5.332281604486873
3016615,7.731715763655048
3016614,153.3586300525836
3016613,0.30393741917710326
3016612,25.128684275433745
3016611,21.91047126715002
3016610,0.8798361034174571
3016609,17.108196172313203
3016608,2927.4491341447774
3016619,4.7949347770914725
3016607,76.0507218916538
3016605,184.715382751951
3016604,523.6234714343167
3016603,791.9615026496147
3016602,13.984690105952568
3016601,362.4061055349583
3016600,0.09921900048826307
3016599,1944.2996966805197
3016598,3.4306243378443986
3016597,0.14196163573179957
3016596,4.626557568011452
3016595,66.02576903416943
3016606,107.39705868643689
3016648,17.343818214093126
3016620,199.96883213558624
3016622,4.325294535541975
3016646,0.44239769194195805
3016645,41.332401581289645
3016644,38.292905729029115
3016643,1.0248910770587867
3016642,42.33916969104381
3016641,5022.920462880394
3016640,107.32281713821742
3016639,125.81002060504342
3016638,337.9321956531923
3016637,918.2365890604771
3016636,1338.777908897547
3016621,194.93480657239135
3016635,21.019879322487785
3016633,0.11902514559917278
3016632,3747.7025565474787
3016631,7.908863098169865
3016630,0.08111141468023711
3016629,8.426454279054905
3016628,14.624817671960445
3016627,0.4604176684049119
3016626,754.8512688623806
3016625,69.99386837896351
3016624,181.56136650972616
3016623,7.609852973175045
3016634,536.4320690533121
3016035,4.252835075852823
3016034,1.2333386470949224
3016033,0.28307320090620053
3015446,64.50112584866078
3015445,0.0
3015444,988.9156733866223
3015443,2.7502742530969235
3015442,0.07357149092413703
3015441,2.355742716362347
3015440,5.859205443188062
3015439,10.175132342694404
3015438,754.1886236544087
3015437,53.25181642145559
3015436,226.4265558151462
3015435,4.186021607107587
3015434,1.1719983734316402
3015433,245.91994713297774
3015432,285.75390549352926
3015431,1.4079570495183371
3015430,31.288935805966332
3015429,5.494926059629235
3015428,0.5568190604836538
3015427,1.6167471878810744
3015426,257.8976861009363
3015425,0.17188474806089898
3015424,10.903217117220779
3015447,2.5847255351434106
3015448,290.1291613784754
3015449,129.20791815009343
3015450,66.54797569709247
3015474,4.192318997533617
3015473,2.20124467361038
3015472,14.230549299359383
3015471,167.2898430734737
3015470,5.740721965394662
3015469,2.181328803236809
3015468,3.274300736575891
3015467,2.4044769907487686
3015466,59.14728232059408
3015465,73.54033749529398
3015464,1.370647957339727
3015423,12.684023516824823
3015463,14.01361444303594
3015461,2.5317777694587584
3015460,2.719778054650366
3015459,45.57355302004116
3015458,0.12539797154783142
3015457,9.01229943237529
3015456,9.12851082882347
3015455,0.5134931802689464
3015454,4.452664860379502
3015453,2303.0793685395215
3015452,4.116485144959819
3015451,30.53129960727087
3015462,2.3038467818682347
3015422,0.5732207685678872
3015421,6.977734789727006
3015420,3660.3480451775827
3015391,8.224142793290326
3015390,17.137944690768627
3015389,0.32828110618542916
3015388,3.242667518551073
3015387,2105.877731758373
3015386,38.027894473424354
3015385,82.72710012300207
3015384,134.82251328950449
3015383,222.81928273614827
3015382,622.9635685870837
3015381,4.367831651526068
3015392,0.10294203571777806
3015380,144.63267352521348
3015378,1259.6582848596997
3015377,0.394041151604004
3015376,0.08546355563799143
3015375,3.357679753688977
3015374,3.280387170924409
3015373,0.2731743082499441
3015372,360.47895206860767
3015371,37.354971668555834
3015370,129.82238289989309
3015369,5.350258721692013
3015368,0.9453984279707284
3015379,0.0
3015475,0.1774236476745323
3015393,159.20941570590716
3015395,0.25136883508233604
3015419,62.94811104876859
3015418,120.22862359620112
3015417,313.69459925164665
3015416,484.68300789551876
3015415,924.5967673999647
3015414,5.698582916649276
3015413,282.71249710608765
3015412,0.08076068464105804
3015411,2453.8307563379212
3015410,1.7608693236620616
3015409,0.13472361706189728
3015394,0.3420352221688456
3015408,4.236500379036255
3015406,0.15003867768171336
3015405,273.2460676651182
3015404,37.43684117226683
3015403,96.22594378174271
3015402,3.037484741018467
3015401,0.7049219316520643
3015400,143.1508663163279
3015399,95.85921538689345
3015398,0.9315430130049269
3015397,23.491087150175133
3015396,2.308917674966821
3015407,1.4451710972409177
3015476,1.793271878314918
3015477,1613.1971679576893
3015478,0.06856203216314627
3015558,262.0950481012263
3015557,0.16577753535351725
3015556,11.23212816056636
3015555,22.827754453259228
3015554,2.2127837898015064
3015553,9.655863382831198
3015552,4149.306338478276
3015551,48.59341436356866
3015550,103.7170262165403
3015549,325.98327540437026
3015548,616.1520009027713
3015559,5.288357265506822
3015547,1083.7709187860423
3015545,458.61047010554154
3015544,0.01564819076575961
3015543,2645.8801981763104
3015542,4.2620903150500995
3015541,0.2738165153957898
3015540,5.21090867154123
3015539,22.49215622328997
3015538,0.32177169873956607
3015537,2065.3064703346795
3015536,89.43899212176365
3015535,410.7079778724248
3015546,7.372856045917979
3015534,10.189893409697444
3015560,4.298168717618472
3015562,34.49773386051328
3015586,6.968607914326023
3015585,3208.2830483502744
3015584,67.79729990922837
3015583,137.4744614334925
3015582,237.57425843547162
3015581,426.5916938278364
3015580,870.6842253918579
3015579,7.164805065722215
3015578,345.1712541490962
3015577,0.10323861390187097
3015576,1921.5689473589396
3015561,4.570716581671031
3015575,2.015134816108286
3015573,5.632427338010249
3015572,8.223314084268152
3015571,16.200612459014962
3015570,690.4390397135712
3015569,60.61398877512943
3015568,204.33685158573576
3015567,6.1010523857319265
3015566,3.270583399408401
3015565,291.8405304053598
3015564,348.9690892366934
3015563,2.1645283294857838
3015574,0.23921541427309356
3015366,145.7706747754091
3015533,9.58056097322279
3015531,394.8811259890463
3015502,116.4890411129541
3015501,3.9419823790430035
3015500,0.9666138786049749
3015499,163.34066705370617
3015498,143.6787304614278
3015497,1.2486760973697466
3015496,25.453453477689216
3015495,2.941032004832696
3015494,0.3110127764041793
3015493,2.7959121143059873
3015492,169.6781678751782
3015503,38.85281328812087
3015491,0.15583507072172967
3015489,14.86481370266731
3015488,0.5891405175682243
3015487,6.268382063133742
3015486,2856.3602536674057
3015485,46.66733721819655
3015484,57.99646323714496
3015483,207.41303956322471
3015482,290.63598940668
3015481,699.1936581545756
3015480,5.432748302916189
3015479,154.2320163955214
3015490,10.3801589276864
3015532,216.1060777289989
3015504,296.8440315800849
3015506,2.72081729384805
3015530,6.985736035941611
3015529,69.54632372571749
3015528,7.53579613845322
3015527,13.818091437091185
3015526,16.2494708755139
3015525,223.78402165710264
3015524,0.2920441691133403
3015523,23.99532492887284
3015522,16.812202528921574
3015521,1.0723491870863153
3015520,24.886007940684394
3015505,0.2626126656981139
3015519,3566.3799813077617
3015517,167.43150789083498
3015516,207.95186899250936
3015515,760.3209362950911
3015514,832.5580914531192
3015513,11.424070307862296
3015512,464.7174861368878
3015511,0.09852667950959752
3015510,2783.687617204851
3015509,3.824778476556614
3015508,0.08753498427833216
3015507,3.865022265097916
3015518,106.3683316039574
3015587,0.6732756660418553
3015365,1.1450323810178866
3015363,2.995066352045453
3015222,5107.184320247327
3015221,80.6893567741489
3015220,144.994890406773
3015219,371.60962427575976
3015218,632.2752691192617
3015217,1479.7011141631765
3015216,10.289294797440784
3015215,562.6814944707521
3015214,0.12177246914124881
3015213,3090.343993029314
3015212,3.2975832577282738
3015211,0.25401621281797576
3015210,5.938703672759118
3015209,2.188919811518033
3015208,3.475281886010891
3015207,190.8381749458948
3015206,19.20289308168004
3015205,129.7172484478821
3015204,3.213984552947789
3015203,0.6715203277297555
3015202,137.625357069528
3015201,142.92069644462654
3015200,0.7056564212067813
3015223,15.719786834466039
3015224,0.7949140146101437
3015225,25.226167144257897
3015226,23.214402073644838
3015250,631.7363686916353
3015249,5.026665812321518
3015248,147.89678660154846
3015247,0.04163015624738629
3015246,1402.7413059003256
3015245,0.6763972909385605
3015244,0.12216497851288671
3015243,3.627959801349623
3015242,7.419868810509955
3015241,23.285321404549823
3015240,868.090224062759
3015199,11.710476616799255
3015239,68.02104464238434
3015237,8.215681930252597
3015236,2.720391221994633
3015235,363.80149584013054
3015234,510.42039074876885
3015233,2.395024103346633
3015232,37.38622722853767
3015231,6.406091036648395
3015230,2.918320013118079
3015229,7.203787154985513
3015228,324.39732659646154
3015227,0.3071158531096634
3015238,348.537297599803
3015198,1.3976945869703514
3015197,0.1082216567388541
3015196,1.794665550603828
3015167,6.226640440967858
3015166,66.22124194121953
3015165,3.983732623991882
3015164,12.886129992519601
3015163,14.031882742187296
3015162,177.69465170439975
3015161,0.1740212841255484
3015160,21.253318268004687
3015159,18.23356327939641
3015158,1.0006371640754415
3015157,20.102900807627126
3015168,295.4840497768169
3015156,2623.974196445694
3015154,129.0188234200557
3015153,142.13344748235735
3015152,659.6198052296087
3015151,610.7630684785743
3015150,11.127317674139201
3015149,340.4168201606364
3015148,0.00731543284498002
3015147,2035.0275147293853
3015146,2.966666577972359
3015145,0.0
3015144,3.081917882414949
3015155,87.60661620577253
3015251,285.3365258837364
3015169,143.89327369171906
3015171,9.188153173823181
3015195,148.05129094235204
3015194,0.10217666851433474
3015193,6.597750610322298
3015192,8.45639039511334
3015191,0.37215003959423876
3015190,3.0795761164445805
3015189,2529.8847210946037
3015188,26.864651171448735
3015187,30.88024611201993
3015186,164.4333713272845
3015185,221.1360622627986
3015170,8.189754200738262
3015184,625.6608976042205
3015182,94.45845349043995
3015181,0.0
3015180,1075.2444575336876
3015179,0.567532626941053
3015178,0.1010751045183785
3015177,2.4676560293294543
3015176,22.959376856059997
3015175,0.20701333973829028
3015174,1801.1937473679502
3015173,67.02516389588547
3015172,300.1251440307185
3015183,3.218831314795234
3015252,161.0841862048051
3015253,48.00012087613488
3015254,35.10248713853977
3015334,184.0070726734856
3015333,172.66057483014754
3015332,1.0336475318813898
3015331,23.181688803128125
3015330,2.9444788906984574
3015329,0.23216058213555438
3015328,0.6445361756781072
3015327,189.51721876898102
3015326,0.11728274473411057
3015325,9.926624567705876
3015324,11.357422918457452
3015335,0.684068520831786
3015323,0.4585371462804713
3015321,2566.2917609203846
3015320,38.874909132589835
3015319,45.28400812977044
3015318,170.62281293342454
3015317,298.3265830956707
3015316,769.6749096910097
3015315,5.091539582749212
3015314,168.54952989343354
3015313,0.021294131763930437
3015312,1408.5662898915484
3015311,1.680096303507475
3015322,4.631779387588778
3015310,0.09311621115748296
3015336,3.2264241032163863
3015338,42.89513854061118
3015362,0.3831264185837896
3015361,2.970881091319539
3015360,193.2187591874949
3015359,0.15983665698693544
3015358,16.275316154906292
3015357,12.749816693883451
3015356,0.6140732793574033
3015355,6.993359762482061
3015354,2783.8774338630997
3015353,50.47530400927037
3015352,59.17381726941244
3015337,101.58677941069735
3015351,220.95248472399388
3015349,704.5572716876541
3015348,5.043680905350249
3015347,162.38564707482516
3015346,0.08006228713969439
3015345,1567.211848519735
3015344,0.9289890075940388
3015343,0.2481331021697484
3015342,3.696419327684546
3015341,2.1885881132343297
3015340,0.19402622907407047
3015339,369.69876862003485
3015350,297.622627531601
3015364,24.350550043416167
3015309,3.399527336949707
3015307,8.055922743091989
3015278,0.6643076138718056
3015277,0.11407225951413001
3015276,3.574314792210304
3015275,1.5922763326607465
3015274,6.192809674036845
3015273,217.18259457211906
3015272,32.556708007834544
3015271,105.31372879268747
3015270,3.4053782763690474
3015269,0.7895223440870252
3015268,152.50215876683498
3015279,1396.4814197169921
3015267,147.82581533542216
3015265,25.86097689856132
3015264,5.175317559437673
3015263,0.2469804968015767
3015262,1.25605695292733
3015261,150.842537813393
3015260,0.12089814802093118
3015259,13.721566047472205
3015258,10.705498666143473
3015257,0.5269157990126103
3015256,4.367172965018601
3015255,2383.8521001636673
3015266,0.8815338484142279
3015308,1.5622279542118518
3015280,0.04312819380689524
3015282,4.9053560936417915
3015306,296.4394937182585
3015305,31.506776637686222
3015304,103.17375804712759
3015303,3.3167031754050127
3015302,0.7535013568790654
3015301,146.7538500997787
3015300,141.75847766054224
3015299,0.843660777474927
3015298,23.373379977911043
3015297,2.48069195886181
3015296,0.24877386233441964
3015281,147.04668929144847
3015295,1.3290756329292455
3015293,0.12251018614794622
3015292,13.300037083531937
3015291,10.62108210239457
3015290,0.515904137864045
3015289,4.310896146954958
3015288,2336.701109768287
3015287,33.65517623310652
3015286,46.48118745408319
3015285,151.27372740785665
3015284,259.8598449641578
3015283,614.4022488403128
3015294,148.4391106943688
3015588,22.12474447459436
3015367,167.7444754821302
3015590,0.27078636918508875
3015892,201.79264592353329
3015891,24.16811402206893
3015890,36.71583269799534
3015889,29.68731723002142
3015888,393.6920499207456
3015887,1.2355020024623764
3015886,49.806360331130165
3015885,40.12845450705601
3015884,2.714801693700695
3015883,74.79360474170335
3015882,6140.825784124651
3015881,272.8637085889546
3015880,440.80082450708045
3015879,348.67079566480385
3015878,1824.9199863286203
3015877,1614.1000761433772
3015876,27.322085510800267
3015875,1035.818252646845
3015874,0.39386608137535717
3015873,6017.685504849882
3015872,9.807303026495918
3015871,0.3996575569480798
3015870,7.240710978718019
3015893,16.491842677482033
3015894,795.1253123601758
3015895,414.1781518171084
3015896,17.400768017750305
3015920,0.10903951999594637
3015919,6.402812974804877
3015918,10.299679768530696
3015917,0.3302907706312579
3015916,2.286757274860959
3015915,1555.9821551647906
3015914,33.61253457126079
3015913,79.26093692183683
3015912,93.6946357633497
3015911,187.84970719264638
3015910,447.778126806282
3015869,2.5479167346991782
3015909,3.62400138617006
3015907,0.0
3015906,1081.6245126083386
3015905,0.34084872743514677
3015904,0.026580200373996297
3015903,2.3357795298888
3015902,88.09037262806163
3015901,0.9526076591698498
3015900,5631.138195892
3015899,297.9232064573113
3015898,1004.4783551588114
3015897,20.327365653003458
3015908,118.16376181932004
3015868,1.0913232825401313
3015867,620.7649261817884
3015866,61.83399571895657
3015837,4.36053851560948
3015836,2.9226834172160805
3015835,1.1459593981781735
3015834,693.3200354208367
3015833,60.9298671648082
3015832,147.54843146727563
3015831,4.976072593878487
3015830,3.220162086955913
3015829,233.05889685343138
3015828,269.9215110784745
3015827,1.3411350161570428
3015838,0.19833418630245878
3015826,57.617118449319044
3015824,2.796923246171834
3015823,0.3121137476947344
3015822,222.68055294695029
3015821,0.3364837507820332
3015820,19.002058173985237
3015819,21.840727220757397
3015818,0.8884801000683964
3015817,6.191827137203766
3015816,3868.8223691542953
3015815,52.432889898017656
3015814,153.41491983367897
3015825,3.84855168258838
3015921,109.72860292509499
3015839,1.138301262825403
3015841,0.13341911306257445
3015865,166.1587668280955
3015864,4.828078901259479
3015863,3.19031025674873
3015862,211.68541944576592
3015861,249.01867427282875
3015860,1.5243776744527526
3015859,53.77243501338691
3015858,3.1683845394261407
3015857,2.504197828081628
3015856,0.3295951595802545
3015855,218.97408871822563
3015840,2246.750388468369
3015854,0.3404701107789747
3015852,23.186862288535647
3015851,0.8102189783561837
3015850,5.4815087444330315
3015849,3130.775006186839
3015848,60.715929011317385
3015847,131.84857063977373
3015846,218.2418030819487
3015845,505.5372631883511
3015844,822.1903620512161
3015843,7.444708692342484
3015842,470.28814494299803
3015853,11.955840639717158
3015922,0.388610741975736
3015923,0.34980758177658045
3015924,1.9685027512576894
3016004,0.6464474912108868
3016003,0.17101528307140562
3016002,5.096126336348349
3016001,0.8481167961507083
3016000,0.13673638039275354
3015999,188.6937681558128
3015998,16.22395912013249
3015997,61.71575757708363
3015996,1.8903966113925903
3015995,0.6257069799753119
3015994,90.30830635267483
3016005,1612.484510326181
3015993,84.63386351538206
3015991,20.809438724707306
3015990,1.507947812532604
3015989,0.23207180169477126
3015988,0.22165594950613407
3015987,92.4202845100462
3015986,0.07410431867268225
3015985,4.6740519832405365
3015984,7.158331930924929
3015983,0.29235940209052746
3015982,1.5813891329785736
3015981,1514.5215509382515
3015992,0.4611571286123086
3015980,24.786370877781234
3016006,0.05911782285141161
3016008,5.147000453396434
3015589,22.315348705194715
3016031,41.61026044095964
3016030,174.66463676517247
3016029,3.713449349927428
3016028,0.933736484827008
3016027,201.0956234523461
3016026,222.9334135717687
3016025,1.0080415770696636
3016024,34.521925296692565
3016023,5.025107567774928
3016022,0.3733497963559322
3016007,242.5252007249382
3016021,0.3637392480721809
3016019,0.16956412220435182
3016018,10.349263383187786
3016017,16.605647662282642
3016016,0.628088266366162
3016015,3.6525742058769497
3016014,2821.718555979814
3016013,53.586698317858485
3016012,126.75159179718953
3016011,184.14856458840512
3016010,339.34176741269783
3016009,786.2103793495473
3016020,189.84281869870176
3015813,245.60765470786737
3015979,83.68762370097924
3015977,138.03812624964834
3015948,3631.1762845819726
3015947,62.579248193112235
3015946,179.3260801919351
3015945,231.39239261378216
3015944,520.5825615236236
3015943,1031.9103479977907
3015942,7.184095449196336
3015941,440.77923969352616
3015940,0.09041574560494131
3015939,2320.6160643677763
3015938,2.151187400360302
3015949,7.209343802937044
3015937,0.2073913847400917
3015935,1.340867651811923
3015934,0.17370868709530296
3015933,253.90077867028967
3015932,24.269429592861435
3015931,76.23883860925329
3015930,2.4986509954238096
3015929,0.8761345971380592
3015928,92.25556301204193
3015927,98.9146448923777
3015926,0.686229753998614
3015925,24.149872364970985
3015936,5.329343214152685
3015978,73.78737933311001
3015950,0.5601672749371349
3015952,15.247749601850654
3015976,417.65490091853275
3015975,3.203356059768618
3015974,87.98080986158536
3015973,0.0
3015972,819.5409977246264
3015971,0.16011997300798964
3015970,0.0006354811593008691
3015969,1.7414064840923675
3015968,3.9863752642931445
3015967,0.9173539340604258
3015966,748.3315863644567
3015951,17.678634328846947
3015965,64.36675780573393
3015963,5.732858127155164
3015962,2.424173207456574
3015961,242.99595171658717
3015960,339.0431266292845
3015959,1.6407182594698906
3015958,29.698746160834336
3015957,5.3056853021758466
3015956,2.3735125543688307
3015955,1.9651969828142404
3015954,223.66886847819927
3015953,0.27674254046013963
3015964,169.53521278344857
3015812,601.2489714091282
3016032,688.7681589536313
3015810,8.167988058577949
3015670,0.27359159129772864
3015669,871.0851564740552
3015668,36.063376909081136
3015667,232.46031553854277
3015666,4.91971398584466
3015665,3.6072301455774776
3015664,133.21695445718007
3015663,304.6050421538311
3015662,3.1015339829664157
3015661,37.72576780728624
3015660,4.861224959076121
3015671,11.759516101423834
3015659,2.5703460126390705
3015657,108.70253967115531
3015656,0.10475041673331392
3015655,13.34366753893323
3015654,9.942816829180451
3015653,0.4818824053085329
3015652,16.093385867783013
3015651,1994.0071138753015
3015650,52.73030406895699
3015649,55.94868094896297
3015648,127.43591037186766
3015647,383.7563821983688
3015658,6.401773655006722
3015646,436.2788709560246
3015672,3.157130482110478
3015674,3.851017064375685
3015698,12.87391463523589
3015697,256.51684853338503
3015696,296.3778808959592
3015695,8.73845084174597
3015694,104.97206078463432
3015693,6.774901410772229
3015692,19.322995933835678
3015691,7.644535396018199
3015690,235.0810704973721
3015689,0.23362676000895163
3015688,39.993839640777054
3015673,0.07568580054556982
3015687,24.07391628630221
3015685,20.78005194873455
3015684,3349.624924150364
3015683,111.00271732799679
3015682,159.48625517357314
3015681,239.46515597364723
3015680,1074.7796182389213
3015679,869.9634929923934
3015678,13.87300065587445
3015677,711.504490742614
3015676,0.15294560578696834
3015675,3182.0632778282934
3015686,1.1858989011839753
3015699,9.10570851372356
3015645,8.764683784555212
3015643,0.016374517318620482
3015614,208.08197649636696
3015613,598.839472254379
3015612,4.647655052109668
3015611,156.58571859035726
3015610,0.10859875024502134
3015609,1286.4079617591506
3015608,0.7772147490107024
3015607,0.1838168133049917
3015606,3.3597509655346194
3015605,3.5451488012818935
3015604,0.7714667294925326
3015615,135.8191220074233
3015603,924.0916412754406
3015601,187.19115517900426
3015600,5.534951107539362
3015599,2.1937991823760545
3015598,225.19783187553986
3015597,194.4617638131467
3015596,1.7973020052676523
3015595,46.035258126294735
3015594,4.9769210487142885
3015593,2.1065435826727303
3015592,2.3047642205075136
3015811,995.0151267866466
3015602,88.62341076113121
3015644,238.59551029750108
3015616,76.49953767347813
3015618,1902.9393918364935
3015642,1361.6632363823092
3015641,1.7163208110288308
3015640,0.030918648366425223
3015639,3.0051160359604836
3015638,1.1065006631367975
3015637,7.218698390300235
3015636,418.3826743137221
3015635,23.74302619880382
3015634,49.801077721027454
3015633,3.565111583074951
3015632,1.041160832367717
3015617,29.653449638745027
3015631,117.61728845882642
3015629,1.6062939845298723
3015628,29.88049406841318
3015627,2.751957870403309
3015626,0.7325948679071652
3015625,0.8126245376358314
3015624,145.34402595584052
3015623,0.19969317256721147
3015622,18.11340580649479
3015621,9.195758615471856
3015620,0.5662685942270222
3015619,3.969791963920117
3015630,143.8830375455907
3015700,374.15713344834404
3015591,222.3825506826621
3015702,2085.0355396902005
3015781,169.46629107453694
3015780,205.24250358597536
3015779,794.5155786441139
3015778,725.6293500842969
3015777,11.033287928525896
3015776,501.3215284787417
3015775,0.11599067345763467
3015774,2644.917145946156
3015773,4.717734910687889
3015772,0.12028520886169938
3015771,3.9162624590257575
3015770,2.345845739654367
3015769,0.2613418776088542
3015768,528.1935967815227
3015767,17.709730371134228
3015766,114.59450930091188
3015765,3.0061554518101463
3015764,2.8217959660587626
3015763,95.62062267768442
3015762,137.49320362708332
3015761,1.5289161606368111
3015760,26.478801686599397
3015759,1.605846098485347
3015783,3048.089843947699
3015784,21.2624723454408
3015785,1.2372355938532995
3015786,15.961765354786092
3015701,106.39862682873574
3015809,540.5095175477769
3015808,0.1343148220491241
3015807,2952.466258550383
3015806,1.240826860081877
3015805,0.1932330228321405
3015804,5.331710734120149
3015803,17.982944525037308
3015802,0.4460947358394261
3015801,1784.1804811794145
3015800,71.35527729616533
3015758,2.7263081158454447
3015799,339.11127403783973
3015797,8.723121195344518
3015796,191.78089266238672
3015795,284.0081761887903
3015794,5.331224963247689
3015793,97.90873338182611
3015792,4.764686365790571
3015791,17.020723675508034
3015790,6.644130823219795
3015789,186.47036645178912
3015788,0.24435591636675524
3015787,25.49354449377685
3015798,8.314190790975417
3015757,1.709174973359345
3015782,85.14657448208595
3015755,0.13973416148916118
3015727,42.01304784778415
3015726,1.913612651029537
3015725,6.843221435856128
3015724,0.7873104721128092
3015723,53.35407753871832
3015722,0.11643265010513783
3015721,9.596088115362567
3015720,6.565570032070253
3015719,0.5290583347044224
3015718,6.160151298242246
3015716,6.422766872590782
3015728,2.421556373205752
3015715,20.384138449817257
3015713,229.33128014543678
3015712,277.0814345726528
3015711,3.7868336745106
3015710,122.02358850087128
3015709,0.0
3015708,662.4280666030405
3015707,2.2553091213788137
3015706,0.03429501275338829
3015705,1.9000000902064147
3015704,28.870201343884627
3015756,68.26627825110246
3015714,53.17036601432018
3015729,13.23279420830697
3015717,1610.8266231055338
3015703,0.5400716943591095
3015730,72.04312295350496
3015753,7.546337263874568
3015752,0.44654590770843267
3015751,4.249014648973135
3015750,1335.6488687283097
3015749,28.55276522669536
3015748,40.15758613515587
3015747,62.12434062016716
3015746,211.80716221450527
3015745,328.7295830330688
3015744,6.120520995335167
3015743,172.54732854997883
3015754,6.3135273772082146
3015741,903.4520084047414
3015742,0.0065829929701568726
3015732,3.0047831498304456
3015733,16.766847092377414
3015734,7.954341481095803
3015735,177.29066827639713
3015731,2.920746075164132
3015737,1.5961133547963393
3015738,2.351552304466133
3015739,0.0
3015740,1.3024670582117728
3015736,0.27507397670818273
3018111,1712.8322764064108
3018119,495.31147502202003
3018118,0.15609398246625703
3018117,2411.2092553766292
3018116,3.514283516693812
3018115,0.11761516003184408
3018114,3.709120238768394
3018120,11.57894763907008
3018113,11.242275911728859
3018112,0.5099752756262685
3018110,58.0233083962261
3018104,7.25498123128801
3018108,10.259253009375255
3018107,7.907411646681856
3018106,251.62995129008468
3018105,281.787032468513
3018103,82.60143863536376
3018102,5.081651553594133
3018101,15.743656536822467
3018100,8.486654994955224
3018099,213.57065210775806
3018098,0.2569357476405772
3018121,765.5883094551957
3018109,256.1564303530169
3018122,590.551623190042
3018148,0.06988336158775618
3018124,145.57844880178783
3018097,29.45695432422721
3018147,3.9733695595562883
3018146,17.747499872027337
3018145,0.5394946879365341
3018144,1700.3535110372586
3018143,78.02626848506304
3018142,285.2637741318675
3018141,9.05346126452565
3018140,9.292149675882712
3018139,196.20340295723975
3018138,275.92859554762765
3018123,197.6702135403414
3018137,7.9860919125675025
3018135,6.842035740109365
3018134,23.03510848230346
3018133,12.260632016421056
3018132,186.70546989448687
3018131,0.25416062407138934
3018130,21.690759407652212
3018129,16.87690201439101
3018128,0.9507845170600346
3018127,22.15282839044009
3018126,2884.7483835492917
3018125,102.95427534822107
3018136,77.30149704088295
3018096,20.80153077049977
3018042,9.348988752373867
3018094,22.12874578274401
3018065,0.16858545263635258
3018064,13.734353179645653
3018063,20.117114707609673
3018062,0.7038943497616228
3018061,8.333573835726765
3018060,3954.9958616023087
3018059,67.83832068236838
3018058,130.0735399487654
3018057,258.4753793980972
3018056,423.51739667858385
3018055,1113.7911938806892
3018066,241.66002492375208
3018054,7.225462535621917
3018052,0.07498923209459596
3018051,2436.5747836802916
3018050,0.7971943234685674
3018049,0.1446409496340327
3018048,4.458213915702966
3018047,42.169548109949226
3018046,0.2783515509500408
3018045,2197.1722220639463
3018044,82.5778758120848
3018043,560.1556026301121
3018260,1.2499434868513508
3018053,333.2233460839112
3018095,0.8728669502567303
3018067,0.7630549018761787
3018069,5.029419947852729
3018093,3518.9245493189546
3018092,112.69336026983659
3018091,130.1510206336237
3018090,243.2941494336826
3018089,582.4214770713369
3018088,884.905280113244
3018087,14.070409006332346
3018086,443.0635113971993
3018085,0.1247966733081606
3018084,2366.154705184026
3018083,3.831636440717621
3018068,0.6552095349322169
3018082,0.151552496183206
3018080,2.370014921880574
3018079,0.25465771903512663
3018078,732.6578918381458
3018077,49.70769322964306
3018076,165.83298146708876
3018075,4.543627247908913
3018074,1.1781376536822394
3018073,260.56188741402207
3018072,136.64262788850863
3018071,1.4625175545005593
3018070,63.44637105552529
3018081,4.612877189800691
3018149,0.7048722040976001
3018204,1314.5235980206517
3018151,0.022182124588182025
3018232,24.457328812005592
3018231,497.4873485785349
3018230,0.8641844769227645
3018229,61.11435913984738
3018228,58.80879160400302
3018227,1.3692291925861482
3018226,83.79253149186765
3018225,9014.941287401547
3018224,363.80220103829475
3018223,413.9452696320825
3018222,670.1678764631081
3018233,28.73114143121944
3018221,1926.1051015942576
3018219,27.51903337520569
3018218,1160.8719062410862
3018217,0.18676010189892064
3018216,8125.731216642047
3018215,12.002881465457634
3018214,0.16739563022968054
3018213,12.07834433594328
3018212,143.80337818078593
3018211,151.42857003248562
3018210,9115.55625341651
3018209,340.97980795789795
3018220,2147.3680034602444
3018208,1536.5001316274995
3018234,14.576940586073311
3018236,13.016064555108601
3018041,8.741118144724352
3018259,55.876214328120575
3018258,7990.274356250558
3018257,240.5154788484143
3018256,181.80047268711513
3018255,685.6202930586986
3018254,1417.1745195368203
3018253,1870.6985625791754
3018252,22.108542943242874
3018251,803.5676079425289
3018250,0.12391217458461891
3018235,297.1923502875944
3018249,5738.618340645111
3018247,0.09064774858022298
3018246,10.236617123034875
3018245,105.58951777348551
3018244,126.46572266903728
3018243,6331.641639417306
3018242,260.53867699616325
3018241,1411.0597952713172
3018240,25.094660944124076
3018239,21.248338617015985
3018238,559.5582280540893
3018237,1377.6951072600507
3018248,11.954688524392854
3018150,3269.5904942588763
3018207,29.197260202244127
3018205,556.8884525210941
3018175,183.58613486736465
3018174,4.079515129779241
3018173,1.7891041667128005
3018172,220.3437715695357
3018171,154.16008334059117
3018170,1.7509760047242522
3018169,71.22968397343014
3018168,2.180839728510378
3018167,1.9656146949990596
3018166,0.27040277671927654
3018165,206.36937678450838
3018176,67.38785274007188
3018164,0.11732914564400855
3018162,18.597135572616363
3018161,0.5584074331565112
3018160,4.873413370446932
3018159,4196.827855162233
3018158,52.54815216874932
3018157,125.96395288209075
3018156,251.43173058329822
3018155,442.3795069918499
3018154,1009.8671345880272
3018153,9.583393954328539
3018152,393.00720301800493
3018163,14.904766104033975
3018206,24.797378304376192
3018177,709.1245648464617
3018179,0.7606039146529988
3018203,16.30479397491084
3018202,388.48736521789584
3018201,25.654451599026803
3018200,29.769535015324234
3018199,30.525460429502
3018198,497.2494361314983
3018197,1.1491387994421642
3018196,74.44602038503581
3018195,77.50395637959201
3018194,2.345105492403756
3018193,90.65573373460028
3018178,0.6801259672337323
3018192,10308.311100014635
3018190,551.2411267582518
3018189,631.3414478614087
3018188,2424.1842910721707
3018187,2351.8403175896983
3018186,30.00215074804545
3018185,1350.8356366575258
3018184,0.22762647324866842
3018183,9904.126142571782
3018182,12.98914433377179
3018181,0.21274831589658216
3018180,14.091126315806774
3018191,389.15920826924264
3018040,203.25286546600208
3017930,1.3141310252041936
3018038,6.72858852108647
3017896,7.727627608356077
3017895,3469.9410795820017
3017894,88.55778445639432
3017893,131.53301295315447
3017892,236.32943505869108
3017891,492.3806393947898
3017890,833.4932658230296
3017889,7.9763329678562265
3017888,442.84575878831987
3017887,0.03373944737409925
3017886,2502.774708515245
3017885,0.8487302480394541
3017884,0.0739489232369373
3017883,3.956214133433585
3017882,0.41225677755902457
3017881,0.17064656446795629
3017880,193.35355156231932
3017879,25.2827112818657
3017878,62.00529532595194
3017877,1.6482266328281057
3017876,0.5393909028536226
3017875,91.40616646155199
3017874,75.76106639976065
3017897,0.5040688299454894
3017898,17.30283823611182
3017899,16.65031190933702
3017900,0.1776135145985286
3017924,782.5655482531321
3017923,945.9119320769815
3017922,12.827083682021513
3017921,573.9532916024823
3017920,0.14986113929999775
3017919,3106.800840083353
3017918,5.642152928344545
3017917,0.12445252110512052
3017916,4.056145611554389
3017915,1.149125396246971
3017914,0.8324307494067473
3017873,0.6126085374391965
3017913,1033.953204033246
3017911,184.72417296614802
3017910,4.386200559559766
3017909,2.744319609984485
3017908,230.89937642171986
3017907,163.40324898447187
3017906,1.616021414670453
3017905,88.70416983128737
3017904,2.8710824864659554
3017903,7.37704626215511
3017902,0.29819129121342813
3017901,209.63520797370896
3017912,65.45485728165329
3017872,39.625111282787564
3017871,1.2301324590470806
3017870,0.18322482714822538
3017841,155.26756507980573
3017840,2.0001862716240875
3017839,59.98292531156933
3017838,4.5451754069544625
3017837,3.3429396586806854
3017836,2.6539810779709314
3017835,200.78221357303318
3017834,0.27245034185461253
3017833,24.703801314746148
3017832,23.640859782873353
3017831,0.8999502553831198
3017842,225.64431050089112
3017830,6.594876336291389
3017828,76.57827044977631
3017827,124.32472936097568
3017826,228.45816707431905
3017825,504.76667657698124
3017824,849.9745340861186
3017823,7.909557299135539
3017822,468.7500588431192
3017821,0.0756378136329348
3017820,2260.4299413919557
3017819,2.021932118176714
3018261,39.455429251749926
3017829,3491.554051439909
3017925,209.78681498955012
3017843,2.933240034831601
3017845,181.29951774145516
3017869,0.11821325960726828
3017868,86.88058865098414
3017867,0.04979755090516036
3017866,5.059572554483142
3017865,6.073315920294976
3017864,0.3137440651410221
3017863,2.4359008283640384
3017862,1765.6694987554479
3017861,38.62123995523132
3017860,82.2025354368577
3017859,100.74727253057816
3017844,5.114395421008377
3017858,152.13183649641468
3017856,3.0181922558046974
3017855,96.70337157051439
3017854,0.0
3017853,1144.2531435878677
3017852,0.2253783533579876
3017851,0.02364883265179826
3017850,2.416025223484849
3017849,3.401843423005163
3017848,1.0569530780193572
3017847,503.6695644203715
3017846,44.57155156907144
3017857,465.8115406505839
3017926,183.1250403197071
3017927,133.83832230961593
3017928,4004.6942797308666
3018009,8.067838104647484
3018008,4.46523006733252
3018007,273.9344928183857
3018006,196.09455426792482
3018005,3.1888796473897214
3018004,73.36993911482605
3018003,4.693141229121174
3018002,10.05966680515716
3018001,6.716091403343135
3018000,254.1464709948863
3017999,0.2976637090588705
3018010,221.07797922935657
3017998,22.471704619670604
3017996,1.0263575206530073
3017995,22.240723128945888
3017994,4646.965487361191
3017993,90.04118006000775
3017992,196.16745370083333
3017991,242.72054401998034
3017990,599.8532296131228
3017989,1228.7649043420754
3017988,9.814989575176593
3017987,582.8733143597235
3017986,0.11491536368061292
3017997,30.366561532040034
3017985,3095.9932062960984
3018011,81.9942782901072
3018013,11.103817413104817
3018037,103.86755733453057
3018036,3.3216433283521996
3018035,15.826921153226085
3018034,15.464958663353144
3018033,215.62017901948317
3018032,0.24690465354483745
3018031,17.733115728260888
3018030,19.077735704556595
3018029,0.8987448215422815
3018028,21.537935532802464
3018027,3591.813765889824
3018012,822.1103962756115
3018026,122.73006767692532
3018024,235.31827093720665
3018023,776.3649308216934
3018022,763.4731017681289
3018021,12.25846303436853
3018020,412.3406010091073
3018019,0.09777341948304825
3018018,2690.5277853820503
3018017,4.655055872762912
3018016,0.061635177824383845
3018015,3.5637288688348736
3018014,7.655958839695117
3018025,156.8327392625999
3018039,521.1217360250877
3017984,4.516691911327802
3017982,5.132527401037187
3017953,0.05057668618376732
3017952,2248.320700881433
3017951,5.827380868379616
3017950,0.06703297900195403
3017949,5.0412152454622
3017948,25.12338155206991
3017947,0.6432217172488526
3017946,2128.7527305496214
3017945,107.18058296253155
3017944,360.23513791622815
3017943,10.328891109178647
3017954,377.4865858359154
3017942,11.691814955252429
3017940,357.83363838281286
3017939,9.062520367990789
3017938,112.24074110851912
3017937,4.16339859991104
3017936,24.186255276952313
3017935,13.037792139173416
3017934,226.9550266787219
3017933,0.25016496027007107
3017932,24.594282768957843
3017931,21.161866671079757
3017929,40.04676056446853
3017941,227.77292612344084
3017983,0.1643526427354425
3017955,13.936016449725656
3017957,564.2982678204035
3017981,22.898706365491908
3017980,0.520419538316059
3017979,1524.7533454513207
3017978,81.1392066950966
3017977,187.99302828730893
3017976,10.069761274751427
3017975,8.039084321277985
3017974,229.44898319644324
3017973,240.88234313577286
3017972,7.342872280961968
3017971,100.90340210110402
3017956,864.2472620385886
3017970,5.160905314831224
3017968,13.280159076808387
3017967,205.41591518583763
3017966,0.18374615422971372
3017965,24.224703943993575
3017964,27.119804006146026
3017963,1.1186021308384775
3017962,23.928657981298215
3017961,3506.484928580614
3017960,108.7415084611548
3017959,120.89540128931117
3017958,206.870723316279
3017969,14.007588854698886
3018262,42.78495093341044
3018707,13.178600744277691
3018264,463.9873587072584
3018567,57.932483803676
3018566,1.057774632405808
3018565,26.788587905053195
3018564,2.6057540662837084
3018563,0.23376340129590936
3018562,0.26823899365327414
3018561,153.56026110627033
3018560,0.09636590519278083
3018559,9.44743422666359
3018558,13.064529536049568
3018557,0.3721301702978661
3018556,5.475448632843958
3018555,2640.836632931287
3018554,34.69682347936552
3018553,55.57595086171635
3018552,174.6823772462922
3018551,194.81145912607903
3018550,780.0996215660807
3018549,4.781851173608848
3018548,155.88175815313616
3018547,0.025594891320800357
3018546,1476.0598331207314
3018545,0.334259329556288
3018568,150.02178661295085
3018569,0.5209404259402171
3018570,2.7076250412251173
3018571,62.73029307670948
3018595,18.181300215407415
3018594,231.4829138168461
3018593,0.2720770048776249
3018592,29.731127835808135
3018591,17.76962337254957
3018590,0.9218853584920423
3018589,29.916891802387426
3018588,4346.392739465666
3018587,154.21931299177933
3018586,191.73910501077742
3018585,306.59506565442643
3018544,0.06888381526813733
3018584,871.1482810099939
3018582,15.018261611485112
3018581,506.05287979745003
3018580,0.08352471287529302
3018579,3272.944998156106
3018578,6.043468551237863
3018577,0.08714866964502387
3018576,4.461772353463482
3018575,1.0791849963754396
3018574,0.15759302214927304
3018573,326.88061517221536
3018572,48.841394405574725
3018583,957.8573223605857
3018543,4.122855575502855
3018542,8.87120276160145
3018541,0.7451470518750163
3018512,5.353554276163006
3018511,0.09558231676434532
3018510,5.220645132379881
3018509,12.979212647307373
3018508,2.1643688320194117
3018507,1237.7408976441357
3018506,55.28722769074759
3018505,793.5199535119251
3018504,15.16997830073499
3018503,8.170824276793688
3018502,385.5957831807258
3018513,2233.408242844768
3018501,866.721661925281
3018499,157.5968250602739
3018498,2.9964798976522964
3018497,26.855199314858783
3018496,3.772877281362236
3018495,274.6011595811005
3018494,0.5933143561268919
3018493,23.18113138866091
3018492,21.81599909695976
3018491,1.5385669929231498
3018490,14.753255068948185
3018489,4361.725672897222
3018500,5.734596247857531
3018596,15.76828921388223
3018514,0.15666113328507697
3018516,9.520384776452605
3018540,1283.7175983051468
3018539,126.93718423745666
3018538,371.287580378258
3018537,6.7915905875423785
3018536,4.838570429629559
3018535,213.96295438360903
3018534,416.10639930735454
3018533,4.095781493997985
3018532,96.40014578036512
3018531,3.301439815084464
3018530,6.878654850630233
3018515,469.1031847007895
3018529,3.4440874874889245
3018527,0.29524199267636125
3018526,28.12042533238977
3018525,22.76602572882612
3018524,0.9726244794563776
3018523,11.626834710235268
3018522,2940.2667225955465
3018521,206.21291905723143
3018520,113.99676472914659
3018519,251.59300261642002
3018518,547.2531015114504
3018517,778.6592001247077
3018528,180.09705025261366
3018597,8.567073492212334
3018598,115.01555086366555
3018599,7.565126327206961
3018679,0.10414782564199772
3018678,3105.8800849679296
3018677,5.640187632199371
3018676,0.16758887658753518
3018675,6.581244325223096
3018674,66.09339311051481
3018673,0.6367008871164859
3018672,4087.323989700707
3018671,167.16043285642357
3018670,707.1215005122211
3018669,13.922622958204903
3018680,571.9035752591192
3018668,11.443755012038372
3018666,668.7774063118273
3018665,9.992038234829508
3018664,184.8056586051547
3018663,9.143151216025828
3018662,26.235182357510404
3018661,19.90737628670985
3018660,291.9421771203257
3018659,0.47037395623581496
3018658,32.664207399423866
3018657,33.08348907273773
3018656,1.7387304709626403
3018667,298.8308124658957
3018655,38.907912540201735
3018681,12.862185986818572
3018683,757.9959724350263
3017818,0.15289080621689197
3018706,29.10080237367527
3018705,1382.7518529653307
3018704,101.39212404736868
3018703,435.34133914993424
3018702,9.065891521569371
3018701,4.477027040240805
3018700,338.3991534245108
3018699,321.14721301235693
3018698,3.4163023946206437
3018697,65.06341307060806
3018682,1348.615787001143
3018696,8.506674138949526
3018694,9.690282581245487
3018693,310.3278693011986
3018692,0.43305754780145056
3018691,29.546320043145748
3018690,29.98707509077402
3018689,1.1771686226318856
3018688,13.685198945964897
3018687,4950.712816090177
3018686,79.86613913142483
3018685,171.67200622906316
3018684,426.9579871758552
3018695,5.964931217148043
3018488,205.24955154540152
3018654,4842.576263828187
3018652,263.15616432004265
3018623,1.6082393972873197
3018622,39.99524823011541
3018621,4301.78664477657
3018620,212.0377879409089
3018619,233.99031001237822
3018618,246.91803558216236
3018617,1201.847515751532
3018616,1024.9314781075216
3018615,18.78035005345762
3018614,644.3759643471773
3018613,0.16750531071772337
3018624,25.37329849319159
3018612,4028.950352647304
3018610,0.15331333019898882
3018609,4.420975425034512
3018608,48.77231579835978
3018607,0.3124965335765049
3018606,2784.73360968938
3018605,103.97647684176883
3018604,642.618882344949
3018603,10.322858988163087
3018602,9.327317315484828
3018601,242.94187337181663
3018600,635.9517122075104
3018611,5.726090680922571
3018653,200.31800829188975
3018625,29.827969285633255
3018627,251.27189620855668
3018651,317.14390949026847
3018650,1192.6167826222982
3018649,1157.0487343290313
3018648,19.593175427909483
3018647,706.5406970420025
3018646,0.15119484179158302
3018645,4057.2458308644273
3018644,7.579856431696376
3018643,0.1591866413997436
3018642,5.640455729229418
3018641,62.87208768478201
3018626,0.47723983683729887
3018640,0.45262707270303526
3018638,162.87489687310912
3018637,703.0742546411379
3018636,14.078581702042698
3018635,9.681715130825763
3018634,230.8543004681219
3018633,681.4796024111249
3018632,10.65769093071516
3018631,174.44577461304866
3018630,11.16208971716908
3018629,27.89411129597831
3018628,15.420941677051108
3018639,3836.297590406393
3018487,301.3125732024728
3018486,428.1317165913688
3018485,827.628150891483
3018344,41.93210326267391
3018343,105.63565704866585
3018342,2410.6082701617725
3018341,111.7068091865111
3018340,1042.3776525725998
3018339,23.711296162763663
3018338,16.886275204242253
3018337,527.867660891444
3018336,1144.9114445171906
3018335,7.316682468197962
3018334,158.89727917289386
3018345,9.123643198565315
3018333,6.1859623707220015
3018331,25.346577811672994
3018330,436.89743241416085
3018329,0.5512491841429508
3018328,33.75137310904255
3018327,38.328130676367024
3018326,0.812452566552804
3018325,47.66129138181045
3018324,7312.055611589908
3018323,163.86754567102432
3018322,131.69613951083122
3018321,600.6231265306194
3018332,13.441373921766294
3018320,1132.3956466048392
3018346,0.1218082760191398
3018348,7053.637346158131
3018372,29.883235894630513
3018371,17.899816550308724
3018370,451.95360049478955
3018369,1077.3502877013077
3018368,12.860700906629106
3018367,241.6175471618555
3018366,11.492981047711078
3018365,28.509187564441042
3018364,25.862334814207554
3018363,435.1296661522434
3018362,0.6262596751616165
3018347,9.74353777974112
3018361,47.82530378921922
3018359,1.3229212530680612
3018358,70.21674630227751
3018357,7317.617415400343
3018356,302.8275733896852
3018355,398.71089211564464
3018354,514.5185921670055
3018353,1697.7290768149985
3018352,1823.619571501831
3018351,26.228362387589826
3018350,1069.6534467383358
3018349,0.182399026701138
3018360,50.614587002720924
3018373,1102.4456831221546
3018319,1709.3253548360274
3018317,669.0300112539916
3018288,662.3066296603415
3018287,1701.2431750001958
3018286,1949.5885463499792
3018285,24.640219935579935
3018284,1016.0486079167446
3018283,0.21323213539820385
3018282,7029.026611067098
3018281,12.866968149560051
3018280,0.11676427697341281
3018279,11.137318621371179
3018278,60.16544331938919
3018289,317.8542193284276
3018277,112.17562206136007
3018275,152.30594888724085
3018274,1213.1733196426928
3018273,26.485874428076507
3018272,19.36106679825493
3018271,541.1079759498784
3018270,1280.2366678062801
3018269,9.512807827257562
3018268,184.39479237864114
3018267,8.053473503055468
3018266,20.251308026406615
3018265,21.91733800469697
3018276,3153.985149796344
3018318,21.339220145535712
3018290,237.3256882643557
3018292,65.26853456640397
3018316,0.09013600410641193
3018315,4491.643018491668
3018314,10.90031594092339
3018313,0.05411016623086877
3018312,9.430056590002554
3018311,83.841318311161
3018310,117.23417863770125
3018309,4505.905571193324
3018308,191.698112239703
3018307,1329.993278054215
3018306,22.783138076426326
3018291,8717.475143245207
3018305,20.31286620492587
3018303,1255.4389938330814
3018302,11.060479793934867
3018301,227.968875267482
3018300,11.206986577543107
3018299,24.12513187615688
3018298,25.57067831760786
3018297,490.8660151791996
3018296,0.9273514566748668
3018295,54.28178418297445
3018294,48.020067262724446
3018293,1.4289730323990204
3018304,589.6469221564851
3018263,0.7659224008678818
3018374,216.47358120471992
3018376,102.60866023376745
3018456,5639.586944828006
3018455,232.14541710060087
3018454,369.9968146633798
3018453,356.05650119682593
3018452,1341.4758168699136
3018451,1296.147532540427
3018450,14.825176296756922
3018449,877.8334706476118
3018448,0.16253145863367097
3018447,5050.280960617575
3018446,3.9681816450434066
3018457,28.602428050591502
3018445,0.13728837470374933
3018443,28.745479121202475
3018442,95.68939736123829
3018441,2099.2222454913112
3018440,87.91902439429212
3018439,535.7206958598091
3018438,15.159118417388527
3018437,9.180890181284152
3018436,380.21418800600344
3018435,650.2989473875724
3018434,6.493480200891682
3018433,121.14133070344666
3018444,6.1180726772769525
3018432,3.5671860893678877
3018458,1.1007254046238777
3018460,28.52655881221197
3018484,1316.012228246063
3018483,7.029678517867172
3018482,905.4656392445254
3018481,0.3182016557451567
3018480,3835.4540414745684
3018479,3.008735853308398
3018478,0.23980245154697585
3018477,4.654302122641716
3018476,42.30415498909028
3018475,2.416875439065688
3018474,4276.697089920291
3018459,23.570218399156683
3018473,144.75858545952116
3018471,11.014512304659684
3018470,13.100242461298771
3018469,324.5848619459263
3018468,771.6706607360945
3018467,7.866902442815075
3018466,194.88848934419545
3018465,3.8891605265537468
3018464,26.855566950930868
3018463,3.4455933644026437
3018462,296.0951257164185
3018461,0.650719087524753
3018472,774.2070589121183
3018375,6443.054189106314
3018431,9.33509851946168
3018429,295.11423550358734
3018400,76.62079152699096
3018399,7.6494582893614
3018398,6.64661415687201
3018397,7.961902689934238
3018396,175.6757482499758
3018395,0.30917302796143875
3018394,26.872626742636736
3018393,23.422526255899374
3018392,0.8778834916148905
3018391,18.02641551704791
3018390,3167.9154651250255
3018401,5.0445657939119295
3018389,89.79787752018613
3018387,220.52355147460833
3018386,536.8215080922283
3018385,811.3271467219739
3018384,16.701890025508266
3018383,393.3278404294784
3018382,0.09234965062295823
3018381,2160.6023435250618
3018380,3.343186140131034
3018379,0.1401547817144327
3018378,4.77624197798136
3018377,103.02177247960367
3018388,122.6937253688016
3018430,19.991003357897196
3018402,321.68020877368764
3018404,4.321265118431721
3018428,0.43520465893848836
3018427,41.93981866955259
3018426,37.85513028885788
3018425,1.0478874439319812
3018424,45.735592278944736
3018423,5948.9314112479215
3018422,124.4301069331425
3018421,139.1261304287694
3018420,424.10753497609926
3018419,970.3160569936657
3018418,1427.3584641039222
3018403,196.96144024335197
3018417,25.130945581375556
3018415,0.13406913424756617
3018414,4261.151557008708
3018413,8.213445936486297
3018412,0.09571839391971258
3018411,8.82964204679259
3018410,21.01156643327112
3018409,0.49027525779744624
3018408,991.6673852065823
3018407,71.7386394220143
3018406,254.44490371009854
3018405,7.488560937649222
3018416,563.7607379584291
3017817,4.254418067170154
3017816,1.159952457232205
3017815,0.23326946918787203
3017228,62.036671203014926
3017227,0.0
3017226,889.731997878518
3017225,2.61433166109448
3017224,0.041980068033922735
3017223,1.9149536873229276
3017222,5.692839569050374
3017221,9.3446096690868
3017220,730.0193730969887
3017219,48.687074936514534
3017218,302.73470289589477
3017217,3.972509934520869
3017216,1.0768781948423674
3017215,250.9016392634056
3017214,199.20406542882114
3017213,1.4654881701641798
3017212,37.776910188228065
3017211,5.67427080577858
3017210,0.43720655864847424
3017209,1.5922208911893128
3017208,248.5536744921611
3017207,0.15299500006509623
3017206,10.811333165005264
3017229,2.2692832152410016
3017230,244.239866780188
3017231,105.73103545532594
3017232,128.03208811402502
3017256,4.419100738367355
3017255,1.8444796886552335
3017254,12.011478030627853
3017253,157.5368046346127
3017252,24.75465157305377
3017251,62.34220678278846
3017250,2.955205677024572
3017249,2.2460632494968786
3017248,53.3232503959016
3017247,1.356677138515551
3017246,1.1281586495782383
3017205,13.686248068874434
3017245,20.959569857035245
3017243,2.2528163454380743
3017242,2.345106457792504
3017241,39.644783258468394
3017240,0.11619599712742086
3017239,4.599431641413485
3017238,7.972120281511728
3017237,0.458648570129959
3017236,4.754959323199083
3017235,1988.5775377907282
3017234,3.829215610870129
3017233,27.267012534704516
3017244,2.384931708454184
3017204,0.5391027485556708
3017203,7.010892195082798
3017202,3765.6923759009364
3017173,7.985738311615796
3017172,11.097263058485309
3017171,0.30406109224876504
3017170,3.200916798324192
3017169,2075.7082100209172
3017168,35.912846146350816
3017167,81.43535776774173
3017166,162.0896837123508
3017165,211.19793209447116
3017164,614.3339322426042
3017163,4.455649364840673
3017174,0.08369354396080368
3017162,144.84622237585253
3017160,1247.4989892273395
3017159,0.33421448426620753
3017158,0.06522485469305682
3017157,3.364506271638705
3017156,3.298730349431005
3017155,3.95267867518446
3017154,427.2559703261732
3017153,37.74125683074387
3017152,128.48971868469536
3017151,3.714555583693768
3017150,0.8872296297520119
3017161,0.0
3017257,0.1631305700481401
3017175,156.69790206946607
3017177,0.1639320283569105
3017201,60.78640761125599
3017200,120.09352593973404
3017199,374.5074475444325
3017198,499.8665868141974
3017197,951.3881683515789
3017196,6.318869533205712
3017195,276.19796045971174
3017194,0.0719132325341728
3017193,2526.5790622328764
3017192,1.6679484708044447
3017191,0.13343849277883
3017176,0.3235457540716401
3017190,4.359045705677142
3017188,0.15055438707775248
3017187,229.4264685640642
3017186,34.142650349602505
3017185,92.98818396030228
3017184,2.7629239010444455
3017183,0.6759889770709802
3017182,135.07073851402606
3017181,93.49333846545102
3017180,0.8754886073736172
3017179,29.951302440889037
3017178,2.300727757939003
3017189,1.3487554906491899
3017258,1.8894247422064212
3017259,1698.904634353608
3017260,0.06513257799523291
3017340,264.77672499330185
3017339,0.14515831923792008
3017338,10.968157569046829
3017337,19.8033855099214
3017336,0.5130309233512531
3017335,9.519844427439349
3017334,4065.6807490172528
3017333,43.39177051199565
3017332,106.98602936509616
3017331,376.43780460379276
3017330,594.3476588864464
3017341,5.190261221097627
3017329,1060.0515162118063
3017327,460.47627685734955
3017326,0.0
3017325,2616.7429692761148
3017324,4.0538882793734725
3017323,0.18801734466638098
3017322,4.840114093124409
3017321,42.76391969407162
3017320,0.32673304722966484
3017319,2263.2270398017936
3017318,97.36863253570212
3017317,600.3747566924087
3017328,7.7179055547219075
3017316,9.987251168283832
3017342,3.73506235789539
3017344,50.10292308252157
3017368,6.715959908166742
3017367,3100.991668160829
3017366,66.495484014785
3017365,139.30521604743467
3017364,270.5817802961276
3017363,417.5604899008915
3017362,852.3581592068662
3017361,7.423925986454117
3017360,338.10323536900836
3017359,0.06961637252235524
3017358,1877.7392086655661
3017343,3.252348578579074
3017357,3.5813327604222396
3017355,5.225041830758543
3017354,7.568115767679474
3017353,17.691224318479215
3017352,489.07810841544114
3017351,63.29546366739662
3017350,348.7235290231578
3017349,5.884125044001006
3017348,3.1895260881411778
3017347,282.23033866544466
3017346,181.2545473328423
3017345,2.2557913316916234
3017356,0.19998282865918401
3017148,137.86124439872864
3017315,9.348256026372436
3017313,596.6106368386186
3017284,131.31463268246256
3017283,3.940157368533842
3017282,0.9031130523142727
3017281,170.77786859679165
3017280,128.9125655304978
3017279,1.3042319002951723
3017278,31.19431101572853
3017277,3.20966786240115
3017276,0.2274272934521773
3017275,2.816858713559039
3017274,181.80565975879222
3017285,39.00693224325686
3017273,0.13916994166515587
3017271,16.1334245385776
3017270,0.5802585476900197
3017269,6.8039131552546515
3017268,3066.8539377179236
3017267,50.3635938299312
3017266,57.704623483113025
3017265,270.81584061456255
3017264,311.0784883588422
3017263,758.065192656113
3017262,6.217648637228582
3017261,158.9644255763857
3017272,10.854359351556448
3017314,222.38061134457135
3017286,287.60644274428535
3017288,2.6428625569723296
3017312,7.320572216810234
3017311,98.52062805535986
3017310,8.00004325896066
3017309,17.50750880413452
3017308,16.329456019631127
3017307,223.43954968768077
3017306,0.3014261961989431
3017305,25.046613012462487
3017304,22.192458381538692
3017303,1.057358697327167
3017302,26.21330356686008
3017287,7.044815045127352
3017301,3931.078567568173
3017299,185.52790753837053
3017298,258.3651798618099
3017297,838.5931788870095
3017296,872.2014876034054
3017295,13.624431032800924
3017294,492.08774095666774
3017293,0.0983318249041316
3017292,3115.846553479422
3017291,5.186558341250622
3017290,0.09561641694203127
3017289,4.080724862168245
3017300,132.25034002048332
3017369,0.6189164898765671
3017147,1.1696158200763334
3017145,2.991811393691925
3017004,5367.641174574971
3017003,86.99514864942539
3017002,137.0683384609333
3017001,421.8970117254383
3017000,580.4831227304016
3016999,1492.1579087019973
3016998,11.542601145302328
3016997,555.712342213319
3016996,0.10656623620027487
3016995,3302.6420348388388
3016994,4.63076911764669
3016993,0.21350211828146773
3016992,5.801786072980688
3016991,2.0823134863029087
3016990,6.934959585899449
3016989,241.00502149819536
3016988,17.902714135220446
3016987,130.18784375271778
3016986,2.951306045784447
3016985,0.664766878008235
3016984,135.70709738909778
3016983,123.4977769118494
3016982,0.669321276630662
3017005,17.13686280708856
3017006,0.7413822262810601
3017007,27.21686550348901
3017008,22.78642088157471
3017032,657.3116574913239
3017031,5.879152918063447
3017030,148.618362385962
3017029,0.03136388095925168
3017028,1443.9178271554017
3017027,0.6152503440471984
3017026,0.11421841257161554
3017025,3.7245002835086947
3017024,7.128709671259017
3017023,17.973010441728288
3017022,1097.5886051905563
3016981,14.521441110993184
3017021,81.9209733375517
3017019,7.600969483610012
3017018,2.568630892433674
3017017,352.8612634531364
3017016,410.0272930947173
3017015,2.4423010809201515
3017014,58.284541990028835
3017013,6.034465161316847
3017012,2.6277386161405896
3017011,7.089642207723179
3017010,319.8122808619212
3017009,0.27717298175867694
3017020,388.71104818584047
3016980,1.4101909921770992
3016979,0.0395938041356195
3016978,1.7382661248409557
3016949,7.241720508446507
3016948,109.47941410464215
3016947,4.556899159014842
3016946,18.036147216144403
3016945,15.50892413563351
3016944,200.30444965338074
3016943,0.2811120892627517
3016942,24.450705789763298
3016941,17.774139677541804
3016940,1.1483840856768626
3016939,23.52225998499455
3016950,495.6018210100273
3016938,3231.892421309847
3016936,142.35735513679703
3016935,196.89805892524998
3016934,756.6264068394115
3016933,698.9227135573574
3016932,14.161103260192776
3016931,395.55540397716265
3016930,0.08792324500274344
3016929,2669.569400123937
3016928,3.4834841832222345
3016927,0.0852335701935005
3016926,3.6998550461991835
3016937,118.0292040187002
3017033,282.7822618596921
3016951,167.36123771452426
3016953,9.869602166358886
3016977,147.87328197978843
3016976,0.0876488818736029
3016975,6.373528603237633
3016974,7.670920411647133
3016973,0.32756515562994154
3016972,3.24331430499743
3016971,2486.7588303069015
3016970,28.22027148893523
3016969,30.54620261861906
3016968,201.07855034151186
3016967,208.5922605359753
3016952,8.860997038348968
3016966,598.1157222279835
3016964,91.97538077418973
3016963,0.0
3016962,1031.390783593092
3016961,0.5269066645087055
3016960,0.06847197888435115
3016959,2.4083679662600783
3016958,40.51411192384259
3016957,0.3125266896579012
3016956,2049.84165814813
3016955,79.78041561051704
3016954,490.8637445274318
3016965,3.4385723396524996
3017034,202.83588941119814
3017035,48.11254753867009
3017036,36.657227631963636
3017116,196.03127593537675
3017115,150.87707487879712
3017114,1.1707363227853729
3017113,24.990241718834767
3017112,3.0737316122639307
3017111,0.13344297358650759
3017110,0.6124180104137678
3017109,199.06863456634454
3017108,0.08504659964310853
3017107,17.289801099056326
3017106,12.364724043097949
3017117,0.6169988281699845
3017105,0.43095435787806197
3017103,2672.3656844345246
3017102,43.49114259435201
3017101,45.771485296677746
3017100,227.5559957982699
3017099,323.64980820131814
3017098,839.7779733413055
3017097,5.708556755958583
3017096,170.59441786181597
3017095,0.013460435354976428
3017094,1477.430450628963
3017093,1.7111104284004495
3017104,4.973389015729639
3017092,0.08531223721018663
3017118,3.2915600108135186
3017120,44.17480297911368
3017144,0.2369753196688069
3017143,2.9896834763876896
3017142,190.70030990524538
3017141,0.1315275191796014
3017140,10.79676551016721
3017139,13.478322814377062
3017138,0.5575501596042574
3017137,6.882943539262313
3017136,2837.479317064833
3017135,52.00276101486245
3017134,58.31313370487418
3017119,102.79757527893139
3017133,267.0425722267282
3017131,703.753710104421
3017130,5.606793901522665
3017129,162.7380461990999
3017128,0.05074058593244082
3017127,1523.5449120115238
3017126,0.8359340428181694
3017125,0.23358696225926165
3017124,3.6499931046656258
3017123,2.223412220799033
3017122,5.482344026459302
3017121,344.73430060076083
3017132,293.00498232987826
3017146,29.60883345850676
3017091,3.6313529417268375
3017089,6.2647156401501976
3017060,1.429889229990907
3017059,0.09459546252115311
3017058,3.6208195883330836
3017057,1.6452144943473312
3017056,5.59295401675531
3017055,250.09887827540896
3017054,31.245119292206837
3017053,127.66863006735144
3017052,3.297114939427839
3017051,0.7503835951456692
3017050,151.87784364575953
3017061,1408.4593134104236
3017049,119.14536070674666
3017047,39.139078791420154
3017046,6.691176785493491
3017045,0.1444505132042918
3017044,1.2353238309386216
3017043,154.21631364555532
3017042,0.09914395079202833
3017041,9.320543658626946
3017040,11.714977384237148
3017039,0.479309285752611
3017038,4.764177937629533
3017037,2534.074800464482
3017048,0.9471610903293828
3017090,1.5237941282589356
3017062,0.022027825655892123
3017064,5.5066958434317685
3017088,245.68372216828425
3017087,29.399365895273043
3017086,115.93950767462616
3017085,3.166511781200872
3017084,0.7151504250776355
3017083,151.17474447182053
3017082,114.62589815775247
3017081,0.8879805956117945
3017080,35.96757877736214
3017079,2.5328718182941032
3017078,0.14609642355308183
3017063,138.1447375638934
3017077,1.3076714706115378
3017075,0.1007247027621186
3017074,13.290328825300026
3017073,11.593554372703887
3017072,0.46864094857307054
3017071,4.703738373785272
3017070,2474.7621251247556
3017069,34.836389778611796
3017068,46.47805971776273
3017067,191.53600223733932
3017066,267.8772767491326
3017065,649.2358504582555
3017076,152.55771115252233
3017370,22.326746041291504
3017149,163.6312430971546
3017372,0.21966655691448683
3017674,282.54628203838547
3017673,25.241780601522745
3017672,45.90476093583
3017671,29.91055751632704
3017670,398.7621774736063
3017669,1.2702735001331815
3017668,50.1372717912842
3017667,43.11471176809577
3017666,2.7432333480263464
3017665,78.18157440983423
3017664,7017.514096532233
3017663,345.65186635585326
3017662,437.09801160408415
3017661,407.35548085182467
3017660,1997.9822484043025
3017659,1722.6959869139853
3017658,32.46027407822252
3017657,1123.90396408318
3017656,0.3931628456928681
3017655,6907.760724803661
3017654,9.955208285469899
3017653,0.409596987660746
3017652,7.603267022622836
3017675,16.726720298425786
3017676,1006.754227619311
3017677,437.3967258082451
3017678,16.939111047477223
3017702,0.08396838278596526
3017701,6.256476900433439
3017700,11.129453176860428
3017699,0.28583646795214407
3017698,2.3637469614318696
3017697,1603.131524788354
3017696,33.15780210560151
3017695,82.14686310506843
3017694,121.46866444260748
3017693,171.98130713968132
3017692,457.7276729976471
3017651,2.3038788280323397
3017691,3.6814994234916787
3017689,0.0
3017688,1052.2396621072537
3017687,0.30324973139385836
3017686,0.009463000017612315
3017685,2.3596610488802265
3017684,137.23375518472693
3017683,0.9592955933605969
3017682,7595.994814041614
3017681,327.69364035119975
3017680,1205.2508051556376
3017679,19.934287910035234
3017690,113.01317823264115
3017650,0.9415161253317086
3017649,944.731180852376
3017648,60.48906388524964
3017619,4.116795660064942
3017618,2.690636230868245
3017617,1.0446768921752088
3017616,618.3865619371071
3017615,85.21495567981982
3017614,240.46130102067315
3017613,4.656457631236343
3017612,2.8478733921285673
3017611,233.7366816621208
3017610,156.4679021165342
3017609,1.4852564698124735
3017620,0.1688068569988865
3017608,102.99375166906103
3017606,2.8337847981743356
3017605,0.30678177772048937
3017604,225.83763929528013
3017603,0.2760923086718171
3017602,20.36753470125583
3017601,16.882412922548212
3017600,0.7857855489904713
3017599,6.300459704455363
3017598,4048.784766529771
3017597,57.03122982940724
3017596,157.7029112015883
3017607,3.7278119259451516
3017703,108.14859676745071
3017621,2.2750934655896473
3017623,0.10160334587348549
3017647,231.48584015195058
3017646,4.339142363800737
3017645,2.7815559717777525
3017644,205.7780524860142
3017643,122.80050575065698
3017642,1.63804994623368
3017641,87.02298113726437
3017640,2.9339908308066622
3017639,2.538217523000958
3017638,0.28164696606983897
3017637,212.67654174966336
3017622,2199.2421832978475
3017636,0.2668005799377626
3017634,20.837355967463285
3017633,0.6567821602131876
3017632,5.4366653753447665
3017631,3136.0176693487365
3017630,62.84584153098174
3017629,133.470063150413
3017628,254.50961948639733
3017627,489.2557967836413
3017626,791.748545950308
3017625,7.998524115690202
3017624,456.3248603446233
3017635,17.878290488282506
3017704,0.3554247745562636
3017705,0.22962883987240584
3017706,1.9361946771349667
3017786,1.5136725806443243
3017785,0.14537632567904102
3017784,5.159178447505514
3017783,0.8469404588725971
3017782,0.10617636357941769
3017781,185.72687095889978
3017780,15.196279498978729
3017779,66.31796759354386
3017778,1.7640575611352114
3017777,0.5715042957530765
3017776,85.07413112915376
3017787,1654.6173196386876
3017775,54.76027572124943
3017773,33.684921839929466
3017772,1.5122289039454362
3017771,0.1282003732916144
3017770,0.19118096926962017
3017769,86.74715770656441
3017768,0.04869691027471057
3017767,4.632687684484248
3017766,9.484380806366397
3017765,0.2478328098030734
3017764,1.6754847796529089
3017763,1455.7187202136365
3017774,0.48913163144110805
3017762,24.933084341921315
3017788,0.04121787203862685
3017790,5.555220278047966
3017371,20.19214906406793
3017813,39.81633864674284
3017812,181.12814760084623
3017811,3.4254555991031124
3017810,0.8748786148861825
3017809,188.9663420765607
3017808,186.82385279486812
3017807,1.0097284935766249
3017806,50.612562379590436
3017805,5.085385013935287
3017804,0.21430283372338155
3017789,237.09256835238705
3017803,0.338157197689068
3017801,0.14582503196022556
3017800,10.005866504073833
3017799,17.393021280326405
3017798,0.5818338130047516
3017797,3.7316940056377854
3017796,2917.587724447821
3017795,53.72074820898293
3017794,127.00996899883904
3017793,220.59986416072408
3017792,327.30666409872885
3017791,806.2871088201701
3017802,183.10132917930778
3017595,307.01781948526985
3017761,86.6386187287865
3017759,139.91100475689333
3017730,3797.584438955508
3017729,65.92933669100451
3017728,184.72379204562068
3017727,285.987085786959
3017726,522.1467736902807
3017725,1101.4773904100084
3017724,7.740672014739399
3017723,393.5269683041654
3017722,0.05003519944491882
3017721,2368.263678331731
3017720,2.076162487024672
3017731,7.486654014888961
3017719,0.19153547522696138
3017717,1.309973616163402
3017716,0.14338107813356904
3017715,245.2166885066952
3017714,21.996557830101256
3017713,84.25425160161946
3017712,2.3036721623911247
3017711,0.7907871635430552
3017710,93.13213620525484
3017709,63.87066217184169
3017708,0.6863413281404926
3017707,41.24605472204857
3017718,5.756767020790157
3017760,108.0638693253256
3017732,0.5154157531498373
3017734,15.643219171131168
3017758,426.47760855357376
3017757,3.2510589918065236
3017756,85.21851199333675
3017755,0.0
3017754,773.5398200690029
3017753,0.14194210264590348
3017752,0.0
3017751,1.796178437087725
3017750,3.8583001874399887
3017749,0.7946490755089282
3017748,544.3542185942522
3017733,21.23880371819517
3017747,57.70414643880426
3017745,5.570524787580129
3017744,2.231583902871238
3017743,252.5770046525369
3017742,258.78953100338094
3017741,1.7364983449760434
3017740,37.12866888836861
3017739,5.5271667379143805
3017738,2.1171123098099467
3017737,1.8876162198882582
3017736,221.2787319557071
3017735,0.2186413242792001
3017746,209.07113062216706
3017594,590.8536294182303
3017814,641.5889321318693
3017592,9.260477587856851
3017452,0.26333800625857046
3017451,1056.6635038387149
3017450,36.57042299927511
3017449,305.3027225912101
3017448,4.795660614753524
3017447,3.491706516305171
3017446,140.2210839666408
3017445,410.32728601753416
3017444,3.2263894379562243
3017443,61.15756852599956
3017442,4.084224878379621
3017453,16.419571893163067
3017441,3.393228071890049
3017439,111.60315149728284
3017438,0.09888842639247611
3017437,16.52805509242967
3017436,10.654512763075429
3017435,0.45774201583707497
3017434,16.84138879591512
3017433,2268.111121356196
3017432,61.44549857582391
3017431,65.58572348099412
3017430,164.96373717265521
3017429,402.3416465578911
3017440,6.413664732793877
3017428,458.18860404809016
3017454,3.370747922129272
3017456,6.401109046030572
3017480,13.534313980006376
3017479,266.6990006122211
3017478,642.2869606466845
3017477,9.853865731998923
3017476,154.29668716399695
3017475,7.19821485716794
3017474,26.04125809753586
3017473,7.695906282497594
3017472,219.98300969141667
3017471,0.21231919021344667
3017470,46.45147497340158
3017455,0.05562724545827565
3017469,26.04598115260474
3017467,22.759186502243224
3017466,3597.11438294531
3017465,128.12296839589683
3017464,277.3137056952565
3017463,289.69786414598093
3017462,1171.5063078947323
3017461,905.447924230014
3017460,16.815405928964903
3017459,795.9109895770272
3017458,0.15202997075507527
3017457,3774.9361456389797
3017468,1.160443778917652
3017481,9.533455142646334
3017427,10.889348532013305
3017425,0.021577881887897714
3017396,204.5670256735819
3017395,598.4451295566482
3017394,5.267056393999367
3017393,145.64278010422677
3017392,0.09428583279141652
3017391,1181.9336251673915
3017390,0.7481560022474707
3017389,0.20734182611725757
3017388,3.342964738100819
3017387,3.3254724633088477
3017386,0.7019365650149545
3017397,173.06160582433122
3017385,896.2306117844389
3017383,214.7039278882481
3017382,5.106242880591877
3017381,2.000208330189962
3017380,220.78976261073717
3017379,141.71772495502927
3017378,1.8763254506408495
3017377,57.70852112011978
3017376,4.6405079821204795
3017375,1.7478429590171385
3017374,2.287592976176014
3017593,995.6704636240968
3017384,75.20311687543779
3017426,252.85552673482422
3017398,74.1605016771415
3017400,1853.4251708010916
3017424,1611.0497059827198
3017423,2.6715037421337327
3017422,0.031185635027917623
3017421,3.1631390426022428
3017420,1.104607227873497
3017419,10.716255325506332
3017418,383.0639800532305
3017417,24.473162571478404
3017416,125.09690578037483
3017415,3.6168745625262275
3017414,0.9554468649685881
3017399,31.94116425876559
3017413,126.39662756679073
3017411,1.7035113826632773
3017410,33.7129732217579
3017409,2.791285861837008
3017408,0.5875577928710936
3017407,0.8178474736039809
3017406,141.72624564897032
3017405,0.167349804097594
3017404,9.436440026043094
3017403,10.488529112604953
3017402,0.5328073179832475
3017401,3.8156425156389284
3017412,48.763295430620005
3017482,705.641195847942
3017373,214.65418464922496
3017484,3004.628521620053
3017563,201.8595578965881
3017562,258.94775198729803
3017561,788.4831532479507
3017560,754.1001069562476
3017559,12.98276374355864
3017558,530.0657091758568
3017557,0.09170854589872757
3017556,2928.687744317844
3017555,4.78874853402904
3017554,0.0943033306801381
3017553,4.020904847001454
3017552,2.5711854282583193
3017551,0.24954559323353134
3017550,489.75267098850463
3017549,17.98435238472824
3017548,181.61702921807853
3017547,3.053850035256221
3017546,2.765691130538121
3017545,104.05049385565246
3017544,285.3339387817301
3017543,1.781172432966284
3017542,39.600750295552146
3017541,1.6599430219941453
3017565,3216.209679444388
3017566,22.26897462730292
3017567,1.1769683045191583
3017568,17.156975274990007
3017483,111.62310355754349
3017591,532.5453011866448
3017590,0.11387283044519067
3017589,2789.5972101973493
3017588,1.1140745401040988
3017587,0.20246560084712875
3017586,5.282758325983901
3017585,30.209648200608616
3017584,0.4026887092993252
3017583,2548.336821809698
3017582,78.41108725905082
3017540,3.279485257062813
3017581,474.428093355422
3017579,8.590567658962582
3017578,202.71203379781448
3017577,399.09245225982835
3017576,5.645044268198385
3017575,165.3547600410343
3017574,4.81713938052039
3017573,22.191179739236095
3017572,6.483798018389498
3017571,188.36661635212306
3017570,0.20809417915652545
3017569,26.492673550914247
3017580,8.232745525033199
3017539,1.7854444092750725
3017564,108.82938728592907
3017537,0.13210249429190146
3017509,85.52200801622843
3017508,2.2943043839984467
3017507,8.720065351211225
3017506,0.7877046242372492
3017505,52.898048622213885
3017504,0.10518573617217462
3017503,9.17596825672
3017502,7.6491109254019385
3017501,0.5459204799924229
3017500,6.0711124157710366
3017498,6.806868677068126
3017510,2.6087552089251247
3017497,40.7819569813343
3017495,240.8758300491239
3017494,322.72899041345084
3017493,3.421722222311592
3017492,107.38615010242243
3017491,0.0
3017490,696.0177458602062
3017489,2.6784794488442825
3017488,0.0
3017487,1.8026125509380861
3017486,45.84587602443374
3017538,71.6572911074472
3017496,72.53881107599214
3017511,119.96266309606256
3017499,1272.4969886271913
3017485,0.5363110476724129
3017512,67.86775392590981
3017535,8.164442307753623
3017534,0.4164043337685287
3017533,4.601307702344939
3017532,1462.9181940866338
3017531,32.53005598446666
3017530,52.93987724283144
3017529,97.5808823300878
3017528,249.7025742639044
3017527,340.6052776869453
3017526,7.240861876063379
3017525,181.90830950588924
3017536,8.877648806690683
3017523,1004.3824909866994
3017524,0.005201428622147405
3017514,4.199125079787934
3017515,98.19507183796154
3017516,8.909076417685743
3017517,79.99840153891604
3017513,2.984428410747002
3017519,5.867758232511518
3017520,2.526556639696979
3017521,0.0
3017522,1.0392237783070923
3017518,0.2632785120334474
3019893,2747.5271623675962
3019901,618.1398469802631
3019900,0.16784330151522542
3019899,2899.1581545407926
3019898,5.602650060722662
3019897,0.1288878989655707
3019896,6.026992445807572
3019902,15.257246320346617
3019895,9.978050258552589
3019894,0.7599582258839748
3019892,74.80054669580005
3019886,9.434389058283902
3019890,14.175577308224124
3019889,9.719493020513571
3019888,350.04103406949883
3019887,256.05284401101005
3019885,149.04275428925416
3019884,7.173530247090689
3019883,19.661999940089927
3019882,13.825920557337435
3019881,283.77018506275385
3019880,0.36186818664206166
3019903,996.8183918939886
3019891,272.44145595536816
3019904,782.797866800176
3019930,0.11229488863740864
3019906,106.27393236574024
3019879,35.77355217600837
3019929,5.673656684673422
3019928,15.60725517138988
3019927,0.7486425366848017
3019926,1460.8401206000779
3019925,89.04861382532677
3019924,233.8331827725655
3019923,12.338470166203816
3019922,11.030242835081976
3019921,269.439320031319
3019920,128.11772152290973
3019905,224.0990853168543
3019919,9.956224461060588
3019917,4.802312772572371
3019916,27.444046014030928
3019915,19.569063748889473
3019914,250.05255511902007
3019913,0.34470252129214657
3019912,26.131490547296213
3019911,21.971739077351998
3019910,1.3219223780570846
3019909,28.365284348104176
3019908,3408.506568159356
3019907,119.35686701999819
3019918,136.39789224240363
3019878,32.570285613703064
3019824,13.850990710028064
3019876,27.826729788121618
3019847,0.22296011672409172
3019846,25.898497826703498
3019845,25.44863381715688
3019844,0.9622455825940335
3019843,9.659497620501437
3019842,4761.793465517513
3019841,120.1655085596533
3019840,172.63549684668126
3019839,292.931868631209
3019838,561.0015947840118
3019837,1500.2025740650595
3019848,320.3079200249361
3019836,9.010082614334097
3019834,0.09215930279124791
3019833,3139.8321720208387
3019832,2.5683092632176625
3019831,0.15086819150297195
3019830,6.262646785663066
3019829,36.22497486011937
3019828,0.5884473671039443
3019827,3531.6530046896014
3019826,113.08716680919652
3019825,609.0998473087332
3020042,1.831600267472191
3019835,393.29642886651186
3019877,1.302492177709441
3019849,1.365091401364638
3019851,6.489672316349441
3019875,4467.7296547583
3019874,120.6445700102821
3019873,145.47578412065974
3019872,281.5022200916881
3019871,838.7661061908238
3019870,1312.2551450835492
3019869,18.768655580138343
3019868,598.9766360597306
3019867,0.14818789339352934
3019866,3120.947176114128
3019865,6.155456650659214
3019850,0.6365927747035975
3019864,0.1751845650709634
3019862,4.577403147343151
3019861,0.29007724592134343
3019860,886.8683716703229
3019859,61.34962986920107
3019858,178.59642973203626
3019857,5.946080509210876
3019856,1.317932667598714
3019855,351.65053750554193
3019854,174.65178022828405
3019853,1.7067883418250238
3019852,102.96142523645175
3019863,7.23433235466776
3019931,1.255384943469803
3019986,1352.5934528014077
3019933,0.06298807448850477
3020014,43.48402020259571
3020013,727.434770424494
3020012,1.080403017660387
3020011,80.31680414690018
3020010,79.28275593375159
3020009,1.9441859579901974
3020008,112.2221496281537
3020007,12084.907038645302
3020006,534.5897785445544
3020005,611.5326081826516
3020004,882.2203627433316
3020015,42.673852911463555
3020003,2853.6733747067897
3020001,35.57422805558418
3020000,1638.8462562153304
3019999,0.21447000559984594
3019998,11469.38449545442
3019997,20.22381375971977
3019996,0.1976667109872439
3019995,21.3069941853033
3019994,145.25235353339107
3019993,163.2208161769253
3019992,14131.47104661187
3019991,518.0941936824354
3020002,3014.059713637226
3019990,1872.0901884682046
3020016,17.120398990658263
3020018,17.06148197400755
3019823,11.529174258633981
3020041,77.66155298925902
3020040,11122.046093874584
3020039,390.81489422041756
3020038,353.71631236503146
3020037,924.8628173374799
3020036,2242.1363123832452
3020035,2819.2202567738186
3020034,31.07596400541133
3020033,1193.8818170700756
3020032,0.17749362052874454
3020017,419.66320949042006
3020031,8712.357720895154
3020029,0.14552547963328608
3020028,19.095059638802773
3020027,110.29347364744939
3020026,141.62312389084866
3020025,9991.688387131428
3020024,395.9918851723797
3020023,1705.9833943562126
3020022,37.01547305737804
3020021,29.48627193607285
3020020,881.5598816350779
3020019,1413.4745995784212
3020030,20.62623306192413
3019932,4461.101760128671
3019989,43.33468231972474
3019987,877.356506034702
3019957,178.89615358279414
3019956,5.433976822687218
3019955,2.369624034964155
3019954,302.01162929418683
3019953,193.27275621544942
3019952,2.465963779245208
3019951,131.20357365050285
3019950,2.9540659675982477
3019949,2.437735710828162
3019948,0.6264806074668754
3019947,256.77776384337784
3019958,65.80304963034082
3019946,0.21619960285446566
3019944,24.731116470033456
3019943,0.8401361713258442
3019942,5.98533663110605
3019941,5037.303908324554
3019940,95.53811643092509
3019939,167.63007567915503
3019938,273.9844404711771
3019937,643.7366513631673
3019936,1349.545764632635
3019935,9.375630272501242
3019934,479.03431576456444
3019945,18.89448589684715
3019988,34.624569479705244
3019959,1160.3727557008226
3019961,3.1098308859333663
3019985,21.602057927958583
3019984,582.5281367711502
3019983,29.58480204251253
3019982,44.81261848630023
3019981,47.04475779451461
3019980,718.9612907854136
3019979,1.430957186427917
3019978,95.6090580047683
3019977,101.0453164669264
3019976,3.213298589007856
3019975,123.04740708990678
3019960,0.9528458547477532
3019974,13673.335960760669
3019972,807.0374500265864
3019971,844.0094962938404
3019970,3545.846314605205
3019969,3266.2932950105132
3019968,39.29827428222857
3019967,1897.3780025633628
3019966,0.25629057419038054
3019965,13832.450371639225
3019964,22.01136029830678
3019963,0.2441954116869629
3019962,24.94043529901683
3019973,662.5690529690258
3019822,311.6151860349573
3019712,1.7564027581408381
3019820,9.1111879324635
3019678,8.789524451584123
3019677,3816.680891525495
3019676,148.52076056490006
3019675,172.01402769875443
3019674,255.53166730059678
3019673,643.7059367143416
3019672,1033.7187142587054
3019671,9.849572618920991
3019670,529.2711757217459
3019669,0.07432890213594716
3019668,2995.339416493602
3019667,2.736265009420564
3019666,0.11581756777988052
3019665,5.566923450797864
3019664,0.47063517718299025
3019663,0.2217382849821697
3019662,247.39377452152002
3019661,28.361970066976763
3019660,64.24793953621872
3019659,2.173600426402087
3019658,0.7070204324495457
3019657,115.94037723169423
3019656,89.21915563265594
3019679,0.7808476660204391
3019680,26.72408681686603
3019681,20.88046900290605
3019682,0.2877489416456911
3019706,949.0049389467193
3019705,1114.059864458967
3019704,16.27910757392793
3019703,702.4345355449478
3019702,0.16239347653112496
3019701,3518.7766413195213
3019700,7.775014181165329
3019699,0.136621821911123
3019698,5.982839182401292
3019697,3.9794935230229846
3019696,1.104476783089456
3019655,0.8956973488387225
3019695,1291.694855288076
3019693,149.36900494982987
3019692,5.587909610921723
3019691,3.3714540060529004
3019690,305.5333607639903
3019689,194.4523667492137
3019688,2.1743203362396826
3019687,174.83679780179986
3019686,3.6461786284747273
3019685,8.675999247838547
3019684,0.5856009091724452
3019683,253.84469911986486
3019694,65.38008908348503
3019654,73.83294571585137
3019653,1.6121973013697866
3019652,0.22056325853083789
3019623,178.7815489392467
3019622,2.6389355094677414
3019621,98.18077493237415
3019620,5.984955872640992
3019619,4.000218984048202
3019618,3.912841822428505
3019617,259.2772067647589
3019616,0.34031871693107685
3019615,27.786078012779072
3019614,30.749199768029076
3019613,1.1709743462210995
3019624,314.90285291107267
3019612,8.28088355813683
3019610,115.29259327492667
3019609,154.5877856650919
3019608,256.11540818608916
3019607,642.0583556918822
3019606,1075.3093424146812
3019605,9.751392424828076
3019604,584.5843002732836
3019603,0.07882841500721387
3019602,2772.336380312634
3019601,4.723798034866943
3020043,54.891275699155656
3019611,4073.3949900510215
3019707,235.65009276965972
3019625,3.6579364140740713
3019627,185.7282204418993
3019651,0.2793009752619173
3019650,127.3916092801808
3019649,0.1137396572304536
3019648,6.148568954915534
3019647,14.761367155555156
3019646,0.4673916992598208
3019645,2.808510959025357
3019644,1996.0563949171749
3019643,61.5648674174913
3019642,102.37266877367331
3019641,105.69483301753407
3019626,6.538391037565677
3019640,201.8246661175232
3019638,3.9634325911195543
3019637,122.69308326044987
3019636,0.004950185709995942
3019635,1364.0540004476659
3019634,0.40839605092199044
3019633,0.030515033884635893
3019632,3.0520053789167507
3019631,7.412713918350116
3019630,1.3456412354253517
3019629,441.0183855279454
3019628,51.71523046641517
3019639,587.9228558483093
3019708,159.43094068037306
3019709,154.98845130901344
3019710,4513.145413805851
3019791,11.029708073663059
3019790,5.545016526375519
3019789,390.62156289322945
3019788,226.27821926402132
3019787,4.208038322187454
3019786,104.88076788731628
3019785,9.19578457282951
3019784,12.243486738665919
3019783,10.811434885178027
3019782,363.87050485854803
3019781,0.38322459019014604
3019792,245.19255242323567
3019780,32.637994938042894
3019778,1.3977944674942724
3019777,27.458237641658666
3019776,5759.828370394279
3019775,147.8308416439042
3019774,252.2801299868875
3019773,298.6780280960932
3019772,847.0636901819386
3019771,1597.8967609594097
3019770,13.137131948708094
3019769,752.1640468657708
3019768,0.1315962973911449
3019779,40.9261060064869
3019767,4074.668177630597
3019793,96.12342062814743
3019795,11.991816814649333
3019819,149.75994200975836
3019818,4.989017516831896
3019817,21.086605881219356
3019816,25.204649128199254
3019815,297.7305026844706
3019814,0.3711210696410762
3019813,24.530764439650707
3019812,26.43200932825764
3019811,1.389561961138586
3019810,29.43505570425564
3019809,4574.255603202485
3019794,1124.664579649182
3019808,185.63420515651868
3019806,299.65262519269453
3019805,1170.3437417876182
3019804,1132.2593054852098
3019803,16.53986871914224
3019802,580.8035009855535
3019801,0.12770271606882416
3019800,3754.640609650054
3019799,6.030573213741507
3019798,0.09333002608926191
3019797,6.139385369308724
3019796,12.800944781663738
3019807,238.26508952182255
3019821,511.07177929808427
3019766,6.8165145906419555
3019764,8.14420376623644
3019735,0.08862397347795045
3019734,3155.4093803031947
3019733,7.555022984828829
3019732,0.10846513259779707
3019731,8.294621191437342
3019730,18.48373034798037
3019729,0.8678213865122559
3019728,1998.5133986789738
3019727,121.32915991468408
3019726,257.0601563348723
3019725,13.533354124632046
3019736,537.644448704173
3019724,13.700201345128873
3019722,223.75367015467998
3019721,11.157046796376724
3019720,151.42765928250705
3019719,5.660603043117043
3019718,28.53521509390388
3019717,18.93450471869067
3019716,288.6420754509782
3019715,0.34139509456772743
3019714,28.61956470281144
3019713,25.543490001894828
3019711,47.66451334523586
3019723,301.8294026741572
3019765,0.16417069832610073
3019737,19.26635023245672
3019739,911.9765064619285
3019763,22.385083271988673
3019762,0.8088113559924475
3019761,2743.166848684055
3019760,109.59484045878628
3019759,270.1238680023615
3019758,16.32782081588633
3019757,10.168317586254709
3019756,360.6516268004063
3019755,301.6845982208089
3019754,10.018000665343495
3019753,157.38934369192702
3019738,1295.5225064143965
3019752,7.54280608794825
3019750,22.992611445681778
3019749,311.67712021823695
3019748,0.29646653659251765
3019747,35.83242818314471
3019746,37.280509069452044
3019745,1.6583393741641452
3019744,31.141929034447273
3019743,4697.885155082376
3019742,165.20196931396725
3019741,183.62520023278742
3019740,262.36807663677774
3019751,18.591720746132932
3020044,64.57688004550661
3020489,23.401390757124307
3020046,701.8317281169249
3020349,81.79600020297045
3020348,1.3783851871131438
3020347,39.569564903337046
3020346,3.3577677461660276
3020345,0.2569126408714495
3020344,0.5924065592772187
3020343,216.31227544291903
3020342,0.16661729076784282
3020341,11.770292191832016
3020340,21.580405136724828
3020339,0.5497763850822774
3020338,6.421525288278653
3020337,3529.218446083515
3020336,59.68772793958261
3020335,78.47515548600076
3020334,198.49118274303098
3020333,304.1188337739264
3020332,1222.4602238054108
3020331,6.060428523958923
3020330,244.11683716545818
3020329,0.05854964071479921
3020328,2187.3942026265822
3020327,0.5944947872453299
3020350,225.42099294555862
3020351,0.6753166232493029
3020352,3.539524063068308
3020353,78.34371525227412
3020377,29.78103668311628
3020376,316.4965864685812
3020375,0.3966187577414988
3020374,37.53944237992572
3020373,30.923563353734547
3020372,1.4149107337195428
3020371,40.22805266560919
3020370,5493.043243710494
3020369,230.3583404607911
3020368,261.93125221145914
3020367,389.1168904385558
3020326,0.09142370656159182
3020366,1298.2439585914412
3020364,20.157797125571754
3020363,692.5037862848675
3020362,0.11132899759781045
3020361,4332.318423217751
3020360,9.326186910906085
3020359,0.11785847360144489
3020358,7.443023481765325
3020357,2.5261310621125173
3020356,0.20319253660406225
3020355,405.54591303247906
3020354,60.22582313670945
3020365,1402.038637231464
3020325,5.550864615097188
3020324,4.702064439082223
3020323,1.036020596823013
3020294,7.30407515061119
3020293,0.13212595002011304
3020292,7.315865228017914
3020291,11.92215563418888
3020290,2.538976844155111
3020289,3088.304586342732
3020288,59.832227555915715
3020287,123.1678095527221
3020286,17.47937809707626
3020285,9.771847031309793
3020284,507.5827220545489
3020295,2666.534127600695
3020283,156.65753659954154
3020281,246.60590267663218
3020280,3.6219550314115843
3020279,31.903109472809206
3020278,4.656880691027551
3020277,348.31212289758986
3020276,0.7841791126028281
3020275,26.792359277244284
3020274,12.068240095339965
3020273,2.0406866772525625
3020272,17.0344898870174
3020271,4757.448324456579
3020282,7.324714193698663
3020378,20.975308854446947
3020296,0.19200509605018673
3020298,11.593038607219851
3020322,1623.6156572487087
3020321,151.37722836515496
3020320,316.59547451908236
3020319,8.842814068903822
3020318,6.034546114921031
3020317,294.9277804978186
3020316,305.46286474640084
3020315,5.358387257021496
3020314,159.08393980502635
3020313,4.374663784151548
3020312,8.147323117035222
3020297,589.2559607550879
3020311,4.961157223287952
3020309,0.3987174885850512
3020308,32.84780462028462
3020307,30.61771836668754
3020306,1.3486999049145867
3020305,14.283019262589539
3020304,3421.8154080435543
3020303,259.6026811233412
3020302,171.65624803305633
3020301,264.8078594355472
3020300,772.147532777802
3020299,1037.923971344237
3020310,232.58768597090636
3020379,15.709863987905358
3020380,177.17080132814536
3020381,10.188134522525461
3020461,0.11289263808873054
3020460,4214.031557882083
3020459,8.40108401617639
3020458,0.16661395770633625
3020457,10.633993913009613
3020456,57.53686322841365
3020455,0.9592832170286065
3020454,5138.509063074189
3020453,219.12567562375722
3020452,810.918687045346
3020451,19.363895571537864
3020462,736.9995006385452
3020450,14.41950617630217
3020448,642.3860593444067
3020447,12.364447110034897
3020446,246.86372712441192
3020445,16.110532180848224
3020444,32.1195079667452
3020443,30.095857811900395
3020442,389.63012890740345
3020441,0.5564893702856273
3020440,44.610072998143785
3020439,43.2910502921126
3020438,2.2533019272061905
3020449,440.0370642790659
3020437,46.93082429604311
3020463,16.319230346846787
3020465,1095.524748631505
3019600,0.13908728618503616
3020488,30.551734433164036
3020487,1805.0893587698072
3020486,102.45413957658144
3020485,451.93033447728027
3020484,13.039420880607404
3020483,5.820955962671608
3020482,518.1446310792874
3020481,374.0080637441874
3020480,4.451876722467534
3020479,113.80689774832653
3020464,1884.4408794192268
3020478,10.60664572304566
3020476,14.151042515478743
3020475,444.166719774876
3020474,0.49680752868078426
3020473,35.698586856292415
3020472,42.85361768805599
3020471,1.5529957411812574
3020470,16.754470899266018
3020469,6288.83105487739
3020468,152.95167541415057
3020467,235.72772300903785
3020466,542.6059382433662
3020477,7.130566746474065
3020270,55.805502168316885
3020436,5944.093803435352
3020434,362.16368779583877
3020405,1.8498392291839663
3020404,44.27243714359172
3020403,4731.331634974278
3020402,281.6745164526274
3020401,323.3723001721124
3020400,277.3902141138912
3020399,1456.2758093824668
3020398,1181.8212123319847
3020397,21.581599136572116
3020396,733.6800680451706
3020395,0.08740537128249014
3020406,30.51074483218528
3020394,4612.904008266864
3020392,0.08981195280308163
3020391,6.151915185171066
3020390,42.73935986275062
3020389,0.6283306639016191
3020388,3878.818172319319
3020387,140.59922349540668
3020386,683.3746950848574
3020385,15.38328950662725
3020384,12.262428940314807
3020383,388.9724751441166
3020382,593.7062878661069
3020393,7.6017639539420205
3020435,289.7362883215499
3020407,34.330659836327136
3020409,308.67507861560836
3020433,396.5692469315166
3020432,1627.1961677236275
3020431,1509.8668876147976
3020430,23.95703774366861
3020429,889.205785340988
3020428,0.14515676764152985
3020427,5148.330802014313
3020426,11.190272432675707
3020425,0.156015176916583
3020424,8.921356488307786
3020423,56.67677742111632
3020408,0.4517852855077038
3020422,0.6229227541384457
3020420,194.2213528568415
3020419,739.7576412792754
3020418,15.711610728676074
3020417,11.339003793403451
3020416,299.5918658884278
3020415,612.3578271304949
3020414,12.15886179091913
3020413,246.60487389922963
3020412,8.514889677612137
3020411,33.81190108809002
3020410,21.356072277388062
3020421,4600.48014008479
3020269,71.05455632260703
3020268,482.5133829572273
3020267,1123.1810257727832
3020126,49.423638947722615
3020125,122.18736105851546
3020124,4144.093051859799
3020123,182.7317627197466
3020122,1270.9046927540696
3020121,35.136801067021736
3020120,24.13536342168345
3020119,866.108639436349
3020118,1185.6880920548435
3020117,10.98437876079611
3020116,228.12883956081805
3020127,16.436378341313652
3020115,7.354316494122626
3020113,41.512512619491886
3020112,659.8669976099314
3020111,0.7965693063943138
3020110,52.48091254751558
3020109,56.90540791609023
3020108,1.3539140307413655
3020107,66.66427847526704
3020106,10292.102546422244
3020105,306.114853061315
3020104,272.90791121908103
3020103,823.0851778960481
3020114,21.131040629590306
3020102,1890.5434231372435
3020128,0.15421062299221752
3020130,9833.960668210402
3020154,35.41663266572674
3020153,25.22672131712774
3020152,696.7546985690487
3020151,1059.8240421524974
3020150,16.912697727085614
3020149,393.24901448176956
3020148,17.39869957386462
3020147,42.89821451962849
3020146,34.83227632389175
3020145,630.8413482810324
3020144,0.8554036718032831
3020129,16.927555203458788
3020143,64.3466273674772
3020141,1.8949506289127416
3020140,95.02561337252412
3020139,9614.761096232667
3020138,450.11395127010275
3020137,542.5311594737866
3020136,674.1850361747472
3020135,2452.2594826547347
3020134,2497.254406563957
3020133,34.36238666581363
3020132,1444.7023850097958
3020131,0.2134906428854142
3020142,68.96178288565018
3020155,1268.0634992572998
3020101,2607.599123741982
3020099,956.9845130828769
3020070,893.42585822824
3020069,2622.4273414535855
3020068,2893.6600368495983
3020067,33.97452707629642
3020066,1526.7721229933252
3020065,0.27107182567875493
3020064,10397.74550204574
3020063,23.07659195755334
3020062,0.17295610400573852
3020061,20.330420615859406
3020060,72.91345646242996
3020071,485.88370475346113
3020059,128.2503719682086
3020057,244.4418252691934
3020056,1475.734297008594
3020055,38.097853396691946
3020054,27.205061243769713
3020053,904.6085125099387
3020052,1289.3971620255165
3020051,13.581461866855895
3020050,298.2770171168571
3020049,13.286980889655691
3020048,30.55842898959476
3020047,45.91273838718771
3020058,5328.172260784132
3020100,31.25009784659362
3020072,419.786800268806
3020074,90.65142063153169
3020098,0.1587740751248544
3020097,7195.36575662313
3020096,19.34766346134213
3020095,0.12330617919616241
3020094,17.995232966727933
3020093,89.73709098981674
3020092,139.10598591303113
3020091,7529.261100244974
3020090,307.5084221280137
3020089,1597.7717828732027
3020088,35.46686544304984
3020073,11899.352839126217
3020087,28.523536391606193
3020085,1264.42219141791
3020084,15.438791084330013
3020083,343.9510725491388
3020082,12.176352863577348
3020081,36.31110053003047
3020080,48.017983909128745
3020079,716.2999088128612
3020078,1.1675902267513654
3020077,74.58958197966027
3020076,66.50760171122816
3020075,2.056912641769929
3020086,955.9973624385225
3020045,0.9860395072553985
3020156,332.336890899843
3020158,116.0641071394628
3020238,6685.4235130791885
3020237,335.49621992634695
3020236,373.92241153877
3020235,407.5530099316876
3020234,1646.2309581439486
3020233,1692.2961490733853
3020232,17.721632567040995
3020231,1056.694274513765
3020230,0.19392239836855207
3020229,6205.1902452591485
3020228,6.539308075329905
3020239,36.316360415249356
3020227,0.15356170095555843
3020225,31.544505970300726
3020224,106.50417733427761
3020223,2766.5248263094372
3020222,127.52936504464694
3020221,790.2706385757515
3020220,26.948073176139967
3020219,12.518183862733519
3020218,589.436410383367
3020217,804.3893884450874
3020216,8.61631321718434
3020215,199.66161011402752
3020226,10.02752957440164
3020214,5.22403806434826
3020240,1.4625543520143212
3020242,33.54784341501665
3020266,1659.9464219956365
3020265,9.019711515191165
3020264,1303.9692975536586
3020263,0.34116233082460246
3020262,4286.813286945949
3020261,6.492677379366261
3020260,0.2617080822100537
3020259,5.759730541624564
3020258,43.86451527018327
3020257,3.4200050656455687
3020256,5321.349345765671
3020241,37.55336446200305
3020255,184.64345494718194
3020253,18.240887778595773
3020252,17.260736488975443
3020251,436.77648860712566
3020250,735.7173626619997
3020249,9.916355184834403
3020248,303.8156937282731
3020247,5.183726359672612
3020246,34.84538670050991
3020245,5.069698003710001
3020244,394.29175835500473
3020243,0.8118283415481602
3020254,801.6588256687538
3020157,9919.503326960372
3020213,12.621838131869158
3020211,424.6598122205399
3020182,126.68121292300286
3020181,8.775630128435045
3020180,7.105415429991886
3020179,10.749825741036112
3020178,230.21514975192494
3020177,0.34976616722296877
3020176,32.797170292561745
3020175,23.766295070465958
3020174,1.0838059902693908
3020173,20.45207176755134
3020172,3654.7389284940236
3020183,6.072927611475473
3020171,108.82139412466582
3020169,248.8540971044387
3020168,717.6275084919592
3020167,1044.3695391924343
3020166,19.225986903250416
3020165,493.5089840878012
3020164,0.08190516467401121
3020163,2503.102517006353
3020162,4.899625076348293
3020161,0.1291676645007747
3020160,7.0291041774055625
3020159,103.58389573710713
3020170,143.6240118727166
3020212,28.255616219205727
3020184,231.3724282094122
3020186,5.205344153155154
3020210,0.593727337233253
3020209,54.376668407598366
3020208,53.7203970636497
3020207,1.399418219213572
3020206,59.19745279375683
3020205,7312.645360441074
3020204,191.09808398619128
3020203,210.6664776074052
3020202,543.4472277420894
3020201,1377.8245451998787
3020200,1926.956078926485
3020185,271.4607295685181
3020199,31.615361827592423
3020197,0.17477334128422653
3020196,5549.059050295533
3020195,12.921761212964205
3020194,0.13790908172910354
3020193,15.096251115757916
3020192,12.890469329539954
3020191,0.706586312910694
3020190,1268.162036600162
3020189,85.70286364894628
3020188,237.0610923509027
3020187,9.659712468495494
3020198,801.624091925994
3019599,6.438133713436904
3019598,2.656772140026317
3019597,0.2589620187851922
3019010,135.82954627482306
3019009,0.015155452192430769
3019008,1498.4195456571917
3019007,3.6948281258802744
3019006,0.10023945823504743
3019005,3.410242297323837
3019004,8.018834743466298
3019003,12.256474281482081
3019002,893.7239223409681
3019001,60.49705918090958
3019000,355.4360306067682
3018999,5.650228179604488
3018998,1.3458606455043207
3018997,365.7454581513375
3018996,253.8419652726914
3018995,1.8337312085325808
3018994,45.08415663435308
3018993,8.04597956535072
3018992,0.5725742287388504
3018991,2.7195513169736953
3018990,335.7318306601354
3018989,0.2460664957372792
3018988,22.07883440828422
3019011,4.878117482686614
3019012,500.73621087551305
3019013,276.4040320783058
3019014,124.18626463172183
3019038,6.616680468279952
3019037,6.929147950428878
3019036,22.373215367612527
3019035,390.9644666636715
3019034,6.186080152819765
3019033,31.264388106733534
3019032,5.012744649929743
3019031,3.364385972728643
3019030,97.67376546887324
3019029,4.906610759573846
3019028,2.1630076036265105
3018987,22.018994122693666
3019027,36.93449673420016
3019025,3.4915559805011567
3019024,3.8082748016460046
3019023,58.344302917815455
3019022,0.24275481206378866
3019021,11.808674748041229
3019020,13.269919755734197
3019019,0.834960143472981
3019018,5.990394402304342
3019017,2500.8184422192126
3019016,57.78269328850088
3019015,55.92661470096515
3019026,2.328117702054826
3018986,0.8171900992703638
3018985,8.900792813972682
3018984,4541.703517929396
3018955,10.878986011459109
3018954,14.740503249344012
3018953,0.47046909571113393
3018952,4.018608584851219
3018951,2597.675260887409
3018950,61.93988002337151
3018949,111.33991577879944
3018948,176.9294887782082
3018947,299.875890313135
3018946,840.6846398917614
3018945,6.044496828957318
3018956,0.1545628399040041
3018944,193.07273150064157
3018942,1671.6330147225333
3018941,0.6614262628607219
3018940,0.08671403554124293
3018939,4.872134392307936
3018938,4.662607046303866
3018937,7.131736942208375
3018936,506.10749358156824
3018935,43.58267545819284
3018934,139.34953967817265
3018933,4.603178930417374
3018932,1.0627505461088962
3018943,0.009403750350111172
3019039,0.1707813554538271
3018957,219.1496168097915
3018959,0.19772161700438598
3018983,134.79172168724918
3018982,163.74306868220785
3018981,414.50490447243396
3018980,690.276582108007
3018979,1362.6795663989997
3018978,8.413512562692677
3018977,384.0255609091473
3018976,0.10825354184991814
3018975,3487.5926654532755
3018974,2.415311854993221
3018973,0.16295402924456248
3018958,0.7815390130033564
3018972,6.468840196043489
3018970,0.2172213848942332
3018969,269.76975112183095
3018968,40.90244445444402
3018967,122.63421294186176
3018966,3.867331513748601
3018965,0.8283707211331146
3018964,198.7302566441772
3018963,117.46579200999386
3018962,1.2224086826737741
3018961,50.068311958116404
3018960,3.14172391044396
3018971,1.6607157713274727
3019040,2.642039980814394
3019041,2473.023670131693
3019042,0.09381917450043567
3019122,403.6085624294819
3019121,0.2802496346654415
3019120,25.288140427918222
3019119,26.42776718130415
3019118,0.9227943226591961
3019117,13.739616312304232
3019116,5484.0931433601145
3019115,137.50314039910498
3019114,171.7495769052181
3019113,484.1144043624511
3019112,952.8396770094749
3019123,9.222595556687974
3019111,1642.2006791451167
3019109,674.8048381361947
3019108,0.053156610524756606
3019107,4000.3445198104005
3019106,6.979023628301597
3019105,0.255282967202217
3019104,8.920802349836704
3019103,39.354479849012066
3019102,0.6597909925561178
3019101,3508.2136191076215
3019100,130.07187501395643
3019099,615.142943074728
3019110,11.836110199753461
3019098,14.758170312427296
3019124,5.537968811934791
3019126,87.49748712055198
3019150,9.123143164338485
3019149,4113.240111336603
3019148,102.44242775094735
3019147,200.76674620181097
3019146,340.22749185749797
3019145,676.1546429646374
3019144,1214.7972079717672
3019143,10.458628482745686
3019142,516.217234649755
3019141,0.11992198116364458
3019140,2672.879553998059
3019125,7.309852573386138
3019139,5.407283754392892
3019137,8.936770020789192
3019136,16.353535456104602
3019135,13.552531356253452
3019134,1439.5948952383737
3019133,70.26922210179286
3019132,381.7915182951501
3019131,9.553202348774777
3019130,4.616623943873191
3019129,454.168078121431
3019128,237.35902767296795
3019127,3.552707309092158
3019138,0.2479671742130839
3018931,206.58303712141017
3019097,12.304126819015904
3019095,543.4221069564669
3019066,160.7780007048733
3019065,5.5039636462014
3019064,1.116102728580855
3019063,244.6970953925219
3019062,171.43661553202924
3019061,1.6921701413488854
3019060,46.22624197512155
3019059,4.434044473976134
3019058,0.3360774096770692
3019057,4.200988621229318
3019056,247.9427642902372
3019067,48.33868194437759
3019055,0.21224908444936286
3019053,21.837533640916245
3019052,0.8479325986791173
3019051,8.244623079330792
3019050,3754.9733595609414
3019049,82.42259185867462
3019048,85.79270549769866
3019047,303.9882278305833
3019046,457.07814057483887
3019045,1106.120886918795
3019044,8.385848432538761
3019043,228.98867559142968
3019054,14.71039842215577
3019096,340.1162075568279
3019068,402.91791348859766
3019070,5.037584371854113
3019094,9.880798391688684
3019093,174.4157954482667
3019092,10.575367783711904
3019091,23.19238323207435
3019090,26.53538979146315
3019089,302.4928805234592
3019088,0.43043350912572426
3019087,31.342924263748863
3019086,30.232741117652008
3019085,1.5880179418441664
3019084,35.156974909807886
3019069,7.2560020738513025
3019083,4936.338641563356
3019081,262.9122905535961
3019080,327.7862075053788
3019079,1229.069438302268
3019078,1275.012917845798
3019077,18.338273906001206
3019076,680.6419438429389
3019075,0.12513324179204213
3019074,4074.1973531037306
3019073,8.079137147298894
3019072,0.12518252492427198
3019071,6.861983737264225
3019082,195.65673669188564
3019151,0.9203360795020439
3018930,151.54558420283186
3018928,51.715883105480266
3018787,21.143442918971964
3018786,6673.359633671415
3018785,167.57160506000932
3018784,202.81304731651787
3018783,522.021591646473
3018782,864.5707027730391
3018781,2036.7267636928823
3018780,15.252914021468232
3018779,705.1229062213097
3018778,0.12326762574438922
3018777,4444.950800935323
3018776,6.71659452886035
3018775,0.20355267327345591
3018774,10.549854380630189
3018773,3.7466560937619215
3018772,9.223499029776884
3018771,255.91385493512468
3018770,23.94601338606003
3018769,174.42516638251726
3018768,4.371988500277197
3018767,0.8776881831206513
3018766,193.5898974936934
3018765,166.18579373749748
3018788,1.1068619777452313
3018789,37.62472212562779
3018790,31.40031256574627
3018791,0.373057432032579
3018815,372.0497689584348
3018814,802.1356375641275
3018813,7.192356484024165
3018812,181.62694243688682
3018811,0.046885432939607175
3018810,1844.0448224255458
3018809,0.963139007029298
3018808,0.1085697740886296
3018807,5.088652169352564
3018806,13.257171735578961
3018805,24.738313371809316
3018764,1.0350166804105143
3018804,1499.5548537822215
3018802,430.99137861583847
3018801,10.941069301614101
3018800,3.4723436996060677
3018799,509.29211820048545
3018798,456.3596007228893
3018797,3.4056091273804414
3018796,90.50575700166736
3018795,8.287837190419285
3018794,3.643415947557176
3018793,10.54006939029525
3018792,449.7299383400117
3018803,88.7888926659458
3018763,19.445854500956678
3018762,2.4444045896903273
3018761,0.19608745598256616
3018732,223.7867058085486
3018731,7.259039184667756
3018730,148.5333206194234
3018729,4.451283066770594
3018728,16.389501122288245
3018727,15.181600909947623
3018726,192.20928043641305
3018725,0.3545203554422364
3018724,21.703813783459374
3018723,21.02226851578015
3018722,1.1844491186165769
3018733,162.59237841488098
3018721,21.326915280995948
3018719,100.64634163920324
3018718,122.05743894935306
3018717,155.45484057332112
3018716,697.4267461080694
3018715,720.8190114680115
3018714,12.634684660823286
3018713,300.6102152872324
3018712,0.12020146422189887
3018711,2477.7810157808835
3018710,4.521213695134042
3018709,0.120250531332206
3018720,2809.7726685449607
3018816,200.43793168651297
3018734,8.715029286723116
3018736,244.0327544202697
3018760,2.9263756260627543
3018759,196.4736265007767
3018758,0.1810927509209014
3018757,9.583918362578528
3018756,11.294707853198402
3018755,0.6089220634439476
3018754,4.619061918768703
3018753,3057.4652317770106
3018752,61.547531822727244
3018751,49.43099622323535
3018750,225.82544522533107
3018735,9.501361430628199
3018749,314.78368107703324
3018747,5.441337073793672
3018746,143.32764976713173
3018745,0.03195444396206254
3018744,1590.315259705801
3018743,1.0551067226664261
3018742,0.11638002588504683
3018741,4.073771709348216
3018740,25.745417361994544
3018739,0.3181289340992481
3018738,1580.2757013066666
3018737,83.16860401304044
3018748,902.5729940565866
3018817,66.474620270741
3018818,71.89666521676165
3018819,2852.7206162366365
3018899,0.7782242156792707
3018898,246.22803464966628
3018897,178.74573300736378
3018896,1.4120939430682613
3018895,38.93784815912045
3018894,3.6581095833567954
3018893,0.16652651829474335
3018892,0.9401145879870969
3018891,253.3096155970925
3018890,0.14439883710263718
3018889,19.709647262554505
3018900,4.11531023710082
3018888,19.202318707186524
3018886,5.450304417395238
3018885,2788.1929632515153
3018884,72.94047795221516
3018883,60.65797670707735
3018882,222.32669279587722
3018881,392.9038972318738
3018880,968.8737828573697
3018879,6.9270297316993386
3018878,193.13560427344004
3018877,0.03065343512940571
3018876,1710.2454969192179
3018887,0.5676723535011723
3018875,1.9902572056420569
3018901,123.55148077784338
3018903,429.2571851749897
3018927,3.623831095725622
3018926,0.2827224951296369
3018925,3.931169588484817
3018924,236.74356431345993
3018923,0.19955068212503246
3018922,19.880336455545986
3018921,21.1789151427564
3018920,0.7259377077591929
3018919,7.725844912720202
3018918,3229.5926731120117
3018917,76.37254080577344
3018902,51.32416159578949
3018916,82.71511856553636
3018914,360.1795891156894
3018913,905.5657068903548
3018912,7.228164383146636
3018911,196.99627594945534
3018910,0.08674622984349284
3018909,2004.1422008595675
3018908,1.1557578640974366
3018907,0.18713519512195415
3018906,4.968779864478891
3018905,4.4157424003106565
3018904,7.389845503202379
3018915,254.51007129067602
3018929,1.3958925613890463
3018874,0.07236949224777446
3018872,3.9803217188404574
3018843,1835.8169740727292
3018842,1.8851807754210395
3018841,0.10057509964770785
3018840,5.018075540494249
3018839,4.203445739664845
3018838,6.518876654885465
3018837,285.33826426024876
3018836,36.55734649223116
3018835,135.24968297378544
3018834,4.223605661900407
3018833,0.9086322412627172
3018844,0.048391028461818475
3018832,201.54107786330124
3018830,1.1748063093381762
3018829,63.035890140698655
3018828,6.499801349790239
3018827,0.17227679215430586
3018826,1.8619913098000498
3018825,199.73408561529794
3018824,0.15952833128485194
3018823,16.991627869552147
3018822,18.27741173823821
3018821,0.6436978362550358
3018820,5.656697418547959
3018831,136.98943252640186
3018873,4.725930533013092
3018845,178.73624690164286
3018847,806.2083085844592
3018871,7.374099639703898
3018870,273.57796796379125
3018869,35.38224206147123
3018868,132.5071365598197
3018867,4.118460602746236
3018866,0.8702137114386044
3018865,206.6328702415735
3018864,135.38992762861741
3018863,1.1310300075181359
3018862,43.06252800781225
3018861,3.327781312514966
3018846,7.02745395062516
3018860,0.17396272132432378
3018858,201.76965484062185
3018857,0.1611959260459688
3018856,11.285859061765791
3018855,17.960206712360247
3018854,0.6318439778987504
3018853,5.586899453777685
3018852,2821.9361668489387
3018851,70.74282634794804
3018850,64.38300388210901
3018849,195.30290082234592
3018848,349.01880304069823
3018859,1.954621430394921
3019152,31.01142832496712
3018708,3.7761739132900543
3019154,0.35784670004911573
3019456,395.6219065241019
3019455,27.104993669400937
3019454,53.905309284791535
3019453,45.013326597360496
3019452,551.1183755143389
3019451,1.3803714044024478
3019450,61.532467452788204
3019449,56.57100673121676
3019448,3.2294564494432656
3019447,94.57099291021098
3019446,8438.979056877088
3019445,511.76051853022614
3019444,599.3488151567211
3019443,516.4597652100855
3019442,2557.093098812463
3019441,2207.7963685001714
3019440,38.001238679115424
3019439,1334.893725572082
3019438,0.36825113305455226
3019437,8677.847867605858
3019436,15.035445629531615
3019435,0.3878833152906162
3019434,12.06095792794054
3019457,20.01741886151162
3019458,962.5133167766617
3019459,624.2273178617492
3019460,21.12611887179626
3019484,0.14487116866119887
3019483,7.720645308865707
3019482,13.635831542274975
3019481,0.4298250606855662
3019480,2.8572068182604067
3019479,1744.1303184104643
3019478,55.75848800935926
3019477,103.76735599783713
3019476,121.54954025972461
3019475,225.05069458143447
3019474,554.2743923672468
3019433,6.284839524083414
3019473,4.650453980962373
3019471,0.0
3019470,1288.7783093172584
3019469,0.4558060103019712
3019468,0.016786513825925737
3019467,3.088216711540122
3019466,113.98391633942417
3019465,1.3281251712385331
3019464,9140.959359519693
3019463,409.19597137535766
3019462,1401.4740954677927
3019461,29.513288922553887
3019472,140.12877942574198
3019432,1.359759089400229
3019431,1261.3243093740464
3019430,67.27124875421327
3019401,6.354106696356146
3019400,7.180800290049916
3019399,1.4631234487313929
3019398,1082.1994444631052
3019397,71.1477450431502
3019396,264.4140958227696
3019395,6.19908680184727
3019394,3.668199549806582
3019393,349.31122559369584
3019392,183.90221554980758
3019391,2.089190067568848
3019402,0.18088348830339177
3019390,162.96031296748012
3019388,3.5342957270451363
3019387,0.8365340893338455
3019386,321.25029111754026
3019385,0.36494181684211924
3019384,24.447881287142046
3019383,30.846505879079523
3019382,1.072080262412852
3019381,8.05419998292868
3019380,4879.699438245675
3019379,135.5337936748491
3019378,213.74496073134253
3019389,5.174589053277029
3019153,27.4049955145567
3019403,1.6350589139713363
3019405,0.1290321063559767
3019429,235.46617864232965
3019428,5.855980102422253
3019427,3.6287566311723323
3019426,290.1273158514918
3019425,155.21344713991036
3019424,2.308427380321358
3019423,143.1340130365794
3019422,3.933008328302635
3019421,3.2221320814784082
3019420,0.69135077784006
3019419,284.3151011482746
3019404,2884.2959231498344
3019418,0.3671163504943118
3019416,27.218639511066424
3019415,0.9395807046195477
3019414,6.943940491128989
3019413,3787.6100020830295
3019412,121.9827878488676
3019411,175.0991115100999
3019410,280.2874239265123
3019409,698.1723662776377
3019408,986.45647724597
3019407,9.86455500557273
3019406,601.9675016499182
3019417,23.50126434303627
3019486,0.5526996370110495
3019487,0.2457316494691077
3019488,2.413368076273766
3019568,0.8875978668693549
3019567,0.13312597335571855
3019566,6.770804429639689
3019565,1.7504330844701945
3019564,0.16112152014005096
3019563,234.40518154734465
3019562,17.5052973822063
3019561,77.16613583390432
3019560,2.280563359338992
3019559,0.6968551512422407
3019558,113.93704716495488
3019569,2143.67707313551
3019557,74.65903285247059
3019555,55.9054930821627
3019554,1.9205018344992446
3019553,0.14297490948411928
3019552,0.36455101995971
3019551,118.66819414170044
3019550,0.10761796774165228
3019549,5.769217639081732
3019548,9.0173735634935
3019547,0.3875657344231765
3019546,2.067976947301709
3019545,1695.8375962905843
3019556,0.7281301685873529
3019544,42.45745438183925
3019570,0.07032494915997535
3019572,7.036097859744448
3019596,772.012748431057
3019595,50.33498207104273
3019594,203.38728188784225
3019593,4.47639246418292
3019592,0.989929601149331
3019591,282.3475492600827
3019590,226.1294378425634
3019589,1.308464569038669
3019588,68.56224592278826
3019587,6.269633312227349
3019586,0.21036916564866015
3019571,298.848769193318
3019585,0.7042924932443047
3019583,0.19810239294691637
3019582,12.832151464493068
3019581,28.97467708333834
3019580,0.773192614410815
3019579,4.405449805636272
3019578,3533.261363451745
3019577,97.08719166052202
3019576,172.98727520792656
3019575,253.2079929125977
3019574,470.8948439109196
3019573,1137.173322206749
3019584,246.69944574920174
3019377,347.53720698105207
3019543,109.42709279260589
3019541,191.23408044189293
3019512,4867.6912405637895
3019511,126.0271766284699
3019510,262.47461754226464
3019509,346.9220570510796
3019508,767.7791510204361
3019507,1602.2993581282333
3019506,10.810881750776252
3019505,568.8504313199101
3019504,0.0908552378010888
3019503,3404.906640486496
3019502,3.4386604534935863
3019513,9.89783029101756
3019501,0.16937948806127892
3019499,2.4127111601588918
3019498,0.20017423916552973
3019497,309.4035533839275
3019496,25.275055418743676
3019495,95.08923536409844
3019494,2.9210130785978854
3019493,0.9336290912143785
3019492,116.33789474616158
3019491,87.02057552506871
3019490,0.9569910826989909
3019489,49.22962091161764
3019500,8.951314618670551
3019542,100.8670101388641
3019514,0.8501940469636557
3019516,22.595848264921475
3019540,516.4472422582777
3019539,4.130923029280973
3019538,111.51120768282071
3019537,0.0
3019536,988.9900271335641
3019535,0.27561597474549165
3019534,0.0
3019533,2.4025406874780573
3019532,6.088734510241151
3019531,1.2005812044493118
3019530,1383.1666508778649
3019515,27.551197152236277
3019529,88.02424490473481
3019527,8.320386029704313
3019526,3.1776626747262506
3019525,371.51305658190853
3019524,278.3191431047297
3019523,2.6527070048206727
3019522,64.00750791151374
3019521,7.584304055928616
3019520,3.0010598595163023
3019519,3.2282413749003416
3019518,306.17293995187464
3019517,0.3237403126256653
3019528,219.68659417649513
3019376,862.7350963110349
3019485,121.11895477349033
3019374,11.278436213233546
3019233,967.6785034814344
3019232,43.3676280881489
3019231,307.57262834088556
3019230,6.798817184240464
3019229,4.724376629678616
3019228,188.63975404602698
3019227,365.9593198977689
3019226,4.6006524454212085
3019225,107.3800392543715
3019224,3.261711717879554
3019223,4.5223407513438465
3019222,9.582097885828924
3019221,150.36510934344412
3019220,0.19780424691743081
3019219,19.312815867730457
3019218,14.391057868440033
3019217,0.7374630505450781
3019216,21.123763668989433
3019215,2512.224274440352
3019214,76.47933369583012
3019213,76.50840175400091
3019212,168.90052603842108
3019211,511.80432634172996
3019234,0.5578560261495717
3019235,11.570709411549249
3019236,5.0097797028611994
3019237,0.0704031303154371
3019261,329.05650038511715
3019260,323.3090070228508
3019259,9.855297728779007
3019258,249.13270105336704
3019257,8.410821920174358
3019256,24.703819509202866
3019255,9.170035464724469
3019254,289.19720223829444
3019253,0.3012406510949094
3019252,39.68363464823237
3019251,30.897622386731268
3019209,14.677050741512886
3019250,1.4671324956456866
3019248,4037.688579692659
3019247,144.50942599836705
3019246,185.20460582260182
3019245,299.55054308203916
3019244,1283.4617893551892
3019243,1020.102435445865
3019242,17.719731686485915
3019241,854.907806962399
3019240,0.16499160499528726
3019239,3912.5366231339126
3019238,7.981424112749535
3019249,27.002822482891983
3019208,315.06275953092955
3019207,0.05835918676888352
3019206,1807.6380697201366
3019177,774.9519224499336
3019176,6.205432211499968
3019175,189.79786107390743
3019174,0.11490885528345102
3019173,1578.3469228149502
3019172,0.9445724454951305
3019171,0.1819220339592123
3019170,4.335010742832726
3019169,7.304805130974442
3019168,1.1103107781112596
3019167,1299.5109647807117
3019178,270.06723026263813
3019166,99.5085958795992
3019164,7.786498681961625
3019163,2.8970749927973354
3019162,343.41531117107627
3019161,189.41662151627736
3019160,2.8510620329464564
3019159,87.70956611907346
3019158,6.80976320297526
3019157,2.5683144873516426
3019156,4.033151700819192
3019155,313.9832223041383
3019375,1262.127533166458
3019165,214.67986013577428
3019262,13.270130121999529
3019179,165.19355042222998
3019181,73.83029853869694
3019205,2.6929548429254417
3019204,0.07121394704261765
3019203,4.774266085744115
3019202,1.1037352745958549
3019201,15.83861939694128
3019200,489.25802003160265
3019199,26.008280810595124
3019198,54.796395227542455
3019197,4.186628859581931
3019196,1.1448848328277168
3019195,175.63368533478362
3019180,96.81019059506065
3019194,49.36347294946063
3019192,53.45263704501876
3019191,3.1272256242777248
3019190,0.6116021061627315
3019189,1.0943758672457808
3019188,177.15096216993416
3019187,0.2533436925712407
3019186,10.313627842768097
3019185,23.456574910958985
3019184,0.6968168940898487
3019183,4.267619238023646
3019182,2096.2641324734996
3019193,1.9779865320815184
3019263,11.050445084798568
3019210,576.7313557435333
3019265,124.2489581277081
3019345,251.42320807774948
3019344,323.17330387806874
3019343,1162.442749947159
3019342,1044.5216223695595
3019341,18.022470511409423
3019340,728.4896075774947
3019339,0.1310273510107571
3019338,3881.0781329409638
3019337,6.035384052228525
3019336,0.12593394004123337
3019335,6.655115542819725
3019346,166.25017452559166
3019334,3.7173706872215444
3019332,581.4092685788034
3019331,22.559914216182637
3019330,159.58368421279673
3019329,4.250617815281644
3019328,3.7640679206330905
3019327,141.69184850127667
3019326,167.97989611197795
3019325,2.686026213679661
3019324,69.48502418325903
3019323,2.511144110417512
3019322,4.455117444128458
3019333,0.5386640392373243
3019321,2.646510242512171
3019347,3949.900029348903
3019349,1.756028438325969
3019264,450.77145641415535
3019372,0.13149198200920237
3019371,3636.1067014525856
3019370,1.944239900718371
3019369,0.20412558642178405
3019368,8.11411796217288
3019367,27.05089520400136
3019366,0.7669664064976403
3019365,3380.408625497949
3019364,105.59888829382936
3019363,496.21325194864795
3019348,30.94364754147205
3019362,11.9332928485139
3019360,303.7777674534844
3019359,381.4241217691552
3019358,7.950918405833773
3019357,285.75393205507373
3019356,7.165599059351576
3019355,30.01069577534246
3019354,10.925271343483434
3019353,244.45753084594742
3019352,0.3478546496001334
3019351,32.76262041924748
3019350,28.274994360125703
3019361,11.532200930412566
3019320,97.87506351500076
3019373,727.3434314851291
3019318,8.728869176618376
3019289,11.044756340167458
3019288,1.1688286582552068
3019287,74.17307752014734
3019286,0.1993258593857735
3019285,11.452894829579453
3019284,8.531401994396406
3019283,0.8337962260203371
3019282,7.544402149549407
3019281,1648.3538113180778
3019280,17.83154563236699
3019279,36.09501944275161
3019290,3.2513759220674743
3019278,73.0190193386462
3019276,468.0529692967595
3019275,4.795504283411084
3019274,158.892028794342
3019273,0.0
3019272,1085.2391125050585
3019271,1.9464758134142444
3019270,0.06655733047671386
3019269,2.7887791460975127
3019268,33.807800147450294
3019267,0.7575290063115967
3019319,0.23225882221768893
3019277,404.8003971130158
3019291,191.29424131314164
3019266,3671.5342010766785
3019293,29.111280282693723
3019292,3.852067570238791
3019317,12.843462588303979
3019316,0.7099321631091458
3019315,6.181542237001238
3019314,1725.467244623532
3019313,41.482763160745115
3019312,56.738895925949556
3019310,332.5916645240102
3019309,457.1857888414215
3019308,9.375338499414026
3019307,253.09242638919739
3019306,0.030831453724131097
3019311,98.08525427070968
3019304,1.698583751677297
3019303,0.025127092098804368
3019302,3.807561771210385
3019301,6.768978058174097
3019294,104.49754851536133
3019300,0.5068812901761242
3019299,141.09646113868894
3019298,13.908964844892298
3019297,32.045012082211954
3019296,5.453587103955107
3019295,4.013514365232789
3019305,1314.5236002254164
3021676,0.8175028947283092
3021677,10.840134146428952
3021678,6.0891509385607065
3021679,0.13557690404819842
3021684,12.29555322401783
3021681,3020.7630782192523
3021682,0.17232915987414116
3021683,658.9131944741615
3021675,1899.6461289459191
3021680,6.896371019234834
3021674,77.71319882261785
3021662,0.39549431919767986
3021672,14.650586840262934
3021671,10.02886921694071
3021670,384.84868147222056
3021669,259.6951010574739
3021668,9.123599978833552
3021667,60.345880493424524
3021666,7.395379190496373
3021665,16.05846298063179
3021664,14.702120751475892
3021663,308.59367913650874
3021712,0.12871621150218573
3021673,284.2052778696197
3021685,1032.2456693683205
3021698,22.658195104951993
3021687,234.94062388030588
3021661,35.63058213930305
3021711,5.848059176143337
3021710,16.475048986412958
3021709,0.7594285902316162
3021708,1738.567968270992
3021707,88.64250879270249
3021706,148.17888082662105
3021705,12.412825124506687
3021704,10.99282394428177
3021703,281.35988434367334
3021702,127.38870840814448
3021686,818.8428912295913
3021701,9.484358462991581
3021699,4.7275744637800345
3021697,19.766015886922776
3021696,255.23932856593075
3021695,0.3496445800138917
3021694,25.033567722642623
3021693,20.380034648912197
3021692,1.3191506257591583
3021691,24.642688861251642
3021690,3497.063109150237
3021689,102.39308499203082
3021688,107.34001211573701
3021700,69.05111000159206
3021660,31.674646926194754
3021633,6.692959738015034
3021658,23.91365960456553
3021628,27.74339830694391
3021627,31.187785641215342
3021626,1.0009416376745204
3021625,9.956235789508904
3021624,4933.719044319141
3021623,76.96815181235118
3021622,195.1291463268764
3021621,311.5549694541457
3021620,617.5999529120585
3021619,1579.7729118274676
3021618,7.094447078975383
3021629,0.2531564451195701
3021617,449.76827878650835
3021615,3319.606713028334
3021614,1.369854648198153
3021613,0.1737047888121483
3021612,6.592584576813097
3021611,38.136247452815724
3021610,0.6560094749287928
3021609,3354.8204672223505
3021608,116.57400878393975
3021607,638.5996648354893
3021606,14.486628015654897
3021713,2.7692173943555627
3021616,0.11152321858475336
3021659,1.3478979948616705
3021630,341.9007875831777
3021632,0.6259308349514492
3021657,4712.347565088931
3021656,103.86833797077794
3021655,155.65131048987288
3021654,306.9386013939702
3021653,917.3456939474405
3021652,1404.797979255728
3021651,14.98255168220892
3021650,645.8733708793814
3021649,0.16854519257687417
3021648,3325.9220656494567
3021647,8.831167873290372
3021631,1.504866435030614
3021646,0.19850367048601283
3021644,2.971982740109503
3021643,0.33225839931938345
3021642,950.6880312696553
3021641,63.49982256277258
3021640,186.32291146985992
3021639,6.163499219891236
3021638,1.3848307187382232
3021637,381.3941928062993
3021636,177.14064175682245
3021635,1.699104190565142
3021634,37.96200066632211
3021645,7.608413252290026
3021714,4862.710931596048
3021824,1.9019605909270334
3021716,590.3060129504221
3021795,832.325080396725
3021794,1.152260657617632
3021793,87.63021126528665
3021792,69.86240987842868
3021791,2.017343839310898
3021790,99.0281826739784
3021789,13192.907610746446
3021788,470.3057723276567
3021787,656.7185462954335
3021786,999.822397214562
3021785,3225.018660111868
3021784,3373.9413039557435
3021783,28.589964898272036
3021782,1859.3864574641868
3021781,0.23709068993558396
3021780,12732.175614995329
3021779,23.111677839430232
3021778,0.22250730724552223
3021777,22.422179422649368
3021776,156.62045728384166
3021775,170.26092003241675
3021774,14809.396894495296
3021773,536.5439039852656
3021796,50.99054851404131
3021797,36.0649804125137
3021798,13.396277056563902
3021799,194.44656707495514
3021823,68.49499031479172
3021822,12141.774393630052
3021821,343.7874263617434
3021820,382.7864435719833
3021819,1056.1392069353494
3021818,2578.7557900778334
3021817,3179.9066813064414
3021816,24.95069532447576
3021815,1367.9399831703668
3021814,0.19942558375098174
3021813,9671.62379917614
3021772,1967.7599722938432
3021812,23.75611432761404
3021810,20.099664457660264
3021809,118.94424558106742
3021808,147.73734027194655
3021807,9798.798719693648
3021806,410.1018200611634
3021805,1793.1691226982975
3021804,48.03083107521356
3021803,30.523872645763532
3021802,1010.7225351463749
3021801,1434.3037878931364
3021800,16.61064121517625
3021811,0.16928462371076072
3021771,55.9724465895
3021770,35.837052221185665
3021769,1005.9039954562339
3021740,66.52446529962884
3021739,183.15898023205125
3021738,5.52668752324834
3021737,2.393823408869315
3021736,337.639152864899
3021735,195.0441512455781
3021734,2.326139616345046
3021733,53.9568970380668
3021732,2.9374278333313173
3021731,2.3002673875855475
3021730,0.6906875600533993
3021741,1284.7697967219292
3021729,294.92562892178086
3021727,20.927453825178322
3021726,23.559127753943677
3021725,0.8569146848557121
3021724,8.281430448844262
3021723,5483.328435035159
3021722,57.28095149285371
3021721,183.76670031567764
3021720,309.55913791197014
3021719,716.5008892009181
3021718,1446.088397573727
3021717,7.614218058273941
3021728,0.23327174668352196
3021715,0.076446558517678
3021742,1.0414859959778968
3021744,26.237265802288025
3021768,1372.52612104329
3021767,21.03787781460719
3021766,270.37726383303146
3021765,30.008498922018827
3021764,36.97907973334142
3021763,53.50307038317665
3021762,822.6314696738845
3021761,1.5149230549499992
3021760,104.29780788771137
3021759,106.73446871821373
3021758,3.317991703689282
3021743,1.2062117514189237
3021757,108.59195473124217
3021755,574.6997354258185
3021754,866.6455912454518
3021753,956.5237001138265
3021752,4007.231728661628
3021751,3656.281825495362
3021750,31.60286231222375
3021749,2157.4627312930384
3021748,0.27969020726628174
3021747,15355.394810758817
3021746,25.142450760327165
3021745,0.270001051607139
3021756,14926.959045828213
3021605,11.955604887143016
3021383,3.3398116649654757
3021603,518.6124163125842
3021462,18.911244497655815
3021461,0.7497105751238522
3021460,9.617033856642227
3021459,4070.8694670748946
3021458,82.86815413844384
3021457,182.20390792312668
3021456,273.2327465385887
3021455,681.405253785815
3021454,1080.08282655263
3021453,7.617653187983667
3021452,613.4038780739285
3021463,20.636252496610734
3021451,0.05925079263590806
3021449,1.3909175281735395
3021448,0.10244129572373468
3021447,5.5451849158471465
3021446,0.4933012075648831
3021445,0.23629774157731542
3021444,243.9967923870538
3021443,28.039474760065165
3021442,64.87176137289853
3021441,2.183601767728366
3021440,0.7112872427612333
3021439,132.37677427089662
3021450,3237.4531312442336
3021438,89.61855784894021
3021464,0.2714011016898935
3021466,0.5861699898890667
3021490,161.02529052250583
3021489,233.40096567855136
3021488,911.6433425676131
3021487,1129.8428348589227
3021486,13.131255065328327
3021485,703.3761606887381
3021484,0.16685840130851665
3021483,3509.669612518979
3021482,7.695027632181999
3021481,0.14335665284584717
3021480,6.0446071097276635
3021465,267.454023994581
3021479,1.518379094323553
3021477,1253.7318104502226
3021476,64.32100905005701
3021475,147.49500922961684
3021474,5.5066645465063955
3021473,3.2867796833805123
3021472,320.43766518463696
3021471,191.03499522129258
3021470,2.0418808054738573
3021469,54.025405992402774
3021468,3.5046604029135997
3021467,5.663628633208887
3021478,1.0830998544046677
3021491,133.0025509411796
3021437,0.878866358715714
3021435,1.5948815658594326
3021406,344.64254899270156
3021405,182.3458543212835
3021404,2.6020827563639637
3021403,47.394277136531734
3021402,6.215599145077903
3021401,3.837814783438975
3021400,4.229715306514557
3021399,283.83078079735014
3021398,0.38107288971328673
3021397,19.752886453325573
3021396,21.13348371143795
3021407,3.769880774676766
3021395,1.2261338468298901
3021393,4361.76338430306
3021392,78.9035009366262
3021391,171.23831714644368
3021390,273.91034610988254
3021389,738.0517924384875
3021388,1143.2145872882727
3021387,8.195333917543948
3021386,672.6630096371098
3021385,0.10423883221816936
3021384,3006.991023216867
3021825,54.86546465249845
3021394,10.061521372096916
3021436,28.804024271068606
3021408,6.870614103909562
3021410,53.61797620157087
3021434,0.1685937720721155
3021433,0.2994791446702104
3021432,128.48104069088552
3021431,0.12412345275035337
3021430,11.198362296749966
3021429,6.480676330229031
3021428,0.4738878750744944
3021427,5.073616744432484
3021426,2048.3299623445964
3021425,37.316402156874084
3021424,103.23409006758091
3021409,199.31619527873232
3021423,101.30529923036747
3021421,592.0332460539769
3021420,3.0364968203128555
3021419,159.90129077342155
3021418,0.012943019254258382
3021417,1386.8604253613141
3021416,0.4319664370732767
3021415,0.040867750566351585
3021414,3.1117511192450946
3021413,4.350129435137828
3021412,1.5318310971777236
3021411,449.0729003074478
3021422,214.6882329768232
3021604,346.2535430761284
3021492,4449.5520110079
3021494,1.7531123528494788
3021574,257.5657861882086
3021573,11.096767371398663
3021572,5.533665309924596
3021571,403.6023104297163
3021570,226.32026261964722
3021569,4.122152602448568
3021568,53.69485887997614
3021567,8.972511586900465
3021566,9.144838343405784
3021565,10.94099151410293
3021564,378.4156338212987
3021575,95.45159817506062
3021563,0.39022459858721514
3021561,30.77715931124713
3021560,1.3982380266080323
3021559,28.95737123488576
3021558,5806.33993220847
3021557,93.31039352772764
3021556,259.11687743669836
3021555,307.83362413623723
3021554,889.9811602506611
3021553,1642.8540411358047
3021552,10.476023893526582
3021551,833.0196040721038
3021562,24.130911441319462
3021550,0.1359429256613795
3021576,1111.8690803898653
3021578,9.964219002249797
3021602,8.818207111138662
3021601,67.38070319574223
3021600,5.191934750639057
3021599,17.668463760491615
3021598,26.75040048775274
3021597,324.9361620307644
3021596,0.4184799339205859
3021595,25.782092231952426
3021594,25.674131785166203
3021593,1.4489384043578095
3021592,25.719968802563166
3021577,17.68390446438749
3021591,4815.927178840608
3021589,255.2497442959866
3021588,324.95296200263954
3021587,1261.4785407783318
3021586,1215.9072322389156
3021585,13.181573925482677
3021584,628.8913238076998
3021583,0.15522697596874196
3021582,3975.5008910435185
3021581,6.455499364522364
3021580,0.12234069527320655
3021579,6.545192270171453
3021590,162.20467069727073
3021493,40.4615528079582
3021549,4141.411089374771
3021547,0.17106876475526978
3021518,571.8142082730839
3021517,0.10211464152130242
3021516,3222.2696275962126
3021515,9.516687836001843
3021514,0.13152502422429108
3021513,8.442524052156909
3021512,18.5705341919488
3021511,0.879342564264801
3021510,1668.0901497130128
3021509,120.77747471523817
3021508,256.9146543583152
3021519,15.350979958713427
3021507,13.614369932777414
3021505,302.1580359958705
3021504,222.484685764297
3021503,10.633463417765602
3021502,78.77860207474225
3021501,5.574809286990559
3021500,23.565769610048463
3021499,19.125380850580388
3021498,282.8090776506339
3021497,0.34632499781505993
3021496,27.65495250176039
3021495,23.704300098161447
3021506,13.654477810166606
3021548,7.187797168705099
3021520,1312.098853411553
3021522,266.37308834963505
3021546,8.225090422643175
3021545,23.29370792976697
3021544,0.864920386056673
3021543,2035.487310030154
3021542,110.01195075983966
3021541,280.94773126225715
3021540,14.982840626277214
3021539,10.507803338589513
3021538,369.7020702788268
3021537,296.2094058718804
3021536,9.617113200283953
3021521,938.8964171778515
3021535,70.42407911279047
3021533,15.174844838051524
3021532,23.920239442275435
3021531,315.3629389363288
3021530,0.3277047378689289
3021529,39.77780205859887
3021528,35.44587756614359
3021527,1.6924408575898098
3021526,26.778838768186905
3021525,4744.314515437934
3021524,142.28074231305808
3021523,194.95342360874096
3021534,7.546629647494843
3022271,16.750597414707283
3022048,1808.7039124205407
3021828,818.0724062825004
3022131,92.89666604965767
3022130,1.3513699152596494
3022129,24.576738085099468
3022128,3.504365294673539
3022127,0.22218020715359027
3022126,0.6986575516839721
3022125,252.05881433622153
3022124,0.20596703888593332
3022123,12.257802864111143
3022122,15.237366481992613
3022121,0.5903363352013375
3022120,7.426293159270632
3022119,3924.6695577151977
3022118,38.72994243004757
3022117,90.18279870485541
3022116,221.97458004343767
3022115,353.6606530766575
3022114,1354.3056511318098
3022113,4.805107337810627
3022112,292.73938965982387
3022111,0.0841332391522715
3022110,2471.6987540021423
3022109,0.6904714550727469
3022132,255.12201683652074
3022133,0.7345727518474585
3022134,3.7327165931686492
3022135,82.66050918682203
3022159,31.84518731542819
3022158,348.05159946009434
3022157,0.4448583185378414
3022156,39.47254055800656
3022155,30.392524742736132
3022154,1.4749170496854487
3022153,35.19550730316139
3022152,5781.712015273041
3022151,201.31426354190808
3022150,282.74218466315625
3022149,421.93883973759563
3022108,0.11780182314661483
3022148,1410.0030214470535
3022146,16.106790754322947
3022145,755.5466751599592
3022144,0.13845361805702935
3022143,4587.150561271699
3022142,10.273811655728675
3022141,0.14751998622642928
3022140,7.922929946511623
3022139,1.4789677729677462
3022138,0.2514776938545051
3022137,406.80132350664127
3022136,62.67914429530875
3022147,1517.0826039537976
3022107,5.9088755600721115
3022106,4.991014149332644
3022105,1.0781827253723857
3022076,7.756133025478988
3022075,0.14516921119173173
3022074,7.37116098697714
3022073,13.610013221274784
3022072,2.5849383375149184
3022071,3110.1426462654213
3022070,59.52591988943151
3022069,124.6896074059832
3022068,14.749358986697624
3022067,9.82760106031679
3022066,568.8387061144858
3022077,2856.615265884569
3022065,157.5867217271425
3022063,170.70942164657043
3022062,3.5980212825765516
3022061,28.239397587136576
3022060,4.752182792147768
3022059,380.9080306364308
3022058,0.8034432159199267
3022057,32.573002886044016
3022056,25.609540475766156
3022055,2.0586075511868875
3022054,19.33065994800039
3022053,4999.66639946357
3022064,7.423078111350096
3022160,17.574391157298297
3022078,0.2032400807990941
3022080,9.472438572079213
3022104,1500.6890913738507
3022103,151.76552014514343
3022102,322.93826347540966
3022101,8.975650894589487
3022100,6.12485030058199
3022099,360.98776500892166
3022098,307.26906280217594
3022097,5.12875117240341
3022096,91.22835573233301
3022095,4.34683230327205
3022094,6.888371664909771
3022079,677.7237075437756
3022093,5.107786252372584
3022091,0.41381969330273044
3022090,34.20637269961997
3022089,13.812743989910642
3022088,1.3625424212186892
3022087,15.68395692533133
3022086,3579.130564540903
3022085,217.62246893956402
3022084,175.69730785333633
3022083,317.08013046367563
3022082,870.0528368867882
3022081,1133.7776936328305
3022092,254.36740952991173
3022161,15.891957406962842
3022162,85.46377106259315
3022163,9.863948199078932
3022243,0.14005542290336762
3022242,4674.642392667449
3022241,9.67740531376535
3022240,0.19756915950706674
3022239,11.295277030571782
3022238,60.54236968667965
3022237,1.0426182438665723
3022236,4939.031716914142
3022235,225.85336872851542
3022234,850.1769383300425
3022233,20.235490737537003
3022244,920.682758238428
3022232,14.944309293756485
3022230,651.8603965952427
3022229,11.97720015972563
3022228,119.28476269428313
3022227,16.296991825819536
3022226,26.345163836407075
3022225,31.930130205858987
3022224,422.10903112935694
3022223,0.6102509019781952
3022222,46.53551607587727
3022221,42.62312937899683
3022220,2.3341408007308195
3022231,481.19369002430705
3022219,41.08009810517058
3022245,13.48608048717482
3022247,1241.6329677707959
3021382,0.16833768028337134
3022270,32.96288865700131
3022269,1959.85612975412
3022268,109.53701974841432
3022267,485.1283694788479
3022266,13.862667278932499
3022265,6.1701077823275154
3022264,589.0843275100561
3022263,381.7618449536234
3022262,4.441159529021245
3022261,53.18577942083148
3022246,2107.6144837304123
3022260,10.73312753073889
3022258,15.353299367985205
3022257,511.71648981984254
3022256,0.5506451415718281
3022255,41.75306284966738
3022254,32.55514150315889
3022253,1.6200448633650688
3022252,16.145609901847955
3022251,6925.081556982263
3022250,95.98948907306982
3022249,267.22016127216324
3022248,616.683234067426
3022259,7.016808896202743
3022052,48.84939602165086
3022218,6234.156098900388
3022216,387.9435032969298
3022187,1.9206527589971576
3022186,38.7462097604647
3022185,4958.301781126756
3022184,242.7066767676859
3022183,346.3984405410873
3022182,298.52921362360576
3022181,1569.6571621179307
3022180,1307.1067638071331
3022179,17.257982578935415
3022178,802.6404517066186
3022177,0.11394607889032664
3022188,29.64018206776548
3022176,4884.236716452488
3022174,0.11872927262513683
3022173,6.5584342882025295
3022172,45.33559938781738
3022171,0.7105279852880637
3022170,3852.130019218284
3022169,146.0391545899852
3022168,721.9343300226813
3022167,16.214727026142274
3022166,12.818341119884476
3022165,429.5660752926286
3022164,602.4637793513554
3022175,8.320103163068424
3022217,249.6571003703865
3022189,35.8221543668529
3022191,336.5874373474709
3022215,430.02525233375377
3022214,1757.7665463596306
3022213,1669.8993500417841
3022212,19.178604605896172
3022211,962.7839917426542
3022210,0.1731070350742379
3022209,5451.150684992116
3022208,12.208290446796012
3022207,0.18668914824169539
3022206,9.485292278380467
3022205,59.638123784257054
3022190,0.5019303119548189
3022204,0.6919512182709477
3022202,200.18789604084247
3022201,775.5750822205954
3022200,16.426884438266868
3022199,11.758961967356575
3022198,331.4609344946724
3022197,621.3899763747538
3022196,11.777571861293206
3022195,129.22177906224675
3022194,12.424480958050335
3022193,27.742490367503205
3022192,22.674805031564166
3022203,4202.745507270541
3021827,1.0546378079893186
3022051,72.18321551582049
3022049,1253.9008578198022
3021907,130.6402900827086
3021906,4342.1306018682235
3021905,197.01781491949768
3021904,1355.5326377864862
3021903,39.74855106004253
3021902,25.188945290201428
3021901,1018.1624967768626
3021900,1223.5605953149602
3021899,11.069574819190379
3021898,126.27274428104897
3021897,11.060426512434352
3021896,18.788051119724216
3021895,47.618182837855
3021894,785.9568017537521
3021893,0.858623259056958
3021892,60.92198977394294
3021891,57.87153345443969
3021890,1.491752031772081
3021889,60.74546923813246
3021888,11380.181069225606
3021887,278.1424958953112
3021886,295.3555366600185
3021885,955.8693811724969
3021908,51.11529361537889
3021909,17.308068698046018
3021910,0.1848367118704245
3021911,19.36690674014409
3021935,26.11934815941842
3021934,798.8711104324401
3021933,1075.445463526453
3021932,16.33783565449474
3021931,181.528659992556
3021930,17.75945198322172
3021929,35.66529687400933
3021928,42.673330496541666
3021927,721.8227752602097
3021926,0.9194897781451818
3021925,70.22372121991769
3021884,2245.952560901549
3021924,70.06877207841332
3021922,83.21513899976449
3021921,10496.305920443721
3021920,393.065881090543
3021919,582.6269274480322
3021918,758.2871340295982
3021917,2771.3875310090166
3021916,2795.4494190169507
3021915,27.56149245657916
3021914,1650.822904277091
3021913,0.2431087606437275
3021912,10916.705627437525
3021923,1.9668850982571513
3021883,2991.059755033371
3021882,25.239663904975444
3021881,1176.785714956914
3021852,1020.2448590914968
3021851,3016.1157395124355
3021850,3263.866788049623
3021849,27.295744942271373
3021848,1760.7428595827582
3021847,0.2947467739312051
3021846,11542.55834415693
3021845,25.499459886009124
3021844,0.19728418187664468
3021843,21.396784375117512
3021842,80.06730036938433
3021853,525.7853745846037
3021841,134.81866662065167
3021839,255.10256982829867
3021838,1562.9902373954985
3021837,41.69546686522446
3021836,28.387313540199198
3021835,1045.056957040647
3021834,1308.3992179808615
3021833,13.217487451999821
3021832,142.41311361501934
3021831,11.581160318797258
3021830,25.782902683678888
3021829,51.04966385006072
3021840,5582.780831664109
3021936,36.72923409278059
3021854,369.28198787680066
3021856,79.97112689848504
3021880,0.19540609740505793
3021879,8250.380967455803
3021878,22.68706024628717
3021877,0.1612228797220462
3021876,19.282705819683077
3021875,98.51923995943244
3021874,146.2259452913622
3021873,8251.337923172601
3021872,320.90845889449463
3021871,1691.5417209733766
3021870,37.069242259468815
3021855,13040.27723656303
3021869,29.76105431067846
3021867,1283.0564723944074
3021866,15.028455041175079
3021865,159.42393215627888
3021864,13.349663678368106
3021863,30.665060857314803
3021862,55.76779279831086
3021861,825.8412884685118
3021860,1.242459334691762
3021859,83.79453093420508
3021858,69.31543253136309
3021857,2.1328715843929067
3021868,1104.4155686697784
3021937,1332.8820709322938
3021938,344.1843920763069
3021939,10174.760622127049
3022019,241.01058284919156
3022018,399.1801341511336
3022017,447.65103036951405
3022016,1845.4419339404344
3022015,1862.528978414436
3022014,14.431563408214434
3022013,1178.7584965079686
3022012,0.22204370648208258
3022011,6728.782668131447
3022010,11.644924838146007
3022009,0.1807323646979148
3022020,7240.144319564051
3022008,10.401112742414986
3022006,106.3754891234516
3022005,3104.6032622203065
3022004,131.11038204413077
3022003,817.3734740343137
3022002,22.18907468521405
3022001,12.755665683908884
3022000,657.669685288883
3021999,812.9197532668443
3021998,8.267547588489963
3021997,104.28484828834708
3021996,5.220726415308294
3022007,32.308804746646814
3021995,10.29747210384513
3022021,31.4875031107224
3022023,37.507712404371745
3022047,7.746795768290205
3022046,1426.1330358229866
3022045,0.3538031646453238
3022044,4600.389328351556
3022043,6.95756639575649
3022042,0.2762442634876892
3022041,5.804678892807509
3022040,46.960467476294625
3022039,3.7268291020435393
3022038,5584.446803734523
3022037,190.09558838963076
3022022,1.521641447221202
3022036,837.6259872094666
3022034,17.85526641324982
3022033,492.1543988587951
3022032,745.9431124327447
3022031,9.458339155556002
3022030,139.37217685270159
3022029,5.402144364542091
3022028,27.09201406878742
3022027,5.3927433510751905
3022026,455.90780801775935
3022025,0.8604832093573627
3022024,35.96412791517023
3022035,19.494005158791065
3022050,533.6462300044145
3021994,33.92500651999987
3021992,0.6151055305247033
3021963,9.126998671710112
3021962,6.022609742997584
3021961,11.419495843451921
3021960,255.79927680222585
3021959,0.3952934872094456
3021958,34.50103098390083
3021957,29.39059972843417
3021956,1.1383422884325847
3021955,17.873016853421866
3021954,3866.2950863337883
3021953,94.13530434924034
3021964,70.3517850060356
3021952,153.68394585368455
3021950,799.1850176381668
3021949,1135.8998400169075
3021948,15.7241840588919
3021947,542.2717672564422
3021946,0.10805323200674075
3021945,2718.9736185956444
3021944,5.254738408037012
3021943,0.1564579974110566
3021942,7.413033193957952
3021941,95.8917865322056
3021940,121.0826150923419
3021951,275.1251059318568
3021993,449.27779913717313
3021965,5.853753489173152
3021967,304.56372248484956
3021991,57.46416750554825
3021990,51.702287020354966
3021989,1.4248319048959388
3021988,50.918334764019356
3021987,7866.988483719426
3021986,162.54586927641645
3021985,219.00728619321686
3021984,593.5036169619069
3021983,1549.219306599736
3021982,2101.7763248943547
3021981,25.201272341237818
3021966,236.15590033315834
3021980,881.3302905046569
3021978,5994.452880495266
3021977,13.843275314707164
3021976,0.15399875942053295
3021975,15.375870879110522
3021974,19.191813980004255
3021973,0.7750730978378373
3021972,1152.6662415556684
3021971,88.62526903048743
3021970,250.01310343640284
3021969,10.041356427006615
3021968,5.42482784121288
3021979,0.19138426804915293
3021381,6.756342303299201
3021826,72.56252856489681
3021379,0.31431707696244165
3020791,0.039932729135033734
3020790,1733.5470641769593
3020789,4.325562671196883
3020788,0.12709341217973025
3020787,3.594036410593219
3020786,6.846323302837898
3020785,19.93451972872834
3020784,951.6795911102348
3020783,64.0487459387851
3020782,302.4159186774512
3020781,5.987721405224567
3020780,1.4475643615068172
3020779,410.0730422073527
3020778,259.1111555455039
3020777,1.8281607147223529
3020776,17.30775341863235
3020775,10.03085303104838
3020774,0.5806167267151254
3020773,2.974459970137887
3020772,371.93209680622965
3020771,0.29088538149818205
3020770,15.472006709878134
3020769,21.58513522082232
3020792,313.75971782596736
3020793,3.9396506721423483
3020794,573.7125323676156
3020795,322.0030576548417
3020819,2.8973603470038114
3020818,38.75280934712769
3020817,429.9964387367799
3020816,6.5586982517807835
3020815,36.30391840254995
3020814,5.266360785639767
3020813,3.516465145312896
3020812,131.50307134192028
3020811,5.0287376468246565
3020810,2.125898881840342
3020809,18.73192327849373
3020768,0.8649148169547012
3020808,3.426148454263661
3020806,4.098547668705815
3020805,78.49462570554115
3020804,0.2847871295731139
3020803,12.130658390765994
3020802,8.747490071033106
3020801,0.8831515544015471
3020800,7.725400910302943
3020799,2829.893486909811
3020798,7.032219503617645
3020797,63.83865175914811
3020796,102.72729345898874
3020807,3.4456205855165223
3020767,11.636896597118282
3020766,4996.076309519589
3020765,72.68020059959855
3020736,13.845854695293243
3020735,0.508953456260024
3020734,5.032089597909335
3020733,2907.0806008298237
3020732,41.21720413806857
3020731,126.32368666217417
3020730,198.14438778537743
3020729,342.05188781410544
3020728,927.1649656237071
3020727,5.113809201560976
3020726,234.0463255344365
3020737,11.252560534369096
3020725,0.03379956441207401
3020723,1.871465924801786
3020722,0.11297832625781093
3020721,5.152923224098984
3020720,3.2241211330935657
3020719,6.989110690078194
3020718,514.3736898099866
3020717,41.862829861809416
3020716,134.84872118475542
3020715,4.512700582124745
3020714,1.0146913411260563
3020713,196.24104524400352
3020724,1899.9622228487801
3020820,6.115149872691785
3020738,0.19350599400968996
3020740,0.8830761284968276
3020764,181.65207475271103
3020763,456.2552493727248
3020762,774.5410075961527
3020761,1505.3813826508617
3020760,6.987672681722509
3020759,456.0727657942926
3020758,0.1353030985160738
3020757,3858.573152210165
3020756,2.795712590382544
3020755,0.19381211766570242
3020754,6.893373504754469
3020739,245.1033388553733
3020753,1.8198674392396517
3020751,276.5358451331096
3020750,43.060535658351164
3020749,134.85408645503517
3020748,4.041593968930487
3020747,0.8930403895844641
3020746,226.94405368666435
3020745,119.90445402365854
3020744,1.2134444001438056
3020743,29.810068301217896
3020742,3.2905911934672023
3020741,0.19005201849956124
3020752,0.26606953196145555
3020821,0.1600507297860418
3020822,1.3239643376054584
3020823,2283.3076785032767
3020903,0.3262980296088892
3020902,30.33013043495471
3020901,30.46214035804037
3020900,0.9732925155839776
3020899,19.35567445438957
3020898,6219.903753540172
3020897,56.67221514533738
3020896,199.236726084734
3020895,557.1308147219173
3020894,1109.6582502054455
3020893,1891.7607725434266
3020904,477.53503396504647
3020892,9.737397645153461
3020890,0.07886139588206215
3020889,4592.626891036619
3020888,7.728198052618456
3020887,0.2885909327979328
3020886,9.484706642349865
3020885,41.52475735737055
3020884,0.7435764156731661
3020883,2722.7598830372203
3020882,135.1073685068728
3020881,649.8582052331747
3020880,15.557883583157203
3020891,824.5350045726517
3020879,12.78881495333355
3020905,10.033773107399368
3020907,7.400408036198208
3020931,4660.315830828686
3020930,79.82614858650504
3020929,240.15917513932436
3020928,396.2803644507623
3020927,804.6033711151896
3020926,1409.2276610661238
3020925,8.87873707796298
3020924,652.793101066163
3020923,0.14698885941419276
3020922,3122.4138352403806
3020921,3.571299392795896
3020906,5.521513917642228
3020920,0.2781287177252568
3020918,12.084327944266535
3020917,37.01662101282688
3020916,1617.6676310901125
3020915,74.64300641786625
3020914,438.7517737039006
3020913,10.172023160424159
3020912,4.904128287994211
3020911,528.2756991866232
3020910,242.28741169601346
3020909,3.51358938694732
3020908,38.731237417583806
3020919,9.411918213849704
3020712,148.27794382897716
3020878,372.9125698358738
3020876,9.565517410783187
3020847,5.111003030726207
3020846,1.0850624825569608
3020845,221.85786109181157
3020844,158.31529302998555
3020843,1.5032637704999954
3020842,25.347790686247823
3020841,3.9549633023313495
3020840,0.30634100578033713
3020839,4.108449077512258
3020838,225.48085596210157
3020837,0.2001059335236012
3020848,159.52773284475185
3020836,13.819030917638782
3020834,0.8092950703812223
3020833,7.455011359439302
3020832,3499.1548328365657
3020831,54.18839727021598
3020830,85.73225580438381
3020829,279.6100355178136
3020828,419.8089071822396
3020827,992.1308727865993
3020826,6.568226155513292
3020825,224.53700805457362
3020824,0.0748638769140157
3020835,15.961460397911637
3020877,483.6703113908521
3020849,44.03706516657924
3020851,7.305173995868232
3020875,71.85665219322576
3020874,7.067329746706889
3020873,19.34070404093678
3020872,28.22721653142782
3020871,331.20798359576986
3020870,0.4720507914391357
3020869,32.25274504802943
3020868,23.65058205453911
3020867,1.6383631728426598
3020866,30.57633067582386
3020865,5132.623407848307
3020850,402.293207683344
3020864,170.96900174479117
3020862,346.2173476859092
3020861,1330.7920516710424
3020860,1368.4765590070672
3020859,14.553335125858807
3020858,733.8969446245985
3020857,0.15259478757697859
3020856,4291.135570367262
3020855,8.91232127389374
3020854,0.1550383756035882
3020853,7.308863558147355
3020852,4.714514872715895
3020863,282.30160983029174
3020932,11.587374870204005
3020711,1.3086891609967046
3020709,3.465676332336159
3020568,6847.474822110142
3020567,99.61267867481888
3020566,237.10652404699326
3020565,578.4133257427968
3020564,974.6951372611065
3020563,2200.5630472403127
3020562,12.10534085255816
3020561,863.557368615809
3020560,0.15041536333698066
3020559,4712.582730169044
3020558,7.573120457729065
3020557,0.2326407831806891
3020556,9.900729687952541
3020555,3.2289451001544176
3020554,5.8943676940814385
3020553,376.0282036559065
3020552,25.171543209765492
3020551,183.87566874431272
3020550,4.5985776943709284
3020549,0.9431171500004274
3020548,213.48606552688335
3020547,169.64257824773867
3020546,1.0111416610343409
3020569,21.000639798971093
3020570,1.1620016853492756
3020571,28.845322979044987
3020572,34.53105817064127
3020596,786.7808486062979
3020595,5.6538680936336165
3020594,207.39839512358853
3020593,0.05467711592534982
3020592,1815.6689220579979
3020591,0.9726954963078476
3020590,0.11682055681565713
3020589,5.023485923784499
3020588,10.287896348622397
3020587,26.192883217268236
3020586,1651.0830469284238
3020545,7.122480478631932
3020585,94.00659393010376
3020583,11.638324916661125
3020582,3.7008556476677636
3020581,578.8762279523796
3020580,465.77451675851296
3020579,3.355586138107083
3020578,43.08211675372975
3020577,8.600284810935594
3020576,3.633049957362128
3020575,11.549660800375337
3020574,513.2359284986546
3020573,0.4193703613280066
3020584,462.6133604223733
3020544,2.5611063775024996
3020543,0.19291184803475936
3020542,3.1526208283600985
3020513,5.3031297768892784
3020512,54.468772371672706
3020511,1.9312884380918578
3020510,11.265443540018259
3020509,10.146214317499807
3020508,107.25758084832303
3020507,0.0809303203772061
3020506,8.447322220774062
3020505,9.619801658578625
3020504,0.7347710259070006
3020503,11.33368000094835
3020514,161.6576601683897
3020502,1815.1948333361913
3020500,71.64952090318626
3020499,80.26804854115039
3020498,396.08905973960174
3020497,359.1375163748277
3020496,7.146282388048771
3020495,172.86482264323712
3020494,0.0
3020493,1545.2570845042312
3020492,2.2021111788325114
3020491,0.0
3020490,1.6838852232326849
3020501,55.27413474828189
3020597,381.2044607985191
3020515,87.53572287912479
3020517,6.849342883610617
3020541,218.00076763291162
3020540,0.22103954093350903
3020539,9.983978223099758
3020538,10.480699095224312
3020537,0.6511770544241398
3020536,4.458111033067048
3020535,3267.6219946803367
3020534,36.64257837589396
3020533,55.39569941902823
3020532,243.53188222830073
3020531,344.7607501325716
3020516,6.410714997598635
3020530,972.7910427129785
3020528,163.76459922656278
3020527,0.057141740149041956
3020526,1726.506492640481
3020525,1.1780185638103302
3020524,0.14362792867156587
3020523,4.285217999457222
3020522,12.759817567831389
3020521,0.06008268040907608
3020520,870.0503914747853
3020519,44.44351550474133
3020518,152.6212881261018
3020529,4.454360514562836
3020598,199.43005577656996
3020599,69.89643940570576
3020600,37.3373813178255
3020680,214.76402780055614
3020679,156.97683074891248
3020678,1.242840185316045
3020677,13.056981892963343
3020676,3.2474370893182103
3020675,0.12749387788638264
3020674,0.9055947434332547
3020673,214.12541577004757
3020672,0.13293534500644333
3020671,11.79024624854484
3020670,16.325038512648696
3020681,0.752140171462123
3020669,0.5348946510224544
3020667,2592.088209222719
3020666,40.111525244339134
3020665,59.66540663193175
3020664,201.70661864866858
3020663,350.28724250752055
3020662,841.5997020018962
3020661,5.60836682035967
3020660,198.73906310614586
3020659,0.012792765809665227
3020658,1595.1592139256522
3020657,1.7168552431114636
3020668,5.767955034612378
3020656,0.0625408461515071
3020682,3.8062501672014912
3020684,46.73978638126396
3020708,0.254173584769856
3020707,6.061857649332872
3020706,227.00709541682082
3020705,0.17713372549513118
3020704,12.817773622188763
3020703,14.807818707571366
3020702,0.6889668326853302
3020701,7.015545662569405
3020700,3032.5888709045034
3020699,52.44246476332047
3020698,74.63358990540917
3020683,122.58891038713153
3020697,242.68075584472922
3020695,846.8512728635466
3020694,5.707473925596248
3020693,202.27632584883762
3020692,0.06735480252515381
3020691,1936.5475002489661
3020690,2.2053338440374817
3020689,0.16595247074612182
3020688,4.852807411202039
3020687,2.1677813536373183
3020686,3.745574481017588
3020685,430.2552191746266
3020696,361.1967180745833
3020710,23.097621297105444
3020655,4.348898916355678
3020653,7.737860349455987
3020624,0.9584690049920264
3020623,0.10876638019153759
3020622,4.953664669646175
3020621,1.8085128484942539
3020620,4.164286302800868
3020619,290.45651486480915
3020618,35.45257290101837
3020617,136.46283321809574
3020616,4.22107427063825
3020615,0.9121579557319583
3020614,205.5569487976468
3020625,1807.5676140484081
3020613,134.62161082411282
3020611,29.58338829790624
3020610,5.2219558443606395
3020609,0.13305174431388944
3020608,1.8977483894089597
3020607,203.07020657791404
3020606,0.16715427435104224
3020605,11.58126315587816
3020604,13.012725091989964
3020603,0.6499002457608396
3020602,5.713396012074262
3020601,2742.461614192817
3020612,1.1234317518787735
3020654,1.775957963859899
3020626,0.05619391718473608
3020628,5.5199335282026905
3020652,278.4860051559575
3020651,34.312034925646586
3020650,133.69586751169925
3020649,4.11598016542303
3020648,0.8736684574082261
3020647,201.6632301426618
3020646,133.04955253829388
3020645,1.0806895596819932
3020644,13.691226506646855
3020643,3.197953796574831
3020642,0.1346812613355205
3020627,204.09977826948472
3020641,1.9915358100225102
3020639,0.16883283648773986
3020638,11.328017075606914
3020637,12.911669499677162
3020636,0.6380016574778438
3020635,5.641739295904336
3020634,2706.6365103214084
3020633,35.80047584496655
3020632,67.69875153489411
3020631,194.94788692239692
3020630,360.3951616283439
3020629,777.6492846694329
3020640,193.45783782950684
3020933,0.9705941272734315
3021380,1.485086393914143
3020935,32.23819960789289
3021238,191.4750041447554
3021237,32.15835244081874
3021236,44.332638377018064
3021235,47.72754581080952
3021234,605.3449798723532
3021233,1.4625900273760064
3021232,64.17229454965494
3021231,53.7713151180908
3021230,3.3345510587493523
3021229,82.90501971822437
3021228,8846.746810569422
3021227,441.07438122431154
3021226,641.9656356460525
3021225,560.0047245698096
3021224,2756.1220362992653
3021223,2370.8316384969594
3021222,30.53381352903981
3021221,1471.448628775746
3021220,0.40164654769524183
3021219,9188.230244792132
3021218,16.374576695343798
3021217,0.42470972887575414
3021216,12.803350526863824
3021239,19.408420128493955
3021240,976.701765494552
3021241,682.5721800310993
3021242,21.879181650092583
3021266,0.17968249885572324
3021265,8.066909767657656
3021264,9.72728256072949
3021263,0.4661536504004244
3021262,4.159353684023282
3021261,1940.6546927466495
3021260,35.55203670605623
3021259,112.16047974356572
3021258,125.9503391903168
3021257,251.74168661864778
3021256,587.7721674051512
3021215,3.3024275177151132
3021255,3.902995486046775
3021253,0.021696465116622737
3021252,1403.8893570685746
3021251,0.5355061647340529
3021250,0.04289637090535014
3021249,3.2631134968023403
3021248,119.88763041112608
3021247,1.4271483098746836
3021246,8786.136793908883
3021245,421.73277609112586
3021244,1469.2871429301144
3021243,28.683223359195598
3021254,171.66821943848856
3021214,1.5687418885999884
3021213,1488.6892892425813
3021212,71.51778915523823
3021183,6.6687205513500185
3021182,3.8015986458278626
3021181,1.6812603066007625
3021180,1194.9321307778926
3021179,75.63540741580715
3021178,219.21093278609706
3021177,6.580311034768777
3021176,3.9030666242956524
3021175,418.2099128651198
3021174,187.568042026013
3021173,1.9752711795801625
3021184,0.2112071586981116
3021172,71.28271139219227
3021170,3.4145159032315453
3021169,0.9716231929989041
3021168,382.5187746532437
3021167,0.4064446877179482
3021166,28.76452868468074
3021165,31.943791032848914
3021164,1.1247270901816702
3021163,13.917910223590004
3021162,5569.2852173627525
3021161,66.479268574921
3021160,257.53526030087124
3021171,5.378474009913481
3020934,24.279595734601113
3021185,1.8288588491694173
3021187,0.15562500701374946
3021211,280.5293318642955
3021210,6.219035282532098
3021209,3.8616392483111754
3021208,346.3999810240781
3021207,158.3104970522763
3021206,2.186423761277568
3021205,69.09847728213187
3021204,4.095896284152822
3021203,3.1105985011208785
3021202,0.815760698618873
3021201,342.0775537726475
3021186,3376.6545432447538
3021200,0.40868534095726783
3021198,28.190924957784905
3021197,0.9888610211942164
3021196,10.850183460343182
3021195,4357.846931909076
3021194,70.55765236866203
3021193,211.00883819561938
3021192,328.15338654462744
3021191,830.3444289297204
3021190,1164.3284306103435
3021189,8.19546843529259
3021188,768.6170758998727
3021199,27.920455794557864
3021268,0.6377193618069565
3021269,0.22870756163495423
3021270,2.5260775045791166
3021350,1.004439786738105
3021349,0.1629214075349659
3021348,7.2125015645721575
3021347,1.0874373482214033
3021346,0.20400895334869956
3021345,242.28605247624753
3021344,18.320888079569333
3021343,80.9836714122931
3021342,2.402608044026637
3021341,0.7555654770979516
3021340,123.36465331259649
3021351,2346.63751175549
3021339,76.15903048619266
3021337,23.83768051969943
3021336,2.0169368174180735
3021335,0.1273550885864295
3021334,0.439268466542151
3021333,128.1404043770935
3021332,0.14129656482741143
3021331,6.037998147773989
3021330,10.716145970668968
3021329,0.4228206111589961
3021328,2.541091188777112
3021327,1823.509242759886
3021338,0.7106287992257798
3021326,26.750820964318233
3021352,0.0961931396006486
3021354,5.693931249628588
3021378,802.2521860320062
3021377,52.50128891745586
3021376,220.363736861817
3021375,4.70945612928944
3021374,1.0603136245098126
3021373,328.4612444514377
3021372,230.8049810762164
3021371,1.2669341200580981
3021370,17.62736612148606
3021369,6.514187516167815
3021368,0.19056361212352269
3021353,351.41451457254834
3021367,0.8247171173539753
3021365,0.24108550816932703
3021364,20.793933673858934
3021363,19.940529538300325
3021362,0.8195996991259236
3021361,5.14434173322167
3021360,3790.281726498057
3021359,62.66627203171676
3021358,194.27927459378347
3021357,278.0497950332555
3021356,516.3685690124777
3021355,1221.8896580259334
3021366,275.9210391751891
3021159,409.87206511467576
3021325,118.27362944385563
3021323,199.8382651144921
3021294,5103.374006723161
3021293,77.5208011725833
3021292,290.92172897740926
3021291,360.51282782311495
3021290,813.5619978576127
3021289,1621.3394086614978
3021288,8.795316067715829
3021287,684.1093142707698
3021286,0.12240368232877477
3021285,3598.652576470412
3021284,3.518565203452704
3021295,11.981923744143987
3021283,0.20569698010859838
3021281,1.6107637507323438
3021280,0.24450413197015544
3021279,319.79521224212283
3021278,26.43308548600601
3021277,101.23906693486781
3021276,3.0668840014902363
3021275,1.000531675059658
3021274,133.38866953445833
3021273,88.76565010544181
3021272,0.9371719600436546
3021271,14.317967141122015
3021282,8.977759461624526
3021324,111.6471762159448
3021296,0.9071514531182874
3021298,24.281279750296594
3021322,547.6630367436965
3021321,3.452189600442229
3021320,139.67866957828454
3021319,0.0
3021318,1077.3453580175378
3021317,0.3454513714012305
3021316,0.015448970923102923
3021315,2.5481037703459477
3021314,5.5146284103381324
3021313,1.398599581841495
3021312,1379.8182613028557
3021297,26.061761139427418
3021311,87.37624651784022
3021309,8.464462463063885
3021308,3.3004971154626803
3021307,406.8152645924587
3021306,271.6530592964033
3021305,2.5174624948360456
3021304,34.07483481838674
3021303,7.487846579206803
3021302,2.9286394156234192
3021301,3.545192171926238
3021300,329.2922608630739
3021299,0.37739507274289147
3021310,230.95319710710652
3021158,1050.0870361008588
3021267,141.70124867402168
3021156,9.39213962979891
3021015,1197.0685260946564
3021014,44.04120125686873
3021013,314.90720264803696
3021012,6.932314844518641
3021011,4.780878861370563
3021010,202.7537305679797
3021009,369.846007403691
3021008,4.414906589682793
3021007,49.4657042674719
3021006,5.2606792747895845
3021005,3.749723989529235
3021016,0.5758259870927052
3021004,9.877704855737907
3021002,0.21387154407528372
3021001,17.327434423498598
3021000,13.12191192847781
3020999,0.7558655697464829
3020998,17.621018286314342
3020997,2610.6254004932734
3020996,64.97818644660043
3020995,78.74608987940476
3020994,176.54563516628087
3020993,542.0712722088799
3020992,597.9602128651369
3021003,143.20002109619318
3020991,11.596865570538759
3021017,12.016159771319108
3021019,0.09410485035928376
3021043,346.4783123591189
3021042,324.64309409145255
3021041,9.328037044618629
3021040,28.07727633208209
3021039,8.570411310982479
3021038,20.087699061690273
3021037,9.595941118308284
3021036,306.46144314037184
3021035,0.3363767262563069
3021034,39.96438570431723
3021033,29.446569422658527
3021018,5.26688230390423
3021032,1.5214584633168369
3021030,4091.530758415533
3021029,124.20189236776237
3021028,192.52325795325993
3021027,314.92496130031213
3021026,1331.6515468302575
3021025,1055.947967283377
3021024,14.394155435559814
3021023,881.4903788466219
3021022,0.18832060797510802
3021021,3867.5732274441525
3021020,8.275429791710632
3021031,23.272145117317905
3021044,13.536407176294405
3020990,329.15338176244285
3020988,1935.1060515732481
3020959,796.2459739233291
3020958,5.1445721477530775
3020957,235.762945379692
3020956,0.1256796300922203
3020955,1669.220173465179
3020954,2.2603720850427655
3020953,0.1933402014703679
3020952,4.359358513545504
3020951,5.230900249827564
3020950,1.304279515194747
3020949,1475.7314591608756
3020960,301.44793843598427
3020948,105.85464274495119
3020946,8.239296597970716
3020945,3.096193901843856
3020944,401.1223002344306
3020943,193.3364178877306
3020942,2.810062425337307
3020941,55.89306417281734
3020940,7.090471974062115
3020939,2.545464820894604
3020938,4.414837817293886
3020937,365.2193591034453
3021157,1489.656509733873
3020947,230.46773218799532
3020989,0.07332405388374912
3020961,161.3804348494916
3020963,32.95593833172537
3020987,3.697642066188492
3020986,0.08636057643790261
3020985,4.9128885905604465
3020984,1.1399685364729009
3020983,11.414677799859657
3020982,494.3836273520978
3020981,25.840173563344866
3020980,160.83967390088688
3020979,4.2180808412395745
3020978,1.1561786508082914
3020977,190.70188292562128
3020962,100.09666781651252
3020976,49.66481375021375
3020974,33.04224083061286
3020973,3.10681119254453
3020972,0.5282927960455677
3020971,1.131204088237999
3020970,184.9090910563984
3020969,0.2643641011342379
3020968,20.803400643379117
3020967,21.789306711709102
3020966,0.706969493417335
3020965,6.166419387042752
3020964,2207.5625316653736
3020975,1.9046095497477848
3021045,11.304412956627962
3020936,0.40364657465473375
3021047,127.13640701674925
3021127,271.90547820707684
3021126,351.1822125821814
3021125,1324.3455270372676
3021124,1156.498884028849
3021123,14.817092194942013
3021122,822.8871292410264
3021121,0.15836262982726867
3021120,4138.374744968311
3021119,8.232068386769928
3021118,0.15554026042353714
3021117,7.090236852776204
3021046,465.53517511275635
3021116,3.831610698151903
3021114,550.712972701834
3021113,23.14961934913939
3021112,152.70685901447527
3021111,4.445953166405755
3021110,3.922107940222647
3021109,156.4466276881893
3021108,170.32536293752412
3021107,2.5500980259751107
3021106,35.065545878779524
3021105,2.6270821037835446
3021104,3.8607022965430433
3021115,0.5954964638102329
3021103,2.840876985277147
3021129,4284.864574743613
3021131,1.828157796510296
3021155,967.7783378480987
3021154,0.15814282187747977
3021153,4256.757367575689
3021152,4.383784109089155
3021151,0.23504608599533888
3021150,8.504026336546733
3021149,30.386887771060685
3021148,0.8446578116150902
3021147,2998.823792090723
3021146,108.9987077981891
3021145,512.8974897900426
3021130,27.234672898036216
3021144,12.483706401392864
3021142,349.63111715278853
3021141,389.2964633375029
3021140,7.751432713484132
3021139,122.16059630303242
3021138,7.440294011887611
3021137,24.133502468389278
3021136,11.767906234288493
3021135,274.099692029046
3021134,0.39621027600392056
3021133,36.278832644051114
3021132,23.37648152330612
3021143,11.975466221071557
3021102,107.80965945640514
3021128,143.01237299372582
3021100,9.11516646320503
3021071,8.464442283402827
3021070,1.123201300826263
3021069,68.07930879087647
3021068,0.1833894125908431
3021067,9.42492801469324
3021066,8.322972224579866
3021065,0.7895222855109769
3021064,6.708782219977216
3021063,1721.4129764266722
3021062,13.695626544911459
3021060,59.40022323165052
3021072,2.816287443277713
3021059,373.7380750589011
3021057,4.282328746044156
3021056,191.62999211331956
3021055,0.0
3021054,1022.7751359961694
3021053,2.9114323741857824
3021052,0.05313872576900274
3021051,2.561648585707848
3021050,25.56411613873716
3021049,0.7999357832534093
3021048,2459.7716302404015
3021101,0.26797701815640584
3021058,335.20209477711427
3021073,60.466129679279184
3021061,35.20462233280432
3021075,26.39139074592534
3021074,3.251854057587776
3021098,0.750960668504892
3021097,5.301296999294925
3021096,1891.670238039114
3021095,36.531763604024654
3021094,60.505596280723516
3021093,107.34943668889467
3021092,365.2689220847337
3021091,456.9426700078513
3021090,7.637029448240527
3021089,281.83391562076497
3021088,0.05511136417970699
3021099,10.270210444667505
3021086,1.8463215273387505
3021087,1444.8624277935214
3021077,3.863864591441681
3021078,3.7821904387610523
3021079,31.284451221740078
3021080,12.615806682613679
3021076,92.98780692128781
3021082,0.4868580968802955
3021083,6.3874519054513
3021084,4.013232643882267
3021085,0.0514511252158763
3021081,118.37820635328903
3023456,57.967026204187015
3023464,0.298005084755889
3023463,2410.2722479661206
3023462,3.860286275198991
3023461,0.2431692363393777
3023460,4.293103639758507
3023459,7.774608633179046
3023465,564.1646616171851
3023458,0.5451211355791261
3023457,1553.3817237896433
3023455,217.28197601851542
3023449,42.951937183390896
3023453,8.192401356416067
3023452,278.29871498592235
3023451,197.5997832320149
3023450,7.0003241609311715
3023448,5.192196806522486
3023447,11.491340928401621
3023446,8.885549208083416
3023445,210.3068502036076
3023444,0.29335670550901993
3023443,30.425057111325824
3023466,11.040856979972832
3023454,12.970714922642776
3023467,910.8474453296827
3023494,0.07886700737837347
3023469,219.64674066702574
3023493,3.93539152163261
3023492,11.52939629361961
3023491,0.6514192944284727
3023490,1659.5548973646742
3023489,97.19475432158141
3023488,200.26143016003482
3023487,9.763504890737444
3023486,9.941947386771293
3023485,255.857749764103
3023484,204.89627445003012
3023483,9.121668514649839
3023468,699.7161465357171
3023482,50.428733473409864
3023480,20.030046516316204
3023479,14.123434003685222
3023478,190.6267557890594
3023477,0.4031363829829687
3023476,26.216799198431154
3023475,17.906948118024555
3023474,1.1417128417282187
3023473,24.70779191151778
3023472,2998.188364879308
3023471,106.7992304933612
3023470,112.15116301979769
3023481,7.6346130041773606
3023442,22.938577454328353
3023388,9.530672230246577
3023440,20.127940033043245
3023411,0.20213639051512672
3023410,14.328037092822091
3023409,25.390749912804303
3023408,0.7534665070933699
3023407,7.390959237303353
3023406,4334.927971278039
3023405,61.26756367142916
3023404,207.9519419650343
3023403,274.76643848129436
3023402,533.9323351202268
3023401,1304.9083829700999
3023412,295.53111808142256
3023400,6.0254586681531315
3023398,0.09992895300267994
3023397,2768.280085865676
3023396,2.3617070869586674
3023395,0.17699356639879946
3023394,4.4590454368680525
3023393,26.504385240741094
3023392,0.2980154063815424
3023391,2264.936227067794
3023390,76.92766674634288
3023389,432.3595032078164
3023495,0.7817788638063985
3023399,412.3077761646446
3023441,0.91171199234092
3023413,0.8383592874286361
3023415,5.291540960026619
3023439,3517.300917859644
3023438,69.24728579707225
3023437,116.47961954334116
3023436,225.9778956759377
3023435,653.7250014900607
3023434,965.1251890075837
3023433,11.264939665630974
3023432,485.8238491762814
3023431,0.15118869431591192
3023430,2431.1168891014036
3023429,5.869151982512946
3023414,0.6364357849768671
3023428,0.16252069368354727
3023426,2.706236355853088
3023425,0.3094923837414917
3023424,877.596095000107
3023423,52.63694130812067
3023422,151.60268367566763
3023421,4.761062835211692
3023420,1.24136436719541
3023419,322.58687898775736
3023418,146.77771802276044
3023417,1.4402450325934444
3023416,33.90434307651711
3023427,4.476675320695531
3023496,3578.04301642296
3023551,611.1256931120829
3023498,443.8203802683393
3023578,23.591611739551546
3023577,531.3081521510472
3023576,0.8110139772414378
3023575,63.58880469857448
3023574,49.49367752051329
3023573,1.3773423715316917
3023572,74.42884321767485
3023571,8454.51119403887
3023570,238.0447858495766
3023569,382.6692096561904
3023568,636.8454074190483
3023567,2002.8438290319739
3023566,2324.3396489744
3023565,22.2119106001007
3023564,1262.041255582919
3023563,0.1869728647771014
3023562,7832.5413837516635
3023561,12.252817236420272
3023560,0.16544746975399224
3023559,11.485870666377098
3023558,103.26826145910324
3023557,147.6264262384487
3023556,7658.780572787662
3023579,19.9075193052083
3023580,14.66868571624139
3023581,140.59766794266224
3023582,12.059614179198144
3023606,1.2576481843045588
3023605,49.595341097725544
3023604,7538.239165682131
3023603,165.44714560728428
3023602,200.03321528107415
3023601,647.204360612804
3023600,1493.9404532465667
3023599,1988.0447371919993
3023598,17.808261340423947
3023597,862.3326157482423
3023596,0.12411367005847632
3023555,325.3624364299544
3023595,5564.5481727420465
3023593,0.08882766566945845
3023592,9.727577170470077
3023591,76.95882403759434
3023590,123.28624649672089
3023589,5303.713900474393
3023588,242.3406250779834
3023587,1003.2584543626474
3023586,25.418237922926593
3023585,21.19627045981562
3023584,614.0550209933167
3023583,943.5849945300632
3023594,12.203697951459178
3023554,1092.471757316001
3023553,38.49468886843874
3023552,24.809641296701024
3023522,59.87463589249967
3023521,148.5105295694818
3023520,4.214303592692443
3023519,1.8516315453200631
3023518,240.49043707653587
3023517,166.14652281336626
3023516,1.6155806923123595
3023515,33.18518582039145
3023514,2.169503965109059
3023513,1.6479390444119604
3023512,0.296391161866076
3023523,962.7054607415112
3023511,230.59222995261416
3023509,10.898418952641743
3023508,12.930950573806687
3023507,0.5786103329145369
3023506,4.289174891129396
3023505,4324.456847167759
3023504,50.65819832818535
3023503,201.54148734738214
3023502,250.613795915266
3023501,514.1273269788563
3023500,1086.3771620224686
3023499,6.00793201968524
3023510,0.13529439889464204
3023497,0.0413005327393329
3023524,0.7371087614988585
3023526,18.809121932420954
3023550,920.9569779523389
3023549,15.552125903880416
3023548,182.7877155727194
3023547,24.304114304201676
3023546,20.697615129048966
3023545,29.345439711024923
3023544,527.0870666509544
3023543,1.105386386954725
3023542,76.02269810159726
3023541,75.05284286316525
3023540,2.4619910165650523
3023525,0.8398932135778758
3023539,80.76425021633169
3023537,305.75727437357807
3023536,511.1839577396438
3023535,610.8075976401713
3023534,2536.956284415441
3023533,2499.3516830755566
3023532,24.444993388218624
3023531,1468.5459720594781
3023530,0.23816501790498135
3023529,9629.414986400247
3023528,13.298277794547138
3023527,0.22089903674086347
3023538,9710.563003036737
3023387,8.806713129734334
3023165,2.1748041886500395
3023385,391.27992806118164
3023244,22.572473529427214
3023243,0.5136723145956674
3023242,7.114735066198426
3023241,3456.7404015428456
3023240,72.11081501561223
3023239,191.6535313862134
3023238,217.38990444029227
3023237,583.2764253163401
3023236,903.0325917177173
3023235,6.371444503245446
3023234,480.92618022385244
3023245,16.605783595006155
3023233,0.041633103119446346
3023231,0.8950181149049448
3023230,0.07593325744103299
3023229,3.945170933095116
3023228,0.3568129644492763
3023227,0.18576652950327516
3023226,206.93008426278374
3023225,24.76282415272075
3023224,49.327157192449846
3023223,1.5466632649352379
3023222,0.5202251078634135
3023221,88.3211881111386
3023232,2595.402912674377
3023220,81.3237587231308
3023246,0.18175323615655822
3023248,0.2792810948626469
3023272,147.87649575012915
3023271,195.1428100865657
3023270,844.2755710226961
3023269,1009.8529704755694
3023268,10.757004628462308
3023267,615.69271826448
3023266,0.1769981677208203
3023265,3090.879132097146
3023264,5.873416225676835
3023263,0.1412603731036355
3023262,4.123808093961413
3023247,222.44981112667304
3023261,1.1647466402158373
3023259,928.567434727325
3023258,60.88319033331215
3023257,121.3978832042651
3023256,4.405869372720692
3023255,2.768290156697063
3023254,252.60582873635607
3023253,172.11417146790365
3023252,1.515283003089555
3023251,42.72439050495024
3023250,2.7277896717287202
3023249,4.666966925038225
3023260,0.879643093621969
3023273,119.83507811670822
3023219,0.5178940340287779
3023217,1.081210931629223
3023188,262.27146171408646
3023187,165.03009681965614
3023186,1.8744500283604095
3023185,28.941505155543204
3023184,4.744837790991706
3023183,3.1143982728690043
3023182,2.782436847178218
3023181,213.65625858079082
3023180,0.3041706310266699
3023179,23.612131576629018
3023178,16.86530194620878
3023189,3.0460551686659816
3023177,0.9656448589216169
3023175,3650.591034824203
3023174,73.46832762169727
3023173,211.23973439135997
3023172,220.3462274451421
3023171,574.9456168690912
3023170,966.4781263068804
3023169,6.936031052538573
3023168,528.7090203571197
3023167,0.10038170005330682
3023166,2431.272751334009
3023607,36.37436640614513
3023176,5.818023936290542
3023218,13.52379100305012
3023190,5.354107627611009
3023192,48.208219879879486
3023216,0.10947140321972625
3023215,0.05458081648543075
3023214,92.8594390062114
3023213,0.04946682703599367
3023212,4.9676106710024115
3023211,10.681139334355947
3023210,0.3045866866364608
3023209,1.9207005082154183
3023208,1759.1007390898985
3023207,33.69501520596699
3023206,165.35170282198416
3023191,142.07597298969418
3023205,88.49232535045287
3023203,473.0623886772587
3023202,2.2097380608367314
3023201,106.39641554942405
3023200,0.0
3023199,1110.2050000664808
3023198,0.7961648969864619
3023197,0.024232370746885064
3023196,2.357794630276352
3023195,3.7795827328249496
3023194,1.1311486541338724
3023193,445.31650539480745
3023204,163.804255680882
3023386,227.83028112265964
3023274,3908.161861863772
3023276,1.394280172194013
3023356,192.29588852017966
3023355,8.387372781276282
3023354,4.581629690853466
3023353,312.613316693491
3023352,207.59888703463426
3023351,3.1425789476809856
3023350,47.30595304286344
3023349,6.738639473030197
3023348,8.517870518355316
3023347,6.852410756406885
3023346,284.8561409086028
3023357,89.01452940668979
3023345,0.3190158045704626
3023343,24.257137555538634
3023342,1.0985681618134056
3023341,20.382155843121794
3023340,4703.605494864408
3023339,85.97079739123362
3023338,420.32507733650107
3023337,244.9907162179455
3023336,681.9898773759693
3023335,1357.8057433874376
3023334,8.651222670636008
3023333,674.8627618007768
3023344,24.957406925775615
3023332,0.14259522807753336
3023358,956.5097475848756
3023360,8.375965684889566
3023384,6.1620745856047066
3023383,39.630257728496154
3023382,3.28426756107951
3023381,11.149526011079459
3023380,15.481721219251213
3023379,216.80197527066417
3023378,0.2400941021944598
3023377,18.412208298887425
3023376,14.271945758145243
3023375,0.9147552691275895
3023374,19.121314266482926
3023359,21.15422899848948
3023373,3530.133646321941
3023371,167.97472532212174
3023370,224.89531855363722
3023369,831.1412745145896
3023368,818.7608159973428
3023367,9.505475114675653
3023366,464.94283729444874
3023365,0.1060931519323614
3023364,2753.311636342064
3023363,4.955212572666241
3023362,0.06755518589657554
3023361,3.522522571307266
3023372,92.50492826314537
3023275,37.817398500322795
3023331,3204.3072860978486
3023329,0.19700160788257146
3023300,415.20232815966347
3023299,0.05295851834631076
3023298,2181.6403974705713
3023297,6.02978331325796
3023296,0.05803587520761794
3023295,4.797821673106914
3023294,15.65741982213451
3023293,0.6916656479488101
3023292,1562.6783000607518
3023291,112.59566267747759
3023290,214.4485501653651
3023301,10.944131765366862
3023289,10.649927399127318
3023287,254.0274292815018
3023286,214.33834059271297
3023285,9.006853360294823
3023284,67.3202684680875
3023283,7.2552506516269375
3023282,19.74252138525033
3023281,13.91453193681437
3023280,228.29408345709265
3023279,0.27514973107046187
3023278,26.292110657369168
3023277,20.110269901595988
3023288,12.18588100469987
3023330,5.093138294437126
3023302,865.6113540123902
3023304,178.25095476529214
3023328,5.150388878994355
3023327,15.496743877614335
3023326,0.5097774558255213
3023325,1316.039412113277
3023324,74.13048459513946
3023323,169.83828367065902
3023322,9.829407040325542
3023321,8.052452366220203
3023320,242.98923065781807
3023319,212.55589034069217
3023318,6.983692529837657
3023303,599.9048598635953
3023317,50.817258619523685
3023315,10.364742563158647
3023314,12.955802854619927
3023313,210.48637587601877
3023312,0.18160194853247985
3023311,27.743889837453434
3023310,25.38140836123855
3023309,1.0917610558221278
3023308,21.615374011950646
3023307,3345.5731254682405
3023306,84.48845780851074
3023305,119.55468671919135
3023316,4.822646895511518
3023608,46.979114125656814
3023831,921.5914010714312
3023610,499.00526873263914
3023914,178.84509026716177
3023913,62.11834065270785
3023912,0.95188559867242
3023911,19.660842548079497
3023910,2.5957060091001196
3023909,0.1740978526817469
3023908,0.3173305361353207
3023907,181.91539351976772
3023906,0.11203810869077231
3023905,9.547227134628884
3023904,11.569621771431676
3023903,0.3962820790785339
3023902,4.5444222438383015
3023901,2811.0804662194655
3023900,31.01107791962459
3023899,92.18360566364515
3023898,175.74349755710764
3023897,232.16051294514247
3023896,901.0787178292929
3023895,3.9519315372897106
3023894,194.18174488713424
3023893,0.04294267653707786
3023892,1657.0538256395494
3023915,0.5483321380877386
3023916,2.8099864639624785
3023917,56.654309398045804
3023918,50.50118889038232
3023942,11.240635130872166
3023941,18.412455952440336
3023940,233.67061028951233
3023939,0.27907296498379636
3023938,29.810959243529492
3023937,20.666173427406825
3023936,0.9594521860141227
3023935,26.77076624968863
3023934,4318.086135214401
3023933,117.01978870405699
3023932,186.9629179266372
3023891,0.3884001328054075
3023931,283.5554496001718
3023929,1053.1745856012103
3023928,11.832120224225468
3023927,561.9926601435018
3023926,0.10376936216381287
3023925,3300.1184061388312
3023924,6.416902788684055
3023923,0.10526010442458052
3023922,4.412153949093056
3023921,1.2243506616638329
3023920,0.1938009270325223
3023919,350.52928861574117
3023930,928.1077111787689
3023890,0.08696382620164228
3023889,3.971845010891423
3023888,3.7113927667765196
3023859,2170.9447426537054
3023858,5.252955523905964
3023857,0.12013274555929855
3023856,4.962565575705074
3023855,10.38163525701282
3023854,2.2115576521045517
3023853,3135.7104617099667
3023852,55.19766671548366
3023851,98.10158901121424
3023850,12.305429748547638
3023849,8.1810453673246
3023860,0.18476941830342433
3023848,425.4648527785472
3023846,5.775679668670303
3023845,104.08134065250252
3023844,2.9920952627599364
3023843,21.074566484318098
3023842,3.752610046109571
3023841,280.076645332678
3023840,0.6076644351860676
3023839,23.03631383568304
3023838,20.943017807138087
3023837,1.5492166607912772
3023836,13.437231513575004
3023847,117.25418614526525
3023943,11.079549487428967
3023861,470.90172391878957
3023863,784.1477868350314
3023887,0.7953581992544054
3023886,1117.9949669439952
3023885,118.60757294689041
3023884,258.17577047941523
3023883,6.948988423073017
3023882,4.9734438765654
3023881,219.01150574650532
3023880,262.0315479856058
3023879,3.7953323923278175
3023878,49.8867568326219
3023877,3.2021376470986853
3023862,7.5626705996990005
3023876,4.901846633735551
3023874,163.7612031642789
3023873,0.32475420990648857
3023872,23.75880947869244
3023871,10.647346783429727
3023870,1.0244033172440834
3023869,10.00153037451199
3023868,2796.627624892513
3023867,159.65860083279225
3023866,140.18536936299404
3023865,217.42938288848268
3023864,583.5872980300331
3023875,3.5421661616024718
3023944,57.687036222826336
3023945,7.024776543057577
3023946,457.8986885946463
3024026,657.656656766183
3024025,0.09502651002893989
3024024,3386.623941871559
3024023,6.180802127156133
3024022,0.18021644672325524
3024021,6.606080036104941
3024020,47.43597866985673
3024019,0.6695076790013654
3024018,3494.1018071911963
3024017,160.25770752316004
3024016,613.6240100561263
3024027,11.035067156579935
3024015,14.254321845508896
3024013,321.0859968100474
3024012,549.2908065740073
3024011,9.641986245246846
3024010,82.97639826914236
3024009,13.907044886235395
3024008,19.068172530750896
3024007,20.478235723310586
3024006,297.77963637966303
3024005,0.47383430274213445
3024004,38.81991727877627
3024003,30.887772777822608
3024014,11.77056684459171
3024002,1.7649185303221273
3024028,1499.2041452488627
3024030,453.11319426368385
3023164,0.1820024979376133
3024053,13.79187946512089
3024052,31.994767903842387
3024051,1044.7282915839407
3024050,84.0910230633855
3024049,364.71092656357575
3024048,9.295966145306318
3024047,4.474340592097953
3024046,389.4280792906603
3024045,335.9460463536631
3024044,3.110235149901677
3024029,876.2976240380925
3024043,34.4750466775227
3024041,5.350739303455936
3024040,9.733556247068899
3024039,348.8890724952436
3024038,0.424526009951823
3024037,19.147280245706156
3024036,23.420697010263638
3024035,1.2192938328048406
3024034,11.855845628727765
3024033,5339.689717953152
3024032,73.44843551048181
3024031,265.6979074724752
3024042,9.044432119556905
3023835,4318.557364491863
3024001,35.52478269971228
3023999,156.04578474252767
3023970,24.17295933678147
3023969,1.6863969133374037
3023968,37.27822873823278
3023967,4249.781893321152
3023966,165.18824550699702
3023965,277.71462111382465
3023964,244.58324111214145
3023963,1279.1229565939796
3023962,1113.8393112819892
3023961,15.005896539367985
3023960,729.8036981421548
3023971,31.830878322224144
3023959,0.2056384771453036
3023957,4.708806607130669
3023956,0.18861604386866523
3023955,4.445436605330311
3023954,31.724917730707496
3023953,0.3473742119389532
3023952,2046.2709172090451
3023951,97.478667176714
3023950,484.9485560727833
3023949,10.64862865289203
3023948,9.511451800471178
3023947,282.8955515266538
3023958,4058.334070005561
3024000,4784.035369159023
3023972,0.4807163413596465
3023974,15.869302551493952
3023998,283.2678127323991
3023997,308.3713311239885
3023996,1269.2992065091305
3023995,1243.8691650263236
3023994,15.663619927118418
3023993,781.3479303611451
3023992,0.16524537048667362
3023991,4086.835860028462
3023990,7.977286080113863
3023989,0.1710028718228125
3023988,5.53827931703153
3023973,249.39591975235743
3023987,48.886585142468356
3023985,3084.285475114097
3023984,156.1480861548127
3023983,607.9767562860617
3023982,14.989875182915046
3023981,10.18380014977931
3023980,268.00773741883086
3023979,558.022116177054
3023978,10.286440593238519
3023977,87.63435906799019
3023976,7.639270973943949
3023975,20.290549958462478
3023986,0.5116906288209477
3023834,39.745036539850986
3023833,60.03924932550126
3023832,351.1530719444286
3023690,28.690920089693538
3023689,103.12045097660905
3023688,2029.8410626842453
3023687,98.94947266248849
3023686,703.8125685918053
3023685,25.655405983931075
3023684,17.301375395472913
3023683,592.0973188733832
3023682,782.8726800066485
3023681,6.228785714553118
3023680,67.22559407274294
3023691,9.076674493485267
3023679,7.567569313157765
3023677,23.878598967915337
3023676,465.9937185510731
3023675,0.5658608032134069
3023674,34.6464863820953
3023673,36.321447667919685
3023672,0.8179008097099232
3023671,41.759079686967965
3023670,7278.116706358645
3023669,118.0797810375499
3023668,148.91939533754288
3023667,580.5512834759656
3023678,9.411817978147045
3023666,1225.7329490845634
3023692,0.12406963504386911
3023694,7127.273785564364
3023718,24.386628695051233
3023717,18.42478269687408
3023716,500.48490179074173
3023715,740.5073619745933
3023714,12.577312825810758
3023713,128.96478905487558
3023712,11.647282206596602
3023711,21.316428546270323
3023710,20.320270583514016
3023709,450.65933106195604
3023708,0.6489072969150809
3023693,10.478452820914786
3023707,51.217146495557174
3023705,1.3782342066120759
3023704,63.44778110588709
3023703,7215.413500692843
3023702,209.40694153624148
3023701,348.56795841168366
3023700,495.4059361183342
3023699,1831.6187490903396
3023698,1970.205300523934
3023697,21.290560902272347
3023696,1181.9561405778768
3023695,0.1982659172127299
3023706,48.1071460134185
3023719,795.2136199980483
3023665,1866.9804389300198
3023663,724.5675573169677
3023634,625.1950806229066
3023633,1773.9452219567845
3023632,2076.476591717931
3023631,19.868817153846074
3023630,1119.7856649439832
3023629,0.21344964419430826
3023628,6741.967047829273
3023627,13.13351302152414
3023626,0.11490061056185355
3023625,10.700488253479048
3023624,45.47746789700924
3023635,279.7947266753023
3023623,109.3525949282892
3023621,139.86104563477352
3023620,797.863196495294
3023619,27.651364260912093
3023618,19.313415454706615
3023617,607.4889939260897
3023616,832.3189224646536
3023615,8.673334078693573
3023614,81.33259615877346
3023613,9.3717715115607
3023612,14.767778089108203
3023611,26.76725413398735
3023622,1921.2211087066664
3023664,17.340899267667652
3023636,182.52896658812955
3023638,57.95046198206451
3023662,0.09985407139312207
3023661,4508.3836973009475
3023660,11.657844905874796
3023659,0.06154197550593368
3023658,9.2440261743766
3023657,57.62526474575099
3023656,118.62100282614455
3023655,4156.035897321253
3023654,180.78433713053278
3023653,907.1170406721842
3023652,23.07805188970375
3023637,8166.464398296322
3023651,20.262987349382936
3023649,816.1904651123074
3023648,10.39381456506093
3023647,97.479982483457
3023646,10.29185001512123
3023645,18.13992727791418
3023644,24.54045473314168
3023643,508.82552709070524
3023642,0.8723793006025786
3023641,54.09772241941585
3023640,45.0432900107817
3023639,1.4372907979100225
3023650,647.0689015442321
3023609,0.7155545442448146
3023720,213.44874778276701
3023722,104.43848310265936
3023802,5292.401075407016
3023801,188.9173924528692
3023800,309.3050771704119
3023799,316.6990285855147
3023798,1404.1457234364261
3023797,1422.854960546749
3023796,11.7809403072808
3023795,943.9404414989183
3023794,0.1728268664505937
3023793,5026.892776206548
3023792,4.06961625991204
3023803,25.74034506062038
3023791,0.13252872885037154
3023789,23.21012426209258
3023788,96.18863406787935
3023787,1872.0211015974503
3023786,87.69080896508669
3023785,492.3596813309241
3023784,15.32405970437075
3023783,9.188604559112965
3023782,415.2043560566076
3023781,581.0419243451882
3023780,5.940409461975631
3023779,59.76270479643041
3023790,5.916856633994765
3023778,3.6026729655769314
3023804,1.11753256810325
3023806,29.106727024972212
3023830,1399.4424947210782
3023829,5.865820710368792
3023828,957.3432017192504
3023827,0.3320455891620604
3023826,3985.3304124431065
3023825,5.479504947916459
3023824,0.25050811169574816
3023823,4.651400177796234
3023822,35.77216292516865
3023821,2.4705604774449585
3023820,3320.299355688518
3023805,26.79572608066059
3023819,148.8891172874323
3023817,14.702690165562142
3023816,13.204852596842203
3023815,363.0492022069009
3023814,623.0535557638874
3023813,7.402686565819078
3023812,101.25520341594644
3023811,3.887311800838856
3023810,17.688349519412572
3023809,3.499515756489827
3023808,131.721059489813
3023807,0.6661709900274961
3023818,600.6437538842628
3023721,5739.615412702598
3023777,5.989992522395047
3023775,290.01905206632927
3023746,44.05035968118965
3023745,7.6990177765737755
3023744,4.700853030889719
3023743,8.03652165635666
3023742,191.3624098493043
3023741,0.31483646291913736
3023740,26.320175671205305
3023739,24.05347790788727
3023738,0.9123554103833582
3023737,15.626296711178338
3023736,3182.3002389970898
3023747,4.657005416867915
3023735,72.8019087534213
3023733,207.7188706799864
3023732,612.9173110128819
3023731,899.375105790513
3023730,13.128052549169833
3023729,434.45611114897656
3023728,0.10173600371447869
3023727,2237.2429694399107
3023726,5.371478447217812
3023725,0.14704648590283878
3023724,4.62391912392339
3023723,73.99368315519561
3023734,120.26821764054516
3023776,21.499404667694883
3023748,214.00971468340848
3023750,4.409820453796397
3023774,0.45192236374394107
3023773,29.479807347297708
3023772,34.58959127893707
3023771,1.0620355775472072
3023770,39.51754978112881
3023769,5562.856345632293
3023768,100.63743104357626
3023767,133.64116343456803
3023766,401.0301411779414
3023765,1055.258988536774
3023764,1502.5339789613517
3023749,221.9947325649282
3023763,20.05802383993631
3023761,0.14384704476752397
3023760,4195.3641595681665
3023759,8.31800986265224
3023758,0.08829140311695853
3023757,8.567947771621018
3023756,16.175330695061216
3023755,0.5067893620807287
3023754,849.8901691669104
3023753,72.18947819757015
3023752,188.6314762801141
3023751,7.606032948105705
3023762,609.1816634012829
3023163,4.186417595098992
3023162,1.3138353365765671
3023161,0.2767044023747705
3022574,77.5059692968683
3022573,0.0
3022572,1040.4539037188522
3022571,1.9468656832714393
3022570,0.0589728679222788
3022569,1.9097615801711791
3022568,6.229090318585699
3022567,22.099645456827286
3022566,794.9505949557857
3022565,52.09358949846185
3022564,282.20893914901467
3022563,4.057112928330193
3022562,1.13422956303579
3022561,277.97238029087237
3022560,212.19162463452707
3022559,1.3556185415135809
3022558,25.46638727483162
3022557,4.9970796440446374
3022556,0.3973754165830228
3022555,1.6239938403900132
3022554,261.7404606734901
3022553,0.17397620946821316
3022552,17.799817108677892
3022575,1.930336604316019
3022576,287.89169095444595
3022577,128.3886741156058
3022578,83.84842305406683
3022602,4.1171912680366125
3022601,2.0919836255200903
3022600,20.700536490137903
3022599,168.81900920253884
3022598,5.569159010999276
3022597,2.2052814050527156
3022596,3.090233463180379
3022595,2.3357007492132054
3022594,71.96147314017988
3022593,1.5250589518656468
3022592,1.0736116253917296
3022551,12.27891311395366
3022591,11.673346600288907
3022589,2.2160422194423592
3022588,2.434039111449058
3022587,47.08723639536363
3022586,0.13650756998708558
3022585,8.005148749180185
3022584,5.128149612575368
3022583,0.49341674975361355
3022582,4.0583353998928136
3022581,2242.371633839185
3022580,3.751956065394812
3022579,71.05016041275047
3022590,2.576491147308574
3022550,0.5496939172084705
3022549,6.264639829448681
3022548,4013.6167257365464
3022519,13.010388996040929
3022518,10.271936772516487
3022517,0.32874865279284615
3022516,2.8509644417246514
3022515,2348.910712666762
3022514,34.63321780142507
3022513,155.7502196618922
3022512,169.80572771493303
3022511,264.19339886844534
3022510,737.4850315212987
3022509,3.846969681074337
3022520,0.10485985478071337
3022508,175.1460026647361
3022506,1453.2462408275544
3022505,0.3840125137567958
3022504,0.07280404791550053
3022503,3.2923012771849445
3022502,3.67005278422992
3022501,9.23047583102939
3022500,538.4739064540237
3022499,40.48371816461869
3022498,132.92872198046535
3022497,3.8233651083645466
3022496,0.9423704941782876
3022507,0.0
3022603,0.17415920223819928
3022521,182.2595277365425
3022523,0.12453834142128888
3022547,56.96810471868874
3022546,201.3125783753729
3022545,375.63830277117216
3022544,563.9853540803816
3022543,1078.897724703286
3022542,5.31290204413771
3022541,333.9380550689787
3022540,0.08801745689395381
3022539,2718.2889533751813
3022538,1.903391699232838
3022537,0.13284722884956027
3022522,0.36582642634193707
3022536,4.1753156723780185
3022534,0.18224956432141995
3022533,279.1866623008411
3022532,37.76125929709365
3022531,96.39231478328871
3022530,2.8483005581506133
3022529,0.7149822973998476
3022528,167.58850221051173
3022527,99.06084325694877
3022526,0.8053496078119458
3022525,19.54633171864164
3022524,2.3710071377004605
3022535,1.5449916993618893
3022604,0.8987298131388353
3022605,1816.5972711136344
3022606,0.08041924502516452
3022686,281.98308570457937
3022685,0.1589469196230558
3022684,17.627054043898198
3022683,15.774308097703141
3022682,0.5413439057680394
3022681,8.338817187328988
3022680,4383.160052526165
3022679,40.63091969620816
3022678,190.91359135894663
3022677,369.4515530898637
3022676,663.7804939196104
3022687,5.228987473540445
3022675,1176.9715567076385
3022673,523.673490059283
3022672,0.0
3022671,2865.587539788509
3022670,2.9748037490964507
3022669,0.20135013356367593
3022668,4.768435210355508
3022667,24.006211447158535
3022666,0.3744825105696823
3022665,1845.2675822409108
3022664,91.11523098705106
3022663,437.3173366146729
3022674,6.5932385278178085
3022662,10.28320287011068
3022688,4.804467952374119
3022690,26.772579522750863
3022714,5.931246011458213
3022713,3468.4236483582895
3022712,61.37493573848252
3022711,236.43566619144306
3022710,281.8377446262569
3022709,522.813079121529
3022708,984.3886804325824
3022707,6.424517237386406
3022706,402.3610714106479
3022705,0.08695243412106707
3022704,2162.156388505835
3022689,5.023932428987725
3022703,1.961355415975635
3022701,5.179307959792378
3022700,7.897359224450042
3022699,26.464474872382286
3022698,1077.2657430267905
3022697,54.30155225307426
3022696,191.12764589193796
3022695,6.044314166644677
3022694,3.2555009131968546
3022693,315.89544466561773
3022692,191.3224242862235
3022691,2.030094048006227
3022702,0.2159295894285507
3022495,193.45084848022177
3022661,9.51397619362946
3022659,417.8813439332907
3022630,119.30454243995261
3022629,3.8492994090033754
3022628,0.9706085053920974
3022627,180.72699417861784
3022626,131.12189546418716
3022625,1.154132929801507
3022624,21.54274247802696
3022623,3.012927869473515
3022622,0.18839590120665886
3022621,2.8734202297434033
3022620,184.3379109258505
3022631,39.26243047424755
3022619,0.16876191014360659
3022617,12.163850085056819
3022616,0.600429815352328
3022615,5.6194142259616955
3022614,3220.1638631627634
3022613,43.57348058591752
3022612,90.42636293730571
3022611,254.78558627793407
3022610,340.6716168741373
3022609,814.1264795660765
3022608,5.061415023930064
3022607,186.92042408693632
3022618,10.680115569567016
3022660,246.83815752001476
3022632,310.7657977841982
3022634,2.8709583767203424
3022658,6.7817452960279185
3022657,53.688233302632796
3022656,4.671821029597582
3022655,12.486144345198744
3022654,16.507011342298643
3022653,228.88831494414814
3022652,0.3062494008248758
3022651,22.11099931275936
3022650,20.64575126720777
3022649,1.0938320895809643
3022648,23.40045616194372
3022633,4.096527958836359
3022647,3887.4437607570167
3022645,187.32206009116624
3022644,247.0235639669225
3022643,882.8364393869065
3022642,950.6114943396415
3022641,10.694634649680232
3022640,546.7219576179243
3022639,0.11685739461551324
3022638,3136.1102901601544
3022637,5.574318272485829
3022636,0.11188207463618863
3022635,4.080750039013046
3022646,100.13513164516756
3022715,0.6596772065834766
3022494,146.479281099376
3022492,19.984973293644845
3022351,13.67214571135007
3022350,5622.798459154546
3022349,73.31845680633343
3022348,205.20935081813133
3022347,424.6621410331186
3022346,707.7127254177984
3022345,1638.9192923941755
3022344,9.314171935194656
3022343,652.9904537727335
3022342,0.11573408420021579
3022341,3529.783306378774
3022340,5.1134879268554645
3022339,0.22183874869341605
3022338,5.745566592638058
3022337,2.2708472527301913
3022336,7.678418729004203
3022335,278.28214819399597
3022334,19.265417780828425
3022333,130.82722300438203
3022332,3.0864697678256565
3022331,0.6736820235198788
3022330,158.5097136450344
3022329,132.35011099734686
3022352,0.7851043363869192
3022353,20.70617919770743
3022354,27.097606490677695
3022355,0.29196639770989014
3022379,332.0520738587837
3022378,715.7997561307817
3022377,4.813514045612425
3022376,169.69867678985395
3022375,0.04789283216542055
3022374,1557.2951199261324
3022373,0.669556297120572
3022372,0.12184052804769534
3022371,3.5584671717498413
3022370,7.673850101248769
3022369,24.570460364097425
3022328,0.6010151098036236
3022368,1307.9675819166878
3022366,344.18286603943113
3022365,7.7940286779577015
3022364,2.6231882762227774
3022363,409.4716857058772
3022362,434.0087160278333
3022361,2.2506921131780158
3022360,28.122154068974293
3022359,6.069300993618476
3022358,2.3811038224236585
3022357,7.073540143276869
3022356,370.7385241753875
3022367,69.56118943691611
3022327,9.41191443449568
3022326,1.4112595432781556
3022325,9.758082743211791e-05
3022296,343.0656268477999
3022295,6.711762796210502
3022294,51.3118194287378
3022293,4.498705513886354
3022292,13.297478598479081
3022291,15.529163308862419
3022290,204.70784694857392
3022289,0.28586000794866523
3022288,21.58225450407042
3022287,16.42330060289649
3022286,1.1864711997860882
3022297,180.2753033383505
3022285,21.580708011380352
3022283,91.54927227223716
3022282,151.8747861203372
3022281,180.18020262636577
3022280,792.646296677619
3022279,768.4535923236645
3022278,11.458659589449521
3022277,423.0189494354108
3022276,0.1062732531322903
3022275,2634.7378042437203
3022274,4.717051792704901
3022273,0.10134508285250597
3022284,3155.299640808555
3022380,181.0325791076568
3022298,9.018914089719901
3022300,357.2679705849749
3022324,1.832519880800569
3022323,165.94860166575694
3022322,0.11162386605431865
3022321,6.453653126651252
3022320,6.862480410685066
3022319,0.3668638113032548
3022318,2.767367224296738
3022317,2775.534035710042
3022316,26.658179911930265
3022315,55.77601166465044
3022314,187.81980315777275
3022299,10.162384884260216
3022313,246.39092876582455
3022311,2.815898974282094
3022310,112.42816540259206
3022309,0.0
3022308,1208.2845236413891
3022307,0.5875496143081445
3022306,0.09201250544145491
3022305,2.397118574139862
3022304,27.437621305988685
3022303,0.3597648625378788
3022302,2220.254197223129
3022301,76.41437077050827
3022312,697.6102843032272
3022381,66.7831494063651
3022382,32.95405428134533
3022383,2628.261205137282
3022463,0.6704584211875895
3022462,210.92400131074166
3022461,152.69386476366262
3022460,1.031410662961851
3022459,19.230270982332552
3022458,2.88798764895404
3022457,0.09525021251436164
3022456,0.6678274170054779
3022455,208.79497188754587
3022454,0.11682873507475315
3022453,17.324563182001864
3022464,3.2197121309059353
3022452,11.290114956787951
3022450,4.20109512148229
3022449,2884.2568437215477
3022448,36.76378104923626
3022447,69.90251881089273
3022446,208.6306547162057
3022445,352.9337137103774
3022444,916.1746290659624
3022443,4.795931279772831
3022442,193.9263168517377
3022441,0.03132631424968323
3022440,1589.1574762438167
3022451,0.45795089209291695
3022439,0.6681659018925963
3022465,103.19492689914908
3022467,370.74714818978185
3022491,3.077632370504954
3022490,0.24546479490678447
3022489,3.0287141895595164
3022488,223.7197064466591
3022487,0.15778553058701977
3022486,11.20272478903252
3022485,12.658490064653654
3022484,0.5853432521017543
3022483,6.220171433352962
3022482,3098.22839678198
3022481,47.5469061260528
3022466,44.385007585326036
3022480,97.78173362065701
3022478,354.06244468543093
3022477,837.313784634631
3022476,4.754165941798313
3022475,190.01970798938535
3022474,0.06819111208820884
3022473,1745.0770326214808
3022472,0.927215644887248
3022471,0.23668330689041148
3022470,5.25134378278626
3022469,2.4592611843
3022468,7.708206731780821
3022479,275.9671670667579
3022493,1.1333904812942537
3022438,0.10677702922961685
3022436,1.6716752497625964
3022407,1549.2850821200263
3022406,1.5951999942346462
3022405,0.10208334184606327
3022404,3.4584301272073805
3022403,1.8002102135550926
3022402,5.718020133786373
3022401,227.23889235278062
3022400,33.15864417320338
3022399,109.22569399820301
3022398,3.3977261534634184
3022397,0.7905300030671283
3022408,0.03840715440056486
3022396,164.83377015284796
3022394,0.8802357383693264
3022393,21.275655970038606
3022392,5.326135492896759
3022391,0.10295098421232673
3022390,1.303977806924574
3022389,169.24196829829714
3022388,0.1202505517096083
3022387,9.552597170324049
3022386,10.46218510510209
3022385,0.504844929669684
3022384,3.8600691762089703
3022395,125.77929932735732
3022437,3.3472062466193044
3022409,168.32442487972367
3022411,693.2002257819875
3022435,7.458151136364156
3022434,215.572152303473
3022433,31.203358074057803
3022432,104.16312091576698
3022431,3.264065096508742
3022430,0.7544887328650209
3022429,165.7804889085183
3022428,121.01029042075258
3022427,0.8230893205741951
3022426,20.3929156274743
3022425,2.4992653426547635
3022410,4.498753716753718
3022424,0.10453721133021275
3022422,164.64989241624107
3022421,0.12186165848532558
3022420,13.856676514531916
3022419,10.352725764974709
3022418,0.4939924370454183
3022417,3.8091095312359338
3022416,2560.8502402691934
3022415,31.3122757650278
3022414,69.36918162702206
3022413,171.7214318101329
3022412,312.8038921441906
3022423,1.3785474750338174
3022716,21.54020104229056
3022272,3.6998783356951312
3022718,0.24348864350360347
3023020,135.78211402358306
3023019,24.7949096755566
3023018,32.57642726108885
3023017,29.849343357595778
3023016,440.2586433074206
3023015,1.2107470576188004
3023014,52.712039627039694
3023013,39.49925052631509
3023012,2.6960092692394304
3023011,69.49088833540593
3023010,6654.930665442495
3023009,256.6174544887809
3023008,482.1918832856944
3023007,405.85467135323677
3023006,2022.0339743331333
3023005,1805.340380181841
3023004,25.303621317885337
3023003,1201.0421569034063
3023002,0.4189158000134419
3023001,6631.392247560179
3023000,10.533785573777756
3022999,0.4328005689846196
3022998,7.523445261391823
3023021,15.672966300664509
3023022,841.8914899484588
3023023,474.5516616344202
3023024,17.0058134238187
3023048,0.1005479845910437
3023047,6.4636788702071195
3023046,8.060590540035975
3023045,0.3215850359183475
3023044,2.0496127476328927
3023043,1717.8930487969797
3023042,31.847319700494772
3023041,134.40556757274206
3023040,115.38810398733914
3023039,205.19698189614888
3023038,516.4407663701794
3022997,2.50466623447136
3023037,3.1510062789001667
3023035,0.0
3023034,1183.585871126388
3023033,0.3400821794155692
3023032,0.026899181455716712
3023031,2.316615400495811
3023030,94.64166646424104
3023029,1.0109684391067808
3023028,5017.302946458162
3023027,299.4020689637935
3023026,945.8176460749228
3023025,20.218330885296385
3023036,132.75683610867983
3022996,1.024641497632662
3022995,950.0896011990684
3022994,61.53573999027733
3022965,4.13931474280245
3022964,2.981857151691218
3022963,1.0990160130734008
3022962,733.9964438619055
3022961,61.2731813381043
3022960,186.93112639296044
3022959,4.771196820103831
3022958,2.966845020272211
3022957,259.0229020480507
3022956,160.43775031924872
3022955,1.3005219750623844
3022966,0.19497482268043248
3022954,38.636810065807346
3022952,2.2522944571205903
3022951,0.3449136201158752
3022950,242.4426454803332
3022949,0.30349184376367533
3022948,18.88983471764786
3022947,14.714663810358061
3022946,0.8038564503966426
3022945,5.434824210258386
3022944,4158.072238248627
3022943,49.82164044045742
3022942,273.67356047789747
3022953,3.700974624121356
3022717,23.675146701687254
3022967,1.0963979839134708
3022969,0.12174936542963033
3022993,167.8731269972216
3022992,4.570679266818051
3022991,2.898477144859761
3022990,226.4818910728586
3022989,153.21313815988768
3022988,1.4805858155794107
3022987,36.08099102316451
3022986,3.000150806538998
3022985,2.0015574279554755
3022984,0.3262126331466841
3022983,228.8082990936939
3022968,2390.90580696555
3022982,0.2940006082652726
3022980,22.11666855920106
3022979,0.7114073203138729
3022978,4.799273062602451
3022977,3290.3197931576424
3022976,57.099179243013296
3022975,231.33925985404048
3022974,248.60053698431858
3022973,551.5407219278193
3022972,865.160402761839
3022971,6.457319886421703
3022970,511.5061128342037
3022981,11.71091704307051
3023050,0.4041818314096312
3023051,0.17743915632186602
3023052,1.9706348137810235
3023132,0.6524906001040798
3023131,0.17688174425602168
3023130,5.207068390258091
3023129,0.9586002020009929
3023128,0.13376752529672667
3023127,202.84308198333284
3023126,16.36217597894508
3023125,62.750549424039754
3023124,1.8536103906768626
3023123,0.6013848530213193
3023122,101.25540747629694
3023133,1930.7425117960543
3023121,59.11555026332969
3023119,16.626486061254667
3023118,1.5416961281086783
3023117,0.06421510036170952
3023116,0.2340298822683824
3023115,103.8797206108434
3023114,0.06473702497056874
3023113,4.793523858754343
3023112,6.920552790684093
3023111,0.2825248076764483
3023110,1.404455341343262
3023109,1614.1874308863107
3023120,0.42890592058267124
3023108,23.78278340554677
3023134,0.05458294206665802
3023136,4.630734332257448
3023160,740.0683652165685
3023159,41.7327198852871
3023158,178.44824779808272
3023157,3.6171252516246977
3023156,0.9097604910597865
3023155,224.60299063002867
3023154,201.480310526118
3023153,0.9241785701761069
3023152,28.123592863275785
3023151,5.353612566365504
3023150,0.19755077020163242
3023135,279.6609127998081
3023149,0.38118005995112136
3023147,0.16288368846955367
3023146,18.560129236179215
3023145,16.26142502104579
3023144,0.6266551051797165
3023143,3.1985317182646815
3023142,3191.6684156956617
3023141,50.233783043962056
3023140,201.11965717212345
3023139,221.16354804980134
3023138,400.1668393050567
3023137,901.0905996241231
3023148,217.11606484990327
3022941,287.3468947374674
3023107,134.11132096434156
3023105,158.3284427586982
3023076,3999.1810402844294
3023075,57.256928722863165
3023074,287.50871987187884
3023073,267.2756320410352
3023072,616.3774687290731
3023071,1167.5091193558033
3023070,6.3981447303313255
3023069,516.4803804657209
3023068,0.07483238959821144
3023067,2635.8972713086537
3023066,2.13317366232412
3023077,6.19610182781446
3023065,0.1994196722438946
3023063,1.4496267703163102
3023062,0.17190023047670208
3023061,271.8524760522844
3023060,24.152044041194042
3023059,74.16279440500308
3023058,2.410707990508467
3023057,0.8248371617136554
3023056,106.73695718155317
3023055,68.93752276086211
3023054,0.6282839464860521
3023053,19.52722537377495
3023064,5.413388990140958
3023106,81.54063650345049
3023078,0.5487757036354399
3023080,16.042219669162535
3023104,485.96225980254496
3023103,2.769342035676799
3023102,100.14896854024695
3023101,0.0
3023100,899.3390096783702
3023099,0.7057839960241405
3023098,0.0
3023097,1.7603524081902324
3023096,4.270773230955947
3023095,0.8423867406875014
3023094,1083.9426195248675
3023079,13.84647135036142
3023093,66.80834321735286
3023091,5.574006539093523
3023090,2.3489309797536824
3023089,279.5427942805508
3023088,236.41236837243005
3023087,1.5114467026625866
3023086,24.472678515870427
3023085,5.4076145942801395
3023084,1.9177927427312098
3023083,1.9470758951413938
3023082,239.31847709667312
3023081,0.2513201244767886
3023092,174.3047370126999
3022940,667.1759495722702
3023049,123.44464796659595
3022938,7.179738660684867
3022797,1050.821907593282
3022796,36.651020885478964
3022795,251.0324412271419
3022794,4.98492098828935
3022793,3.6015691091738864
3022792,159.8124119907075
3022791,326.33119926219774
3022790,3.069575948199608
3022789,29.60462457655897
3022788,4.3465221580842845
3022787,2.254411534770069
3022786,6.798466806541768
3022785,118.44732434183857
3022784,0.12541915861099634
3022783,14.080119031735359
3022782,11.281252504072405
3022781,0.5113857419055503
3022780,15.141721959423158
3022779,2326.314466696467
3022778,49.969133363808936
3022777,61.55680500195523
3022776,137.08666273694683
3022775,456.17130914259815
3022798,0.30418613619042684
3022799,9.689880978217019
3022800,3.2403464468747867
3022801,0.0708397382785294
3022825,296.72741019427156
3022824,309.81594641111343
3022823,9.039931094471244
3022822,66.1792111098935
3022821,6.926824578313165
3022820,17.893176263181008
3022819,8.441287416411031
3022818,223.63220426883132
3022817,0.23819284428951126
3022816,41.406469859588434
3022815,23.332289353491007
3022773,8.548760081787652
3022814,1.2183704183870607
3022812,3622.485747412084
3022811,106.54549116267151
3022810,194.0843519900712
3022809,279.5114942993233
3022808,1188.014649155496
3022807,1003.9709944172524
3022806,12.763374295615224
3022805,825.4821286945232
3022804,0.1727808813262343
3022803,3440.331097303139
3022802,6.339004255231139
3022813,19.484947098083175
3022772,281.325177431696
3022771,0.04181758954710706
3022770,1685.1526354350606
3022741,666.2532221263108
3022740,4.7275141640790315
3022739,161.29326102351732
3022738,0.11221695772761303
3022737,1344.6305785219777
3022736,1.9832073304494293
3022735,0.21967588216937778
3022734,3.2742803571478287
3022733,3.6374566329409186
3022732,0.7499268318163776
3022731,966.7240730146572
3022742,248.47812433716587
3022730,88.8414165746125
3022728,5.283070115059691
3022727,2.070010748984435
3022726,254.70948518462953
3022725,170.70477474060908
3022724,1.7123365442451326
3022723,31.96959169231627
3022722,4.84743769196922
3022721,1.6384049746216531
3022720,2.415381729181725
3022719,248.7862499180361
3022939,1064.9230759507466
3022729,182.28044687431557
3022826,13.39829438040633
3022743,141.20318847824691
3022745,28.84394542075904
3022769,1.8405127537658132
3022768,0.04284567086355567
3022767,3.1485846386448655
3022766,1.2127652261476798
3022765,7.394532810549521
3022764,410.8974148800892
3022763,24.36103057427557
3022762,55.43552793088595
3022761,3.7444395601476748
3022760,0.9985210130057627
3022759,137.21264292235557
3022744,88.26276768633504
3022758,52.56588549660862
3022756,10.38903140898449
3022755,2.861930588241791
3022754,0.5964381179591349
3022753,0.887651773516543
3022752,155.63702726111407
3022751,0.1887100605952711
3022750,17.947934277645313
3022749,17.830613114005573
3022748,0.559935640763102
3022747,3.5087348597785795
3022746,2029.5924033673489
3022757,1.6296306219939005
3022827,9.364970552820553
3022774,500.13712658160233
3022829,111.9312740077296
3022909,186.1649967919669
3022908,235.73645712025674
3022907,843.5511695893813
3022906,827.505937836111
3022905,10.314712468459064
3022904,585.513099218015
3022903,0.1126073831777977
3022902,2924.1288644234137
3022901,5.085322527452304
3022900,0.11319112470051755
3022899,3.902814114822201
3022910,78.35636477429466
3022898,2.5939151054425733
3022896,440.48624576799233
3022895,18.31602489551154
3022894,120.13169157636767
3022893,3.151487475342722
3022892,2.8199546655188903
3022891,115.44800546208212
3022890,143.4185058709473
3022889,1.5762408184585293
3022888,16.903183677566886
3022887,1.656753126770922
3022886,2.8611505842982874
3022897,0.2729167465939083
3022885,1.814256000822478
3022911,3291.4455039099694
3022913,1.2378209223632979
3022828,420.75774976532074
3022936,0.13424323319429815
3022935,2936.4293284090113
3022934,1.196914435512062
3022933,0.20219068709800217
3022932,5.070407707783146
3022931,19.66560418006628
3022930,0.4477707007469161
3022929,1955.201271536096
3022928,71.87415440841436
3022927,362.6189630502967
3022912,19.25731560087754
3022926,8.398323195740106
3022924,229.6082369719891
3022923,290.85125052791085
3022922,5.1139234106417275
3022921,68.59333476783544
3022920,4.700110516099653
3022919,15.090517273866162
3022918,6.840921257062365
3022917,193.23403832632175
3022916,0.239390415837807
3022915,27.01697579741629
3022914,15.52320503880578
3022925,8.601632051659509
3022884,77.14714061127295
3022937,597.9361269207893
3022882,6.7156111624082335
3022853,6.296713542536879
3022852,0.4550433489428946
3022851,41.41820155192325
3022850,0.10621430836077322
3022849,8.097639762859087
3022848,5.137598049872853
3022847,0.5240200875892387
3022846,5.690102158640692
3022845,1284.693570064347
3022844,4.939574711922581
3022843,18.971366594801353
3022854,1.4755325736406277
3022842,37.45498103129754
3022840,199.259948763933
3022839,2.527204037064893
3022838,89.80393836021476
3022837,0.0
3022836,578.5939328676168
3022835,0.915792886120939
3022834,0.0
3022833,1.550673938095842
3022832,31.430077054582952
3022831,0.5538343330120834
3022883,0.144225137974666
3022841,201.8578000446699
3022855,36.159328618794675
3022830,3068.696253697027
3022857,9.213984244262443
3022856,2.1779902036210013
3022881,7.513945847522729
3022880,0.4541219592017534
3022879,3.8697708816859
3022878,1489.1555744117306
3022877,27.277329244558032
3022876,44.917446249743286
3022874,272.1081295427807
3022873,359.0707312516299
3022872,5.609249811009335
3022871,214.23124891599866
3022870,0.01419686962597942
3022875,78.15895382060745
3022868,1.078596611053095
3022867,0.002627962722737417
3022866,2.4560443016825504
3022865,0.605204554331676
3022858,57.56660450319183
3022864,0.27063855661166253
3022863,69.5594404003491
3022862,6.733259261761135
3022861,13.450719094387331
3022860,2.356527998811365
3022859,2.812360108284961
3022869,1063.925364205673
3025240,0.5210577705213364
3025241,10.630590278283178
3025242,4.222907558183338
3025243,0.2323980347118295
3025248,11.153801842974914
3025245,2253.2657288641826
3025246,0.28437307365316356
3025247,520.1075155097274
3025239,1415.8857280259754
3025244,4.92555942617579
3025238,55.40527059672868
3025226,0.27950488980585425
3025236,10.208266791595825
3025235,8.0324633865668
3025234,250.34033950539552
3025233,190.17073134112005
3025232,6.93483946156538
3025231,45.0714130570066
3025230,5.085153080866631
3025229,11.985838959970664
3025228,8.661562664824883
3025227,214.74811185759344
3025276,0.0695193709294536
3025237,208.06970753134857
3025249,853.3187937970984
3025262,20.104642624697664
3025251,198.72967377532134
3025225,30.14486832349451
3025275,3.8699393466070466
3025274,11.217266442473493
3025273,0.6260417705610761
3025272,1498.1332930887636
3025271,94.56933715330273
3025270,192.97989341272373
3025269,9.541378246402271
3025268,9.753826401156088
3025267,236.52998618614285
3025266,198.4408179858161
3025250,648.0253352451487
3025265,9.040927649833993
3025263,3.727891422698989
3025261,13.783870708572657
3025260,208.08180485712953
3025259,0.3884002536903329
3025258,22.635870867079582
3025257,17.75612680433817
3025256,1.1079303311460764
3025255,24.502720055189204
3025254,2879.6181968671967
3025253,105.85010192951877
3025252,106.77052213318773
3025264,52.36822267689632
3025224,19.1802012646544
3025197,5.194264262348955
3025222,20.070163221118733
3025192,26.284731866379243
3025191,25.238261461486676
3025190,0.7286507691704633
3025189,7.368013182318261
3025188,4061.830478889111
3025187,61.76501520499993
3025186,154.99630111422428
3025185,248.1424644373339
3025184,473.1356397771027
3025183,1239.2647993499472
3025182,6.306637183500473
3025193,0.19147056913760224
3025181,371.54415462123984
3025179,2498.233478561677
3025178,2.2274427474351635
3025177,0.17296174475760412
3025176,4.415114789673752
3025175,25.065544511430133
3025174,0.2760747064505724
3025173,2030.8624302456706
3025172,73.89606254620013
3025171,416.0291342510044
3025170,9.297260266384367
3025277,1.8388258353810012
3025180,0.09016995574308706
3025223,0.8811624849523274
3025194,267.6047299335038
3025196,0.7012178031043437
3025221,3307.985746768223
3025220,88.07408065269823
3025219,109.35970018946142
3025218,209.2064673071526
3025217,590.9923151667952
3025216,888.1086004252978
3025215,11.747105848613169
3025214,443.7550803016
3025213,0.13885949420792176
3025212,2223.34143539745
3025211,3.9382578671181774
3025195,0.8000431271297241
3025210,0.15853844923893942
3025208,2.600449405179778
3025207,0.28909864726039963
3025206,1663.7929786973737
3025205,49.85268326245519
3025204,145.53387488597232
3025203,4.640987391529065
3025202,1.2064578684404572
3025201,290.9021973365888
3025200,141.61139075449933
3025199,1.4202710029011718
3025198,35.576799882533706
3025209,4.432602800308295
3025278,3253.68931439731
3025388,1.2220369566035196
3025280,403.3349516753446
3025359,510.008038010104
3025358,0.7919942037945653
3025357,60.18933670036732
3025356,48.72589905058881
3025355,1.3398431362192498
3025354,73.28191463814505
3025353,8024.805116378941
3025352,280.30854301824326
3025351,359.28890360999026
3025350,586.6729467165
3025349,1844.6271581903588
3025348,2115.458124077736
3025347,23.276160045356217
3025346,1163.9288124022482
3025345,0.17450694498887637
3025344,7312.761949119885
3025343,11.679660221596357
3025342,0.155349673479689
3025341,11.230513398662392
3025340,98.22060064682
3025339,146.7716229311777
3025338,5775.782094836963
3025337,315.58188101501537
3025360,28.258510614332916
3025361,20.58134657618022
3025362,11.813609711937737
3025363,147.34628518935796
3025387,48.82601678860704
3025386,7157.5030466790095
3025385,182.9177499339006
3025384,187.78251081892807
3025383,596.2170721071736
3025382,1377.9830652537291
3025381,1842.8980762211029
3025380,18.6706066269718
3025379,795.2693493393183
3025378,0.11230791504955469
3025377,5114.007498520901
3025336,1052.9105022026288
3025376,11.632665244413479
3025374,9.508179991959599
3025373,73.18481173932086
3025372,127.21912849670412
3025371,4716.997003901192
3025370,235.04809933784068
3025369,966.924891426993
3025368,24.873044270985417
3025367,20.814657925201313
3025366,564.6246004132906
3025365,913.9694644519872
3025364,11.861037028856197
3025375,0.07939372700547369
3025335,29.02530230063449
3025334,24.36590537040875
3025333,561.930695224733
3025304,56.71467392175639
3025303,142.56469169724818
3025302,4.106695915514141
3025301,1.8078102409144936
3025300,220.5360906444475
3025299,160.30305973814998
3025298,1.5947161237101333
3025297,34.00681328892917
3025296,2.1040948546823506
3025295,5.91186830699671
3025294,0.26963751410410164
3025305,1666.9382800459014
3025293,206.88227244570007
3025291,15.40486271381177
3025290,17.135026177092765
3025289,0.5565959552970106
3025288,4.246982978377671
3025287,4079.837481082959
3025286,49.31511390958054
3025285,137.87069262954807
3025284,226.47168340205062
3025283,473.51855781912457
3025282,996.9407328548795
3025281,6.0342595758238
3025292,0.12545785812475604
3025279,0.032278383811295316
3025306,0.7104144391036145
3025308,13.475533547634505
3025332,892.0509030418184
3025331,15.300443583944109
3025330,226.36619176386074
3025329,25.296640179128158
3025328,21.39690635416165
3025327,31.724488479671372
3025326,493.90526797515594
3025325,1.0832750324311093
3025324,73.53221831341257
3025323,73.6014896737772
3025322,2.407382973005854
3025307,0.7873772178504197
3025321,79.52098900011086
3025319,353.3113707855385
3025318,479.97212894932255
3025317,562.6832523159201
3025316,2340.095746631678
3025315,2316.89339480009
3025314,25.611628076955725
3025313,1342.6269915664957
3025312,0.2251614638593814
3025311,8990.407491363158
3025310,12.679906766587555
3025309,0.2103207909902381
3025320,9294.269332673215
3025169,8.623073000529285
3024947,2.0659313969537014
3025167,374.23096707924054
3025026,15.756922322410972
3025025,0.4930633832409017
3025024,7.096954108950351
3025023,3350.6884915908686
3025022,69.82689218742014
3025021,143.4854990754087
3025020,213.26727086652105
3025019,557.3055922924175
3025018,868.3543987014442
3025017,6.403169595682106
3025016,437.57667585727984
3025027,11.444240995264591
3025015,0.032953892496422624
3025013,0.868628040887526
3025012,0.072831901874916
3025011,3.908048596550687
3025010,0.33641192427420347
3025009,0.16818094780583479
3025008,466.96587784792115
3025007,24.197060070405968
3025006,47.222155689115525
3025005,2.1546607464615577
3025004,0.49767931814203265
3025003,80.66121213486876
3025014,2473.018446833446
3025002,79.06316739335523
3025028,0.17190650105345293
3025030,0.2630408703398009
3025054,140.7970195988482
3025053,180.62183467986418
3025052,800.7729436595496
3025051,941.4413906052921
3025050,10.867286918110393
3025049,554.5645428208156
3025048,0.1646370049806334
3025047,2900.8243048325585
3025046,4.452121019463051
3025045,0.13137214129343786
3025044,4.055857176046714
3025029,205.4670473941554
3025043,1.1321975090289738
3025041,2402.7156968153004
3025040,59.52420553482541
3025039,117.50827455106098
3025038,4.337242913135915
3025037,2.7116250733839813
3025036,239.15839172732893
3025035,167.36049645170607
3025034,1.496054159394658
3025033,56.028790450606024
3025032,2.7006925593352964
3025031,8.526354313538928
3025042,0.8513782498679241
3025055,121.34123929679606
3025001,0.5066062679152668
3024999,1.0552217528830203
3024970,243.280162407856
3024969,162.23606719965173
3024968,1.8307427574104524
3024967,33.18294636378442
3024966,4.73199097085975
3024965,7.136799684270532
3024964,2.7147150787649506
3024963,211.31343407109043
3024962,0.2964784344794231
3024961,23.0135333429047
3024960,22.405646799723034
3024971,2.994995386215742
3024959,0.9436414392038244
3024957,3560.075087171944
3024956,56.94670082195449
3024955,140.84709177782116
3024954,207.4996972562305
3024953,533.2417008538628
3024952,908.7149171484735
3024951,7.276683661524105
3024950,491.2454428716972
3024949,0.09389148158615704
3024948,2266.4087286988733
3025389,35.74622149040103
3024958,5.714352897800875
3025000,14.219704776845106
3024972,5.240341972660004
3024974,46.60005323950042
3024998,0.15426311923996888
3024997,0.04141170953647728
3024996,91.62607378467571
3024995,0.040940835827192754
3024994,4.893089968626985
3024993,5.357038920987128
3024992,0.28709465504371645
3024991,1.8989808206184895
3024990,1713.9906066025665
3024989,30.480222052996822
3024988,88.51491235311268
3024973,133.81675182800936
3024987,80.81767304520092
3024985,428.37455157005456
3024984,2.3400197880335583
3024983,97.81910976712597
3024982,0.0
3024981,1046.6138514569739
3024980,0.18626934828305636
3024979,0.015911387211444816
3024978,2.3150696695328548
3024977,3.6561152603840847
3024976,1.1378248943944405
3024975,1294.504329803048
3024986,156.60394444522942
3025168,213.74907524986165
3025056,3753.616724194038
3025058,1.3565137668768146
3025138,178.9847669955796
3025137,8.193645400075141
3025136,4.495856234544408
3025135,281.3295477082177
3025134,200.30624418809924
3025133,3.1095334664622003
3025132,44.98612889134526
3025131,4.727729353453574
3025130,12.68691680384349
3025129,6.690360414165384
3025128,268.82190368354065
3025139,85.28978429879955
3025127,0.30758744488647793
3025125,29.22622215513689
3025124,1.069302756027683
3025123,20.211589720362284
3025122,4498.155830339632
3025121,77.04903672838564
3025120,222.54210426856451
3025119,224.5042956359747
3025118,637.611244114311
3025117,1260.7094196681378
3025116,8.687480600358088
3025115,619.2127136724478
3025126,17.523615154409576
3025114,0.1326954306722042
3025140,2622.5757965386615
3025142,8.108347885000546
3025166,6.042168156370599
3025165,51.15198427694577
3025164,3.1357221443324867
3025163,11.521526520788665
3025162,15.086524107544538
3025161,206.3304547321038
3025160,0.22515588447779597
3025159,17.502504556843196
3025158,19.197100039537776
3025157,0.8816125255307763
3025156,18.56766539927159
3025141,10.893348730996747
3025155,3354.416812011719
3025153,156.21613420790672
3025152,200.60589263467512
3025151,764.8376298133716
3025150,773.2629279821174
3025149,9.970002106281019
3025148,416.57000719975866
3025147,0.09276911443453174
3025146,2580.7534167253434
3025145,4.630815926390887
3025144,0.05665445160958488
3025143,3.3746531603893546
3025154,92.22869793633025
3025057,37.50775090415018
3025113,2967.528448466345
3025111,0.18663041682497444
3025082,378.6581357568548
3025081,0.04190005456879366
3025080,2035.20750648615
3025079,4.3744883679555
3025078,0.048868726111652376
3025077,4.6792463698140105
3025076,15.242453462405837
3025075,0.6656696543805429
3025074,1398.2899321013033
3025073,109.55847392848656
3025072,206.65373059195474
3025083,11.413686168351937
3025071,10.409507637517562
3025069,236.37618505671534
3025068,207.5868474611084
3025067,8.927028379539315
3025066,69.89677413182633
3025065,4.234637076185298
3025064,19.81609760735514
3025063,13.579659076041334
3025062,216.36852459506073
3025061,0.2617577532610231
3025060,24.66893957836929
3025059,19.941872621455488
3025070,11.959180871430364
3025112,4.82819681008789
3025084,802.6757513782395
3025086,163.51750514937908
3025110,5.06882365207796
3025109,12.539779785576478
3025108,0.4865765561212891
3025107,1215.4239346554414
3025106,71.66471076245251
3025105,162.62830616464916
3025104,9.605920372142089
3025103,7.896816792297878
3025102,222.6542598819697
3025101,204.5673731070465
3025100,6.862296990120511
3025085,548.6331095237321
3025099,55.43080314825491
3025097,10.731016215945562
3025096,12.642456137062174
3025095,188.3032807968135
3025094,0.1691924356033175
3025093,26.578833119445857
3025092,24.9323081000995
3025091,1.0587664644713088
3025090,21.271497350390174
3025089,3221.633653181327
3025088,84.77537901648746
3025087,112.58538003857305
3025098,4.691912224693042
3025835,13.369675462704484
3025612,1335.1303195436274
3025392,454.6890676149734
3025695,59.91171567023753
3025694,0.9359089158462828
3025693,17.891601549774126
3025692,2.540110979423398
3025691,0.22057717626665357
3025690,0.28987396203994187
3025689,162.23920677787356
3025688,0.10217167429457748
3025687,9.384151120051262
3025686,14.885461632812145
3025685,0.3765213536807611
3025684,4.529260375681197
3025683,2618.013009841723
3025682,29.563040885399843
3025681,62.077249687332454
3025680,156.50380053990378
3025679,205.9105223512832
3025678,800.1720471260259
3025677,4.150121694477387
3025676,164.0537832231649
3025675,0.033689283675245436
3025674,1496.5760947132806
3025673,1.190681493408496
3025696,157.92994672163312
3025697,0.5242187656073678
3025698,2.7305764960154297
3025699,54.361473051980525
3025723,17.976592146122808
3025722,219.09636785182573
3025721,0.2656397842785498
3025720,26.123998864229385
3025719,16.18006132155709
3025718,0.9285445811664959
3025717,26.348499592419426
3025716,4099.916551282284
3025715,118.1606662475518
3025714,176.09671889892172
3025713,264.0934737165724
3025672,0.08324040374396055
3025712,855.4140682392384
3025710,12.420463728789233
3025709,515.2947728677927
3025708,0.09217726874555411
3025707,3083.4760912338456
3025706,6.101655835550579
3025705,0.09568379004384725
3025704,4.301466205977683
3025703,1.1608611129322823
3025702,0.17520894297895898
3025701,638.6382734786257
3025700,47.82779633606679
3025711,976.1346895108524
3025671,3.931835018008213
3025670,7.646189596871105
3025669,0.7687320317048927
3025640,3.29353082359743
3025639,0.11103265616600017
3025638,4.843803608533451
3025637,10.05945827809159
3025636,2.163928453555
3025635,2334.3948073569145
3025634,53.92600383704446
3025633,94.70899551217141
3025632,12.139277828636592
3025631,8.028115796067508
3025630,403.1977317393779
3025641,2097.93180574431
3025629,113.71533345957667
3025627,99.84205387203482
3025626,2.934934808395644
3025625,13.25051334417682
3025624,3.684560229717138
3025623,282.7042241701727
3025622,0.5916471317545715
3025621,27.896591195313814
3025620,20.805855849058002
3025619,1.5103735396207596
3025618,13.225454498436056
3025617,4214.858694254138
3025628,5.676288506699991
3025724,11.635137876262144
3025642,0.17296545545272715
3025644,7.862697791459302
3025668,1024.869424201493
3025667,116.29048816471652
3025666,249.3032786978923
3025665,6.8497252115267395
3025664,4.87394363727646
3025663,217.49180887241567
3025662,254.16011501268628
3025661,3.724990569541961
3025660,54.12735093744508
3025659,3.1419697198825913
3025658,5.067006771509042
3025643,445.181079874952
3025657,3.477129566905628
3025655,0.31155556615483515
3025654,26.79263617215862
3025653,10.476494059085475
3025652,0.9935569225224588
3025651,9.840151008773907
3025650,2714.1644485966935
3025649,115.69215579695764
3025648,135.3963184585205
3025647,204.67718271184492
3025646,560.7365469006228
3025645,743.2502858646498
3025656,158.73099479731698
3025725,10.457572425598116
3025726,57.40597023297292
3025727,6.902756302935209
3025807,0.08553886266584798
3025806,3142.0501870956723
3025805,5.8854502439293555
3025804,0.1699906874780881
3025803,6.45052277718912
3025802,39.9550014806974
3025801,0.6438521891366182
3025800,2778.4976825330527
3025799,155.9461864365848
3025798,591.3872242425468
3025797,13.939518130775836
3025808,604.5552657760887
3025796,11.551007059048056
3025794,532.0375641149852
3025793,9.480170185938952
3025792,75.1048295756629
3025791,9.109615207093757
3025790,19.714948541447725
3025789,19.995989396607634
3025788,152.7388776931271
3025787,0.4583556841954772
3025786,23.381184587200824
3025785,25.529719806627813
3025784,1.7213058257197709
3025795,298.4487863186613
3025783,34.969407390316036
3025809,11.516744222097739
3025811,807.7610131580975
3024946,0.17503086760246658
3025834,29.06132102429284
3025833,2386.2432643899488
3025832,81.08114208027152
3025831,350.16708216871774
3025830,9.083488106483339
3025829,4.39021585799625
3025828,358.4569277418248
3025827,324.16637097024983
3025826,3.0477372252231048
3025825,37.223591091282415
3025810,1394.612614998654
3025824,8.440219765757224
3025822,9.512047653432639
3025821,327.29101447786695
3025820,0.41218347731156973
3025819,30.253379779446206
3025818,32.220173848027166
3025817,1.1883448573287891
3025816,11.66036686839386
3025815,5082.775204356811
3025814,73.74935034806944
3025813,191.73229342071198
3025812,411.63403215686446
3025823,8.293995221638832
3025616,167.5461757643318
3025782,2630.9370064627483
3025780,266.83419558920696
3025751,1.644022776905825
3025750,36.6961915142631
3025749,4038.253808448007
3025748,167.08184157134068
3025747,261.60203583176815
3025746,227.17146472919117
3025745,1178.9657842815502
3025744,1064.217199955789
3025743,15.739755410630643
3025742,673.5594245796432
3025741,0.19297652589462064
3025752,23.76878054955101
3025740,3791.9323776993215
3025738,0.17831750792359383
3025737,4.334068175350072
3025736,30.061434808320783
3025735,0.32666897896925606
3025734,1865.1754056937862
3025733,94.84565907662525
3025732,467.3671831016526
3025731,10.40823569353173
3025730,9.330732171409348
3025729,262.3350976408093
3025728,443.5108590255075
3025739,4.501773792671117
3025781,157.56392005763615
3025753,31.367404308988505
3025755,245.19646780799656
3025779,309.17828260887626
3025778,998.1182726473983
3025777,1206.5601199324392
3025776,16.42763494375852
3025775,730.9264541737086
3025774,0.15300763889807892
3025773,1898.3481259326286
3025772,5.810927906029568
3025771,0.1608569418318308
3025770,5.404560396936618
3025769,46.35073514817433
3025754,0.46516544572567653
3025768,0.4884603291977988
3025766,151.94644334605516
3025765,585.9442852575626
3025764,12.529840089629385
3025763,9.991521076161797
3025762,243.73707097594522
3025761,540.4951213678809
3025760,10.114825323464402
3025759,95.05809778338819
3025758,11.424070904760372
3025757,20.976721902946995
3025756,15.49053963566146
3025767,2811.3702753768466
3025391,0.6975373123640367
3025615,57.77298389858406
3025613,876.4994134351764
3025471,110.45524973375164
3025470,1497.532620508251
3025469,95.95414830236038
3025468,710.0726359935014
3025467,25.52360338531571
3025466,16.986726397829894
3025465,544.4315834251139
3025464,758.2959557663185
3025463,6.118868863417114
3025462,69.80630534352092
3025461,5.384305212396732
3025460,9.747379877751438
3025459,22.96124881394903
3025458,407.8764940556485
3025457,0.5494156967146586
3025456,35.349979234537834
3025455,35.60922442857439
3025454,0.7892259789180631
3025453,41.10890916286419
3025452,6905.056414189147
3025451,131.4048743897301
3025450,139.78350103840424
3025449,534.8068780489853
3025472,27.253572888156402
3025473,8.870589380555495
3025474,0.11433034908943708
3025475,9.982033407874598
3025499,18.090819359532954
3025498,460.18182521392475
3025497,717.2589156104854
3025496,12.3708638409284
3025495,133.88085611851434
3025494,11.02668269719581
3025493,22.035663474415397
3025492,22.446260825752603
3025491,434.26129381460817
3025490,0.6315900129977086
3025489,49.528738387958356
3025448,1128.8743015173836
3025488,47.17001059145193
3025486,62.46782438264381
3025485,6819.35137517001
3025484,246.60745127371544
3025483,327.2657385673171
3025482,456.3590024370413
3025481,1689.4688173858906
3025480,1826.360437656195
3025479,22.312567124999
3025478,1082.9918341914567
3025477,0.18568139464089942
3025476,6654.291013577436
3025487,1.3407209038544319
3025447,1728.0587339924193
3025446,18.181816338536343
3025445,661.3468430027198
3025416,570.0257353595739
3025415,1636.2688273408648
3025414,1927.7832991477328
3025413,20.825637445882833
3025412,1032.7235682915848
3025411,0.2007056578906137
3025410,6294.550556594391
3025409,12.522267730211288
3025408,0.1052407678630433
3025407,10.461193390415778
3025406,44.31963037663889
3025417,262.68345873771955
3025405,112.84456404376458
3025403,135.6396674709515
3025402,807.4513189188236
3025401,27.50969227640958
3025400,18.964174172375962
3025399,558.0864296558735
3025398,806.1919124488319
3025397,8.526246799598274
3025396,94.27379661357188
3025395,8.862830839047328
3025394,15.275956927734356
3025393,28.944176016986308
3025404,2631.5652247406606
3025500,23.862724381330203
3025418,214.737546206881
3025420,57.05409440250879
3025444,0.08830309744957357
3025443,4209.172294194992
3025442,11.110419217363988
3025441,0.05234444847578536
3025440,9.03451843525425
3025439,54.787196408120366
3025438,122.4062590559825
3025437,3715.963506581229
3025436,175.33655397778404
3025435,874.2618254565518
3025434,22.58115269908875
3025419,7884.289169651076
3025433,19.897420417291347
3025431,790.5691298812826
3025430,10.220566627043109
3025429,125.8369823469131
3025428,8.23430092605175
3025427,18.75678692424559
3025426,29.38742128083641
3025425,495.33058763539356
3025424,0.8527150514296817
3025423,53.45851414409975
3025422,45.43343862342599
3025421,1.3988459604099064
3025432,594.9852386608183
3025501,733.6451784835458
3025502,207.02206496872384
3025503,5245.170089905734
3025583,190.19961002307505
3025582,291.42154205599496
3025581,307.7285413169287
3025580,1329.1675703714832
3025579,1315.173667869797
3025578,12.401691793557305
3025577,868.8201612983664
3025576,0.16352688065587026
3025575,4715.611478404275
3025574,6.580537988007218
3025573,0.12563525530227643
3025584,4996.569844215947
3025572,5.7753951645925845
3025570,96.37622052256644
3025569,1313.9576570786805
3025568,85.78140185049165
3025567,476.0063073623855
3025566,15.037481332989138
3025565,9.044941475182254
3025564,369.8781222596795
3025563,564.2590742384282
3025562,5.838601909861692
3025561,68.07283241317135
3025560,3.513486659821446
3025571,23.4775647607099
3025559,6.219204294670767
3025585,25.333746408590034
3025587,26.116067796090217
3025611,6.106392023124194
3025610,916.6681952635377
3025609,0.31877430075184837
3025608,3842.3797993284834
3025607,5.400680427423439
3025606,0.24034883758418385
3025605,4.538835981416761
3025604,34.03513299554803
3025603,2.426112953414187
3025602,3001.6664945300186
3025601,144.77522058168583
3025586,1.089550288276631
3025600,580.3842883091367
3025598,12.996931827003765
3025597,317.4026135892248
3025596,605.0593239965473
3025595,7.274920038373363
3025594,100.97937431814314
3025593,3.789999897098201
3025592,18.290655291408115
3025591,3.4099253104495437
3025590,286.16553730463266
3025589,0.6529590088032515
3025588,27.9738031540622
3025599,14.625045301690223
3025614,363.5060038073991
3025558,23.25610478900228
3025556,0.441194174452536
3025527,7.548638952798315
3025526,4.926534214214856
3025525,7.8317723595514686
3025524,168.62297393648413
3025523,0.30075459958895157
3025522,27.09577782422006
3025521,21.335037777464134
3025520,0.8817956210567328
3025519,15.580830167039132
3025518,2967.706776796614
3025517,73.5153394525303
3025528,47.771290344756004
3025516,112.91868813793317
3025514,566.2282653326494
3025513,834.3991006425642
3025512,13.77581362093312
3025511,398.3789157749012
3025510,0.08993644059937601
3025509,2025.4073937042003
3025508,5.090589581030028
3025507,0.14311724875376058
3025506,4.578661686567437
3025505,70.36321430173975
3025504,107.77495132813534
3025515,189.94743513060135
3025557,282.33204331630424
3025529,4.610701380733569
3025531,206.04601783712772
3025555,41.04391981503471
3025554,37.9083228999508
3025553,1.0358954477112894
3025552,38.92320551607197
3025551,5296.014446850698
3025550,122.26874484969267
3025549,126.65351479758769
3025548,371.9780533270523
3025547,986.8215630649111
3025546,1394.7374465419766
3025545,21.09281320744096
3025530,207.26852494488952
3025544,563.8532748672476
3025542,3641.0488885481195
3025541,7.951291561676491
3025540,0.08225660747326373
3025539,8.37737405218335
3025538,15.20690991858239
3025537,0.48332296734310687
3025536,767.1756161054589
3025535,69.4501688824303
3025534,181.77070538187226
3025533,7.426660972109342
3025532,4.315695353392105
3025543,0.1353952102045261
3024945,4.080346543932467
3025390,44.45385508403682
3024943,0.2600890815340638
3024356,71.1767594910237
3024355,0.0
3024354,965.2648343211995
3024353,2.780963669779543
3024352,0.0497976004324872
3024351,1.85025201238312
3024350,6.022750693284306
3024349,15.952770682812822
3024348,1710.299371321646
3024347,50.21553727152311
3024346,265.5071432007679
3024345,3.952749197724132
3024344,1.101432645949274
3024343,261.65835074535784
3024342,204.7384191144323
3024341,1.319800330435685
3024340,26.734535752269753
3024339,5.4799502573734715
3024338,0.4424113507717737
3024337,1.5698424322345215
3024336,266.7214536113856
3024335,0.16380451756296488
3024334,17.15223603973007
3024357,2.047616875226238
3024358,318.3718738508747
3024359,186.30782443320427
3024360,76.89667742349677
3024384,4.0760116283319014
3024383,2.0037292650665224
3024382,22.736169007300603
3024381,711.9625957755869
3024380,5.336791528855707
3024379,14.661230764867256
3024378,3.0058232415149906
3024377,2.2844407054052858
3024376,41.286156766042915
3024375,1.4367825791381863
3024374,1.042081452919859
3024333,15.548831694796618
3024373,11.391420291568783
3024371,4.595963361390154
3024370,2.363170784441718
3024369,44.187959986212086
3024368,0.1266605179287415
3024367,7.72317601591004
3024366,5.034968415165063
3024365,0.47259043208425217
3024364,3.9814211958894177
3024363,2161.6981941677573
3024362,3.771163105513744
3024361,31.719436680129263
3024372,2.3613510469288324
3024332,0.5280827910339545
3024331,6.154177800800819
3024330,3808.850340423502
3024301,8.053485567900054
3024300,10.241112349032127
3024299,0.3099436866302582
3024298,2.840433531094961
3024297,2206.2157228211795
3024296,32.92339821807362
3024295,96.02692883655631
3024294,156.74804143340887
3024293,235.52624536113225
3024292,682.5183353170245
3024291,4.040958971059916
3024302,0.09505710864369714
3024290,157.75979667279657
3024288,1321.8105565889075
3024287,0.3487270424581687
3024286,0.06912913014141131
3024285,3.257759785409445
3024284,3.5573780445824577
3024283,7.978957550077428
3024282,776.1080175195469
3024281,38.509106726676045
3024280,128.1871309709527
3024279,3.793701809753637
3024278,0.9208122377723851
3024289,0.0
3024385,0.17013708978411246
3024303,168.89548391250074
3024305,0.1690557394687937
3024329,60.29130487587347
3024328,135.20047531249696
3024327,343.36535020955756
3024326,528.0340238485355
3024325,1002.812122697504
3024324,5.565562049433914
3024323,305.93891588357354
3024322,0.07859053812864936
3024321,2528.1466039572374
3024320,1.7749667054100722
3024319,0.12303189111559422
3024304,0.33735907251720826
3024318,4.069471674392498
3024316,0.16383747856283906
3024315,643.477356860335
3024314,35.97946512731812
3024313,92.51915002779995
3024312,2.768092025426451
3024311,0.68827355325047
3024310,146.1420222826305
3024309,95.56270382212574
3024308,0.7905723595480514
3024307,19.5271884866918
3024306,2.318886290949754
3024317,1.4723501067826121
3024386,1.8758709558856266
3024387,1661.4702620324208
3024388,0.07083334547899053
3024468,269.46583198446973
3024467,0.1489054461197024
3024466,17.04379645562052
3024465,18.704665705963617
3024464,0.5198492239757293
3024463,8.196816383999126
3024462,4152.995651173294
3024461,40.79918866456333
3024460,115.51196972853936
3024459,339.0999581770232
3024458,622.9227537217114
3024469,5.1004397468335085
3024457,1094.845501998708
3024455,457.7842534494558
3024454,0.0
3024453,2701.48086702967
3024452,2.8250281599392157
3024451,0.1909412655385957
3024450,4.650460910151337
3024449,27.762525625366855
3024448,0.3410592196663897
3024447,2124.386841913556
3024446,88.81256279025136
3024445,422.21413863104806
3024456,6.897141181975941
3024444,10.0700973210785
3024470,6.89082394444303
3024472,28.92435028705325
3024496,5.912291712242099
3024495,3296.11008491565
3024494,60.856630884670494
3024493,153.5174147866977
3024492,254.4855268921934
3024491,466.8766743721725
3024490,905.518626167954
3024489,6.721667193366111
3024488,363.72788038539954
3024487,0.07730856958150947
3024486,1962.6643052594027
3024471,4.661569047093577
3024485,1.8858555050306092
3024483,5.129581134649426
3024482,7.643402268922037
3024481,28.552887243962292
3024480,1792.9081387352196
3024479,52.34539889551938
3024478,249.17969103395546
3024477,5.898940528284002
3024476,3.190106209164556
3024475,289.2881650728536
3024474,184.59880858703556
3024473,1.9840201416055638
3024484,0.21176439144210166
3024276,143.45900932724666
3024443,9.351677805942153
3024441,358.7502081568893
3024412,114.50617282175602
3024411,3.748227472324076
3024410,0.9399186968331967
3024409,170.90416756629742
3024408,126.50289768560565
3024407,1.1365008008446749
3024406,22.62288780552979
3024405,2.9508819615407473
3024404,0.23544124543669662
3024403,2.792688138120832
3024402,179.78178105788942
3024413,37.41162982481184
3024401,0.15839220012999958
3024399,14.752027205449162
3024398,0.5777799120316058
3024397,5.601312667069273
3024396,3008.685985908724
3024395,40.2263353898369
3024394,64.79740395333172
3024393,230.54179967387356
3024392,308.23927778224
3024391,741.7411366094847
3024390,5.304009814937604
3024389,165.58260485829814
3024400,10.499523393767813
3024442,227.85161098116748
3024414,557.009003793913
3024416,2.760469772233515
3024440,6.677114384355745
3024439,56.470832222651964
3024438,4.554380358891856
3024437,12.945663895919582
3024436,16.144511336857136
3024435,205.0373854953952
3024434,0.29484045690311045
3024433,24.518655837053032
3024432,16.28203022941162
3024431,1.0644873273602689
3024430,23.072375265394175
3024415,11.080603560821904
3024429,3693.94640368438
3024427,176.75216155559443
3024426,223.895373603726
3024425,810.955939974981
3024424,889.6416634110117
3024423,14.36280439681882
3024422,501.6321650676141
3024421,0.10710262391419778
3024420,2935.4692075360326
3024419,3.823178372905664
3024418,0.10421801697211833
3024417,3.9316026768444594
3024428,101.29525558713523
3024497,0.63618881120861
3024275,1.1135288404143506
3024273,3.074826580380705
3024132,5294.164756265783
3024131,75.7252889543701
3024130,149.0515088624639
3024129,389.78247540304505
3024128,669.2216246984402
3024127,1521.7690224087874
3024126,9.744708309517545
3024125,589.7314463444325
3024124,0.10766307724129864
3024123,3181.865427830725
3024122,4.9429343846171525
3024121,0.23236612511868018
3024120,5.634994566575653
3024119,2.1774875951794637
3024118,7.623037849194709
3024117,369.29627415268726
3024116,18.54857958336145
3024115,125.58462706556838
3024114,3.002137217609107
3024113,0.6479623860894548
3024112,146.47869657038433
3024111,127.68817465207772
3024110,0.5766709742268163
3024133,13.660009448145695
3024134,0.7627503014784212
3024135,25.024410377915206
3024136,16.476481560440014
3024160,659.8821046729687
3024159,5.0213256118532
3024158,157.99907919843795
3024157,0.03937962827498311
3024156,1442.864919644267
3024155,0.6075208039515438
3024154,0.11272656442978374
3024153,3.4676719391053323
3024152,7.440203478244097
3024151,26.08861445573303
3024150,2139.4285601512024
3024109,9.9108058510011
3024149,66.00900456918806
3024147,7.714781310701074
3024146,2.5726583086669916
3024145,372.1340098234633
3024144,430.6514665694369
3024143,2.196962757879779
3024142,33.16190936016202
3024141,6.156475307983894
3024140,2.4853840309354087
3024139,7.00078545663375
3024138,333.6694493615569
3024137,0.28262055990295587
3024148,331.00337377632303
3024108,1.3614983366445785
3024107,0.03232966985516761
3024106,1.7740651169925146
3024077,6.608072847327324
3024076,62.126400977299625
3024075,4.384849371353961
3024074,13.784643111467027
3024073,15.186910615227077
3024072,187.61379721291945
3024071,0.2746291475075712
3024070,23.934827478271842
3024069,16.189032356241086
3024068,1.155828113466324
3024067,21.27709487890738
3024078,332.8736949536346
3024066,3080.2214940829303
3024064,147.2388129002452
3024063,164.60727152458387
3024062,753.5276596834086
3024061,729.7950053707548
3024060,12.053163566956908
3024059,411.53838473246157
3024058,0.09661092563253029
3024057,2533.6047312348664
3024056,4.572575069988057
3024055,0.09375365529416196
3024054,3.5619116081648032
3024065,92.61090757965347
3024161,304.32791228082067
3024079,165.11419733523775
3024081,11.86300626595202
3024105,151.79044106913983
3024104,0.10199241408039213
3024103,6.29983195279866
3024102,6.742927954299322
3024101,0.3478023269924271
3024100,2.7100827565148267
3024099,2601.274625712097
3024098,26.76997214314504
3024097,35.12400537759047
3024096,171.78874900497829
3024095,233.1776626372439
3024080,8.864257699673628
3024094,642.0260291943804
3024092,102.94614046517995
3024091,0.0
3024090,1112.7068969277325
3024089,0.5277287542585392
3024088,0.08255097234355675
3024087,2.327641727841012
3024086,21.964220679213827
3024085,0.3266994606784966
3024084,1531.4241732336297
3024083,74.47919015337918
3024082,344.9230514158451
3024093,2.9686219293210048
3024162,166.59130474985486
3024163,51.06419915398131
3024164,32.561161225882
3024244,190.5626495248559
3024243,147.3207082748701
3024242,1.001612284628791
3024241,20.199613230596356
3024240,2.8098260699512947
3024239,0.13116502093389307
3024238,0.6342984976293349
3024237,197.18499260444008
3024236,0.10775548784894334
3024235,10.37735769080733
3024234,11.109833587827719
3024245,0.6456845872944386
3024233,0.43840253756316866
3024231,2730.8887036275373
3024230,36.93708048146075
3024229,49.6040950690713
3024228,192.46959473443917
3024227,327.5297494234323
3024226,829.8509922209294
3024225,5.031185348338809
3024224,178.31105826037765
3024223,0.022947698687786757
3024222,1468.222291378179
3024221,1.7360314083671198
3024232,4.124801242060494
3024220,0.0977854432373606
3024246,3.134881778325629
3024248,42.56217940698652
3024272,0.2933011751665987
3024271,3.0039379287254206
3024270,206.88846312275336
3024269,0.15272937034244263
3024268,16.563500833016963
3024267,17.594750316871238
3024266,0.5700112459068363
3024265,6.267151499508787
3024264,2928.258869668616
3024263,48.47454006778092
3024262,68.518610335615
3024247,99.10575036373211
3024261,255.12938084094827
3024259,774.9092457234003
3024258,5.011666884201547
3024257,175.20493451105818
3024256,0.06352621924591144
3024255,1582.2826450455993
3024254,0.8836813765026499
3024253,0.2509404007861512
3024252,3.5468746724937565
3024251,2.38097059946703
3024250,0.18491931235876438
3024249,570.6743124884547
3024260,315.93060321966385
3024274,24.069672316766347
3024219,3.260618894414254
3024217,7.950298499227927
3024188,0.595927843557899
3024187,0.09312988791890721
3024186,3.3696274254707594
3024185,1.7368353818802067
3024184,10.07629098111634
3024183,484.96267548385777
3024182,32.150853144966604
3024181,104.89983730909789
3024180,3.3093171225682605
3024179,0.7639754403710082
3024178,147.3544629984442
3024189,1421.3687126311352
3024177,121.34707936937228
3024175,22.075756918854765
3024174,5.050325711529428
3024173,0.13381649933239953
3024172,1.2576601331981783
3024171,159.43043084298287
3024170,0.11114950524537066
3024169,13.932239478844076
3024168,10.294048482353736
3024167,0.48466781509262996
3024166,3.7887777417993638
3024165,2494.155174649155
3024176,0.8526549163775883
3024218,1.6112094431513495
3024190,0.029971013265375355
3024192,4.695313768606229
3024216,431.11532028713
3024215,30.253254340971374
3024214,100.03594717288216
3024213,3.1783431007088643
3024212,0.7284686823901929
3024211,149.50421838352923
3024210,116.74479560297425
3024209,0.796346768563454
3024208,21.161310152623564
3024207,2.428918384478325
3024206,0.13544711619905206
3024191,153.52507243436585
3024205,1.3307307011220857
3024203,0.11274752320126787
3024202,9.026174900967526
3024201,10.186194780558708
3024200,0.47396083379834186
3024199,3.7385656142083663
3024198,2430.182520471602
3024197,32.02994114620079
3024196,49.33147903076899
3024195,155.12612641115712
3024194,281.26866409410957
3024193,673.6060890417465
3024204,155.10300958730832
3024498,21.327771474398666
3024277,178.10081127230083
3024500,0.23245592886220873
3024802,149.6887614859708
3024801,23.841835826930712
3024800,34.18992306679769
3024799,29.619032705884507
3024798,405.7638276253596
3024797,1.221066982562104
3024796,50.870100801361346
3024795,38.904284320023194
3024794,2.693480972325774
3024793,69.48333216307459
3024792,6348.027533507921
3024791,264.973096818924
3024790,461.2381315659745
3024789,361.7299273590744
3024788,1892.3404200803209
3024787,1711.6233575927652
3024786,26.931383538876947
3024785,1134.1459120256889
3024784,0.40474767236836745
3024783,6291.139044631407
3024782,10.049326470358773
3024781,0.42112862051865957
3024780,7.353489482114309
3024803,15.671179065326466
3024804,827.9818640298357
3024805,436.90161873887615
3024806,16.967553509282954
3024830,0.09384917137163089
3024829,6.328656164403169
3024828,9.978006318419386
3024827,0.30654323537712236
3024826,2.003242050860243
3024825,1679.2817537307699
3024824,28.000524044663024
3024823,90.00061040798889
3024822,104.83199961545047
3024821,186.9755363643215
3024820,479.0358080858958
3024779,2.459393420294748
3024819,3.328365896891209
3024817,0.0
3024816,1127.0569852785675
3024815,0.29412706555466517
3024814,0.020648653620443862
3024813,2.248784980867026
3024812,91.1717612727087
3024811,0.9811004473904095
3024810,5941.71769927946
3024809,295.8527027951028
3024808,1030.5601492199894
3024807,20.09904042306323
3024818,121.33384647135698
3024778,1.0255929067866063
3024777,1774.8775836334435
3024776,60.29395267511144
3024747,4.034207024989714
3024746,2.890197738241892
3024745,1.078511807089944
3024744,1841.7170597866682
3024743,59.411984050068625
3024742,176.57634056897083
3024741,4.684234299937798
3024740,2.9280949550542643
3024739,245.394526202735
3024738,155.67970923031174
3024737,1.2655415313954834
3024748,0.2036748541382091
3024736,40.77219857339966
3024734,5.371097451130166
3024733,0.3246479661351473
3024732,239.38935764501613
3024731,0.29954541518880884
3024730,18.455606891955252
3024729,14.47571546814645
3024728,0.7888146002438761
3024727,5.336979891345827
3024726,4066.238451320682
3024725,56.52018201611164
3024724,173.5396946274846
3024735,3.6301386063431913
3024831,114.82502169380895
3024749,1.0245067152074512
3024751,0.1299162778881606
3024775,158.56841470689432
3024774,4.5434677997749455
3024773,2.9003090972554815
3024772,207.05270334433112
3024771,150.21550504309158
3024770,1.442867422395866
3024769,38.953933467722344
3024768,2.980611004187074
3024767,5.872602701915664
3024766,0.3197343942048038
3024765,226.16716558116798
3024750,2257.7133576819656
3024764,0.30342159838541394
3024762,18.897179030643713
3024761,0.7146837491191018
3024760,4.711092577097705
3024759,3244.140308400807
3024758,54.19894632387614
3024757,146.6386128841229
3024756,227.28219965496882
3024755,514.6240393425161
3024754,792.3993840943335
3024753,6.880528109870796
3024752,478.5078609657209
3024763,18.249603076702826
3024832,0.3787792874879631
3024833,0.21538677707294215
3024834,1.9168941374353166
3024914,0.6103602659765737
3024913,0.1758997609738191
3024912,5.157118168242764
3024911,0.9076430393288566
3024910,0.11924734630735627
3024909,376.05221427955627
3024908,15.791578180717185
3024907,60.37443563417444
3024906,1.8019867607003053
3024905,0.5808758913709575
3024904,88.75865442760077
3024915,1768.5804042883108
3024903,57.164741553831355
3024901,17.51909229536848
3024900,1.4957152258597173
3024899,0.09851362934239098
3024898,0.2117054955089381
3024897,96.61525395814776
3024896,0.05825618582685663
3024895,4.688715321148143
3024894,6.800117318339719
3024893,0.26792757645641024
3024892,1.3678945453460178
3024891,1524.8710698400846
3024902,0.4071787805674631
3024890,23.947650129256964
3024916,0.04794390022259578
3024918,4.871318138467163
3024499,22.744581671780903
3024941,39.87436320762781
3024940,171.7598433841216
3024939,3.532646916520995
3024938,0.884906434608786
3024937,200.42500207527968
3024936,194.90962537816506
3024935,0.9084286764643734
3024934,30.39578346302232
3024933,5.271640363583516
3024932,0.2449585306625004
3024917,254.05687205699795
3024931,0.35590896904838926
3024929,0.15556284801256953
3024928,10.293275929076513
3024927,21.477049398194183
3024926,0.6078035607867129
3024925,3.1870503444503955
3024924,2988.213779997164
3024923,51.38507645453175
3024922,142.40043526105507
3024921,200.34512439214615
3024920,358.99269536056335
3024919,826.914954759898
3024930,197.55679936415459
3024723,268.3717452465832
3024889,94.9166407703772
3024887,144.24872871680842
3024858,3763.6091361384097
3024857,53.27796465019642
3024856,203.41526740061028
3024855,246.42511055246385
3024854,548.9309050433319
3024853,1075.3599782418496
3024852,6.706959672425145
3024851,466.25364074255333
3024850,0.06705725767478805
3024849,2395.149129085891
3024848,2.0623977616235263
3024859,6.242925278345437
3024847,0.2097538856538728
3024845,1.3858945039285602
3024844,0.1568916853168354
3024843,606.4443638319976
3024842,23.325436767529702
3024841,73.63684144004593
3024840,2.3490061100291446
3024839,0.8014664427405551
3024838,97.1615936558381
3024837,66.6679813872077
3024836,0.6035251763107623
3024835,20.5667252079459
3024846,5.35456469105161
3024888,76.05539507903279
3024860,0.5293811027492115
3024862,15.478878053027234
3024886,422.0748692622337
3024885,2.930394324834585
3024884,91.51072878312281
3024883,0.0
3024882,828.5595825333344
3024881,0.13394858002380214
3024880,0.0
3024879,1.703898511804515
3024878,4.128794945458608
3024877,0.8648932544637571
3024876,1906.3963624069036
3024861,13.789083265009415
3024875,63.394741879215914
3024873,5.514764895743323
3024872,2.3022258789274193
3024871,248.71406726589268
3024870,234.58010038384114
3024869,1.488065398145359
3024868,22.453078084765572
3024867,6.266710779121484
3024866,2.029860658043953
3024865,1.9205183281435958
3024864,229.09952296139366
3024863,0.24226831403601976
3024874,167.611393708455
3024722,633.0645079538343
3024942,1327.8821195449664
3024720,7.555486072846666
3024579,953.3938739055449
3024578,36.07693989748242
3024577,243.42836169821754
3024576,4.897950111475334
3024575,3.5506489804579235
3024574,146.99334273393427
3024573,317.8712473707059
3024572,3.0098801092584244
3024571,35.312954917833636
3024570,5.004240722949291
3024569,2.361128306384525
3024580,0.29214993926741545
3024568,6.67089357009304
3024566,0.12054187635024857
3024565,13.563303736113102
3024564,9.699836830510888
3024563,0.4968191196684763
3024562,14.904942096708126
3024561,2134.4445742319062
3024560,58.99327030855224
3024559,58.50779777618612
3024558,135.4407783922633
3024557,413.1307140684212
3024556,463.7498992763214
3024567,109.70759259181179
3024555,9.048820144736958
3024581,12.311040021529355
3024583,0.06817943063923619
3024607,268.97330009585374
3024606,301.7828351168848
3024605,8.892657246477
3024604,83.32416583085636
3024603,6.797151568053198
3024602,18.512710318664872
3024601,8.286839674074809
3024600,228.93191922731435
3024599,0.23282682937086405
3024598,44.48489945598446
3024597,17.386166230943736
3024582,3.155887520742052
3024596,1.1969899309505432
3024594,3532.772901959597
3024593,137.89054581726595
3024592,184.57597638115672
3024591,262.1599239695228
3024590,1137.6282595161622
3024589,931.6722353835295
3024588,13.484149952109854
3024587,787.4255279979395
3024586,0.16769834532667288
3024585,3299.5311106963886
3024584,4.188153984042433
3024595,19.18445728827219
3024608,13.238965467649379
3024554,258.1328921378906
3024552,1598.4548693621578
3024523,626.8850634836972
3024522,4.752164138206586
3024521,160.2442062340287
3024520,0.10318117712019069
3024519,1324.5218809221308
3024518,1.8989026105718674
3024517,0.20976709269545754
3024516,3.2039293258024975
3024515,3.5050899004998586
3024514,0.7226738694377131
3024513,1471.7833230362999
3024524,228.94123381325235
3024512,84.7115478562085
3024510,5.152114690108641
3024509,2.022199099992617
3024508,231.00769894113623
3024507,164.70195461520683
3024506,1.6901353759417135
3024505,41.56458882500568
3024504,4.757027499591124
3024503,5.697869025565195
3024502,2.34419634408742
3024501,232.91590438619554
3024721,1008.1189726327016
3024511,174.99162363622537
3024553,0.03730261536210718
3024525,131.31186509194285
3024527,48.04034784865157
3024551,2.6071363682590194
3024550,0.04025490942126735
3024549,3.0659534178376733
3024548,1.1626855488919077
3024547,18.07182236654145
3024546,777.159099322578
3024545,23.61279774190679
3024544,53.220690381239926
3024543,3.649060428065299
3024542,0.968881827151034
3024541,127.59889261302325
3024526,76.61239048803702
3024540,50.69321552584163
3024538,24.621431561703233
3024537,2.7842928434672722
3024536,0.5969095489390628
3024535,0.8497036480215767
3024534,147.29403576585798
3024533,0.17905284107641056
3024532,17.292969097986457
3024531,20.87237107420331
3024530,0.539019864302722
3024529,3.4582753182358106
3024528,1958.0679335475493
3024539,1.600201090265092
3024609,9.214350255761632
3024944,1.2536359740308018
3024611,110.2093632644525
3024691,175.61957992082125
3024690,221.553224544888
3024689,791.1258060018362
3024688,762.4825276375138
3024687,10.408748267162109
3024686,529.1880582157551
3024685,0.10152237708669816
3024684,2722.6022031437656
3024683,4.798388663726901
3024682,0.1041474298467055
3024681,3.8051602036726804
3024692,104.39734076859965
3024680,2.524310099265469
3024678,395.4123440215972
3024677,17.906469706551427
3024676,116.26880522937755
3024675,3.08893133238882
3024674,2.775626353472199
3024673,100.28759714751996
3024672,139.68597559377477
3024671,1.5370679490839536
3024670,16.492350340291644
3024669,1.6118687029888457
3024668,2.346314786520523
3024679,0.26048227872449115
3024667,1.7667106501840117
3024693,3114.950664930641
3024695,1.2037226244107435
3024610,408.0328820636056
3024718,0.13080921868339607
3024717,2938.1454166969606
3024716,2.522407857157101
3024715,0.19855095609185838
3024714,4.946257556977241
3024713,15.000636529756743
3024712,0.42629945045971956
3024711,2033.4870591300494
3024710,69.91128045139497
3024709,310.4882148507037
3024694,18.960164874393193
3024708,8.209385409079484
3024706,212.82759014376174
3024705,279.93392700766606
3024704,5.0242394259057095
3024703,74.65827363404833
3024702,4.575163452030794
3024701,15.11366528440577
3024700,6.6690473806001505
3024699,172.8051392596307
3024698,0.22704225914162132
3024697,25.804998176986704
3024696,15.28082927303955
3024707,8.441696726837502
3024666,71.82957128308135
3024719,559.3729865516531
3024664,6.585260036569085
3024635,6.326586040293609
3024634,0.43420944256767036
3024633,35.683251594380835
3024632,0.09519299704139543
3024631,6.878803965473411
3024630,5.09195601575679
3024629,0.5007981708965408
3024628,5.640351446964336
3024627,1231.44991944207
3024665,0.1386458926909908
3024625,18.435549476014927
3024636,1.4400868847506607
3024624,35.2006310830487
3024622,239.13442204240445
3024621,2.5399652399412456
3024620,67.12450876460377
3024619,0.0
3024618,617.6268102527796
3024617,0.8965260256933922
3024616,0.0
3024615,1.5182188728300918
3024614,24.46376309195831
3024613,0.5394941590914342
3024612,2842.2212430381705
3024623,186.2457828923384
3024637,39.46119621454222
3024626,30.658818185482303
3024639,8.908322459655626
3024638,2.1543571901659777
3024662,0.4393229355869746
3024661,3.7957238837245324
3024660,1408.5971702459249
3024659,27.713020384250903
3024658,42.41527989195322
3024657,71.52678525669413
3024656,249.76659847461477
3024655,316.3675601538459
3024654,5.9515823326967405
3024653,184.9114771819422
3024652,0.009251642577747896
3024663,7.793583245435883
3024650,1.0102689114562455
3024649,0.0
3024648,2.3853623241449218
3024647,3.5863034641894505
3024646,0.2517942752213179
3024645,66.96707548272441
3024644,6.5834475323651205
3024643,12.95602051139523
3024642,2.314613263114944
3024641,2.7488572528353385
3024640,54.56896859556483
3024651,1072.9986520962252
3027022,0.5256382639415045
3027023,7.576948516820119
3027024,4.332993841956455
3027025,0.24502423579475613
3027030,11.288038992765928
3027027,2416.2947593296612
3027028,0.29963392484152856
3027029,525.8651767198048
3027021,3262.6071022391507
3027026,5.11215744744998
3027020,55.221037871357794
3027014,6.876831235645788
3027018,10.198353251526493
3027017,8.127294414132454
3027016,255.16415783907183
3027015,191.38660856659854
3027013,49.54564367374566
3027012,5.158208222754669
3027011,23.370579512438425
3027010,8.726068430756012
3027009,190.32730824217478
3027008,0.2854371647203632
3027019,209.52138467945366
3027031,857.8319863011744
3027057,3.9540350416971366
3027033,207.19918319949142
3027058,0.07935387293505894
3027007,29.685569045376045
3027056,13.784344873070236
3027055,0.6376837884382984
3027054,3726.1772330255776
3027053,93.24983341090064
3027052,197.0012793442626
3027051,9.619141823480113
3027050,9.911673432565593
3027049,247.79954913822237
3027048,202.4574784796335
3027047,8.862115391495072
3027046,58.20049672835099
3027045,6.715548809684086
3027044,40.76127967400103
3027043,13.944128397844697
3027042,212.02774259309365
3027041,0.4006062991798093
3027040,22.884634575497522
3027039,18.20540131075289
3027038,1.1269305343054397
3027037,25.039745998168527
3027036,3013.347132248527
3027035,112.1735942530247
3027034,107.6747742268352
3027032,661.8452863766196
3027006,19.494125848584964
3026980,36.65723108699513
3027004,20.337415736948333
3026974,21.926194295692966
3026973,23.84445325288085
3026972,0.72872413043418
3026971,7.474152491824334
3026970,3788.643453999815
3026969,61.04230312691209
3026968,136.35661477364656
3026967,225.18797440658733
3026966,543.3233467271627
3026965,1088.6769236353784
3026964,8.47000533958586
3026963,343.5858349389807
3026962,0.09781526596065813
3026961,2309.669715691236
3026960,2.0813850264962874
3026959,0.17330124283603218
3026958,4.464226107205078
3026957,25.33356265699399
3026956,0.28548227896597234
3026955,3512.68615952649
3026954,74.42160571881088
3026953,423.7282006119562
3027059,1.8936478180343648
3026975,0.19616177421210823
3026976,248.46606527929393
3026977,0.8076313489002622
3026978,0.7239759526799312
3027003,3399.223741467059
3027002,92.57184564854828
3027001,109.82730764251801
3027000,213.26482592163376
3026999,589.2338520544278
3026998,888.631115766246
3026997,11.782202714155158
3026996,444.95865199601263
3026995,0.14764483156938094
3026994,2237.17996637845
3026993,4.034377784730167
3027005,0.8825522615046262
3026992,0.1655872048964242
3026990,2.5716798194196357
3026989,0.28834029020183854
3026988,769.4140670807212
3026987,49.08322178647949
3026986,138.2075093859239
3026985,4.603536368884872
3026984,1.2280718262620725
3026983,264.6443794139269
3026982,141.82055027071624
3026981,1.392564912348853
3026979,5.129336090590923
3026991,4.50161727899814
3027060,3147.7290869778567
3027115,564.8594486239219
3027062,394.8003959571223
3027142,23.936365362573984
3027141,501.33425978126644
3027140,0.8081299208618715
3027139,61.557755301019334
3027138,54.38653663711248
3027137,1.3614319649419473
3027136,75.27728326834377
3027135,8309.558880201921
3027134,292.766426922737
3027133,362.388590794758
3027132,585.3743234327554
3027143,42.44729931354637
3027131,1849.0991076030436
3027129,23.555233583324934
3027128,1155.6259246078541
3027127,0.1887131793468318
3027126,7327.226923190708
3027125,11.797392493753193
3027124,0.16743281300211554
3027123,11.490938560597247
3027122,98.9021305810367
3027121,148.17984121512973
3027120,11379.547920380288
3027119,319.100193498618
3027130,2101.976078129781
3027118,1027.7902614579968
3027144,15.701661416395527
3027146,11.901328935211666
3027170,1.2425388332161247
3027169,50.164448509868826
3027168,7492.925455935907
3027167,191.06263580216824
3027166,189.4066705519382
3027165,588.789755673682
3027164,1371.057559027322
3027163,1831.1522645255413
3027162,18.896735708965146
3027161,796.5168026328375
3027160,0.12576182180321152
3027145,169.5119352151881
3027159,5153.972352487955
3027157,0.09068248685231535
3027156,9.731931390355186
3027155,73.69437497049445
3027154,123.74903008068736
3027153,7669.445516603213
3027152,237.67140479034578
3027151,984.7944294507516
3027150,33.3323856991098
3027149,21.139529495326233
3027148,567.5673693636744
3027147,929.6547432274473
3027158,11.749961162176978
3027061,0.041770445490470744
3027117,37.940052204593314
3026952,9.375412096887555
3027086,55.72627900299957
3027085,142.14324145820973
3027084,4.069727331837209
3027083,1.803145451983176
3027082,216.91123743423506
3027081,159.0628039786346
3027080,1.5683421893057967
3027079,37.47165789320438
3027078,2.129244975887304
3027077,1.687952259742155
3027076,0.2739172622042904
3027087,557.8809673529506
3027075,201.62664357473622
3027073,15.41677207032512
3027072,13.050742708073981
3027071,0.5664563690772098
3027070,4.285748947128567
3027069,3978.8509907728107
3027068,50.145169284458795
3027067,127.73697457953341
3027066,212.65830063247662
3027065,532.3887744941825
3027064,966.7885727476184
3027063,6.009852121461088
3027074,0.13233773637774435
3027116,24.743663368429193
3027088,0.7110829967072407
3027090,13.78376207781611
3027114,907.3604329432094
3027113,15.351510690349546
3027112,220.31719756693158
3027111,25.972316453605256
3027110,27.99966289045745
3027109,31.22758409711168
3027108,488.8930647177956
3027107,1.1020335398110501
3027106,73.60065444701368
3027105,73.98289230436228
3027104,2.4388215794056514
3027089,0.7934021849512176
3027103,81.68395230424858
3027101,369.0022199717362
3027100,484.11009470235194
3027099,555.3002365713324
3027098,2342.231837184065
3027097,2302.128186409882
3027096,25.917549655354794
3027095,1341.7548751992188
3027094,0.23998038932949592
3027093,9008.190470509535
3027092,12.806926456261955
3027091,0.22297884189908765
3027102,9583.987403220166
3026951,8.766383193420141
3026896,0.14671515212042788
3026949,335.18377338656165
3026807,0.5065574694862378
3026806,10.825213898952164
3026805,4008.9401958275316
3026804,103.79044077373001
3026803,173.3629195140208
3026802,231.28931357753234
3026801,662.232299503566
3026800,1155.8239293628733
3026799,11.968094098476751
3026798,537.0854311643592
3026797,0.04540613006752076
3026796,3261.674450742915
3026795,2.071597491702841
3026794,0.08576486801507277
3026793,6.222979611853931
3026792,0.3509484102365575
3026791,0.1805977707574144
3026790,259.0905190881368
3026789,24.48827959924994
3026788,48.10783451436015
3026787,1.5499970337556985
3026786,0.5271358418103123
3026785,80.51252215444345
3026808,34.06822472556523
3026809,26.941175905776717
3026810,0.18241141302280417
3026811,222.12850475966346
3026835,182.20381432481983
3026834,799.6613625178493
3026833,958.76085065197
3026832,10.99835954807598
3026831,580.3769404594633
3026830,0.17847515869629738
3026829,2956.5342209142946
3026828,5.8143042372428075
3026827,0.1429633088815397
3026826,4.1624224410065676
3026825,1.1612770729763864
3026784,80.79254245971677
3026824,0.8524504449689256
3026822,66.0233728487969
3026821,180.42353769123446
3026820,9.621781272315319
3026819,5.079509061145895
3026818,271.2293497250767
3026817,265.0391770903954
3026816,2.813902156693125
3026815,63.111966091746325
3026814,5.5803832027079565
3026813,12.936221957456961
3026812,0.28026660932585135
3026823,2240.561687256785
3026783,0.5154691752352083
3026782,20.852905322133477
3026781,1.1085389410784607
3026752,238.7554684760532
3026751,164.65650888127942
3026750,1.888742700184404
3026749,35.253880532337796
3026748,4.834566985627159
3026747,3.3638058100559567
3026746,2.738217934009048
3026745,205.20993273641912
3026744,0.30824677167070624
3026743,23.162000812468435
3026742,26.17320780271984
3026753,3.046565370224597
3026741,0.9617162362848029
3026739,3479.045820948538
3026738,59.69287954636512
3026737,131.1641506492711
3026736,194.53284709982654
3026735,660.4323679532147
3026734,886.596434086974
3026733,7.378264723481559
3026732,484.01864621756204
3026731,0.10720253449162735
3026730,2280.2558388344214
3026729,2.1537203802121154
3026740,5.870815648945098
3026836,141.98677213328216
3026754,5.27789642446774
3026756,44.97581797584261
3026780,0.18600869745126328
3026779,0.05499432530280271
3026778,85.43575004691762
3026777,0.057399205593245094
3026776,5.044262614500532
3026775,5.565365800037097
3026774,0.3077329986860675
3026773,1.9665349872838775
3026772,1673.0348981385562
3026771,34.549884009725574
3026770,83.0918064920279
3026755,144.59064349943785
3026769,69.31160354768846
3026767,429.04724404676824
3026766,2.350271221921174
3026765,91.83632478211439
3026764,0.0
3026763,1076.933239471808
3026762,0.22317941666117616
3026761,0.029493280579063686
3026760,2.3882589826862053
3026759,3.675559477899651
3026758,1.1562821531491378
3026757,437.22061856656353
3026768,218.51818873881888
3026837,128.58151210488188
3026838,3956.4621425696114
3026839,38.31863151596579
3026920,203.61194125905712
3026919,8.281012702573458
3026918,4.579255591272536
3026917,279.0477977567233
3026916,200.41882861831178
3026915,3.1882989628577807
3026914,48.78987482278927
3026913,4.7749584227759385
3026912,8.759446036463906
3026911,6.756332479257203
3026910,257.72152021007685
3026921,81.54433068835036
3026909,0.31972878152361256
3026907,24.602832400513968
3026906,1.0889769338013497
3026905,20.658254779893856
3026904,4415.713339890234
3026903,78.11112286075121
3026902,205.79184675376433
3026901,211.94509939245367
3026900,758.9702848791125
3026899,1216.2171731874207
3026898,8.753659965029122
3026897,603.5040000535138
3026908,17.79408098968526
3026895,2881.935223386425
3026922,865.0777499419305
3026924,8.126451767581003
3026948,6.035609992905147
3026947,58.896257085982334
3026946,3.2302182247175573
3026945,19.233448955385303
3026944,15.264334217716804
3026943,207.00583363505024
3026942,0.23618759913034273
3026941,17.67813440108382
3026940,14.364901440520109
3026939,0.8989734374258374
3026938,19.093294092260127
3026923,13.662877286524514
3026937,3452.7765474944235
3026935,157.56871773618127
3026934,206.849575792376
3026933,772.102667122683
3026932,781.7152795568875
3026931,10.096110901642572
3026930,424.29185663599026
3026929,0.10598668986482379
3026928,2597.588713675245
3026927,3.5193842685169994
3026926,0.06770539441838648
3026925,3.467802950636739
3026936,93.67784686441921
3026950,216.40939543705264
3026894,4.740181918080398
3026892,5.1745005477456605
3026863,0.05427985449771777
3026862,2077.7470309049922
3026861,5.85603340067966
3026860,0.05961462725111291
3026859,4.7989511741820685
3026858,15.540858567041269
3026857,0.6775953971535302
3026856,3698.115991561667
3026855,108.45723902704988
3026854,210.95858804982197
3026853,10.493675391093156
3026864,383.01326134241384
3026852,12.149398581271226
3026850,211.78770543084724
3026849,8.788270030508926
3026848,81.81204730784961
3026847,4.341285090279075
3026846,34.89460043413026
3026845,13.737703103884844
3026844,226.62593215429365
3026843,0.27285042808016663
3026842,22.52580941491196
3026841,20.44350334636764
3027171,35.93408778639312
3026851,241.16722947070568
3026893,0.20131770826747886
3026865,11.550793706484368
3026867,561.9347949106461
3026891,15.026321645035516
3026890,0.5054257268436413
3026889,2681.4246708566666
3026888,72.12551057840655
3026887,166.5271485242754
3026886,9.742715838590042
3026885,8.07688196175127
3026884,228.614069608047
3026883,183.82537548374407
3026882,6.837098941280726
3026881,61.42301642443209
3026866,814.0910583751397
3026880,4.8397072785671
3026878,12.865920394101135
3026877,201.79006690000617
3026876,0.18593555517239896
3026875,26.22360168310434
3026874,25.320298782875295
3026873,1.0887085299245292
3026872,21.80716419480557
3026871,3314.3645922328847
3026870,85.71841343076107
3026869,114.1661628292075
3026868,166.29232218125088
3026879,21.663335809512656
3026840,1.3777546208352809
3027617,13.447883223885283
3027174,467.08731395780256
3027477,60.3982373363305
3027476,0.924156729311348
3027475,20.606690051925128
3027474,2.583553935883154
3027473,0.2541465830736627
3027472,0.29957467968355084
3027471,159.7488026763379
3027470,0.11349552824436417
3027469,9.592477544045583
3027468,11.946042014741117
3027467,0.3909702673252185
3027466,4.658107236032415
3027465,2512.3539497514716
3027464,31.468148861763027
3027463,57.09229564187689
3027462,147.93208912162495
3027461,259.6155566123663
3027460,768.1764503337771
3027459,4.165928825995969
3027458,158.56232033373865
3027457,0.047508852786153945
3027456,1454.072104879895
3027455,0.38641316310142787
3027478,148.8975685097512
3027479,0.5457257430888576
3027480,2.762078122017731
3027481,55.07097373271199
3027505,18.18634721301223
3027504,219.81333171347518
3027503,0.27703602954820616
3027502,29.021109974200318
3027501,20.61083965832955
3027500,0.9463385170087779
3027499,27.083137874638624
3027498,4234.5146307433315
3027497,125.03885338024857
3027496,177.6203418152401
3027495,265.03098018938124
3027454,0.09772243026748521
3027494,863.5383493084429
3027492,12.57474250628026
3027491,520.5331966785392
3027490,0.10538768551356897
3027489,3103.589581001885
3027488,4.653608955184103
3027487,0.10714291831597172
3027486,4.414350690069325
3027485,1.1506496742877745
3027484,0.18053073361334077
3027483,326.66887679656514
3027482,47.190081799960296
3027493,986.8017195766911
3027453,4.037749291004134
3027452,7.773317744925478
3027451,0.7855289325151202
3027422,5.511928679294918
3027421,0.11888751918759377
3027420,4.941672764439135
3027419,10.020110915817524
3027418,2.19397494530864
3027417,5098.346902353474
3027416,55.261228628723615
3027415,87.11202306268883
3027414,11.002300818478727
3027413,7.34084938367767
3027412,401.79718205088864
3027423,2119.5518891815236
3027411,105.4437648751951
3027409,117.56649294617112
3027408,3.0199883998339807
3027407,22.3286278007852
3027406,3.7367091314686496
3027405,251.96561804419323
3027404,0.6093654758096663
3027403,28.422296700376176
3027402,8.934132765718275
3027401,1.528471531989847
3027400,12.103330477552554
3027399,4324.396841801762
3027410,5.761331428592983
3027506,19.53756293605094
3027424,0.18317195268498568
3027426,7.795743868578075
3027450,2572.943320004266
3027449,119.14176363872171
3027448,249.25042349182874
3027447,6.787056642891983
3027446,4.893439115300813
3027445,214.85762438878595
3027444,256.12091944441676
3027443,3.785177753416269
3027442,67.57549481760074
3027441,3.231498369646549
3027440,10.068799230359767
3027425,436.8714680724954
3027439,3.526969333813148
3027437,0.3261559083443055
3027436,27.965508680754365
3027435,10.562053624202061
3027434,1.0079290378278976
3027433,9.843681271672523
3027432,2805.229514892606
3027431,163.84935601371262
3027430,136.15451384384286
3027429,210.2858494733915
3027428,565.003069675397
3027427,766.252430144677
3027438,160.32476165327859
3027507,9.285254121746862
3027508,70.28958117591466
3027509,6.978889150154447
3027589,0.09790449399052906
3027588,3120.989469250194
3027587,5.8187790459530335
3027586,0.1818717321846769
3027585,6.4699712252356925
3027584,45.4465911844558
3027583,0.6559711180643104
3027582,5149.848393762452
3027581,157.04747259162352
3027580,602.3236988824177
3027579,14.052902726148956
3027590,592.1133125751668
3027578,11.737921077315168
3027576,541.1754021694426
3027575,9.470410312601793
3027574,116.01309625762516
3027573,13.502785226385534
3027572,35.229270795565796
3027571,20.228065584280497
3027570,301.16382672315103
3027569,0.4714872080887176
3027568,33.220281384379774
3027567,30.806333816707088
3027566,1.7464142633172042
3027577,308.884340508472
3027565,35.9356214075921
3027591,11.660634033640585
3027593,1084.075810445693
3026728,0.18787532191714695
3027616,27.615322481145295
3027615,959.4716619726296
3027614,82.06981693799544
3027613,354.69421535859374
3027612,9.156964776372245
3027611,4.466682301880023
3027610,355.398043329065
3027609,327.3507336785562
3027608,3.0888562282479315
3027607,43.88629553790265
3027592,1358.9759003497286
3027606,8.70943126897862
3027604,9.591898942445773
3027603,318.0350921416075
3027602,0.4239077585303604
3027601,30.284862532535474
3027600,28.322617762565276
3027599,1.2069990967145618
3027598,12.00045097929842
3027597,5029.667190343586
3027596,74.1399999300059
3027595,178.56202000384764
3027594,377.3130490257993
3027605,5.721237098837366
3027398,178.5131220151336
3027564,4807.250758732239
3027562,269.1384636790428
3027533,1.668418153666749
3027532,37.70879058890923
3027531,4186.86330388238
3027530,174.5254266337875
3027529,263.8612898831857
3027528,227.82507379132156
3027527,1191.9570880558497
3027526,1059.629511877185
3027525,15.932192054582877
3027524,683.1263327995953
3027523,0.20740615884205194
3027534,26.191020905591962
3027522,3816.665623901629
3027520,0.19064085485204127
3027519,4.44764685541505
3027518,30.38082303948657
3027517,0.336449546329846
3027516,3851.848267320573
3027515,96.53886814961129
3027514,476.0140370689855
3027513,10.494819355515284
3027512,9.4845810739488
3027511,265.00752813433763
3027510,416.36762134359725
3027521,4.668959126187709
3027563,160.0286411131853
3027535,30.989247750151335
3027537,259.0240600790982
3027561,283.09685593880533
3027560,1181.0183665572015
3027559,1166.5326744474535
3027558,16.627979303537625
3027557,714.0918824179066
3027556,0.1669538286627159
3027555,3843.4705879951466
3027554,7.749845004576269
3027553,0.17299767871496458
3027552,5.540933141409978
3027551,46.837617600214955
3027536,0.4783582869965704
3027550,0.49943366674021666
3027548,153.0196634372453
3027547,596.7802739960845
3027546,12.632525827589394
3027545,10.155210679836427
3027544,245.83832323868828
3027543,549.7779469311296
3027542,10.104474414519505
3027541,106.66783846029342
3027540,11.115228960345402
3027539,43.29542700949448
3027538,15.672815474109495
3027549,5607.267555774891
3027397,53.42009920475932
3027396,363.6817353632772
3027395,875.1589573873933
3027254,27.0558915146558
3027253,107.438845784572
3027252,3024.9145230554477
3027251,99.2841479772396
3027250,723.2002449837064
3027249,19.419105501069595
3027248,17.2545910632446
3027247,547.269294385863
3027246,771.3125308565128
3027245,6.305256417002542
3027244,86.83219873924784
3027255,9.080764518265147
3027243,6.087487904044748
3027241,25.057817274513866
3027240,428.3519229625904
3027239,0.5633671555134043
3027238,35.38335610284519
3027237,35.79639032247007
3027236,0.8057344758369966
3027235,42.24004312467412
3027234,7144.1551106406605
3027233,137.26848782940215
3027232,140.99470907068883
3027231,528.1432921999242
3027242,13.473414887842491
3027230,1114.331617429989
3027256,0.12598449102688983
3027258,6640.794766671219
3027282,24.051421896147847
3027281,18.37512656625462
3027280,461.5556613226508
3027279,729.5719946388198
3027278,12.412752966397962
3027277,147.21285112484946
3027276,11.335701039607827
3027275,45.3751120592122
3027274,22.09024151727078
3027273,431.9702709070793
3027272,0.6462813969116892
3027257,10.084002997233876
3027271,49.57513431671612
3027269,1.362317831400012
3027268,64.17270377915652
3027267,7150.085961856873
3027266,257.57286614792883
3027265,330.0899196421162
3027264,450.67103704981537
3027263,1691.0112551418513
3027262,1814.719972341205
3027261,22.58056340507589
3027260,1082.2882408381477
3027259,0.200022789417663
3027270,43.26756211797329
3027283,780.5746512634861
3027229,1717.0444601765569
3027227,671.9323592391951
3027198,568.76389861909
3027197,1645.8887174227984
3027196,1962.5227427935124
3027195,21.076540300743943
3027194,1023.0852918319051
3027193,0.21522877845937166
3027192,6312.937733572768
3027191,12.647823721205373
3027190,0.11679984708426391
3027189,10.705237368568987
3027188,43.02898501401051
3027199,264.95201663582594
3027187,109.76349614077591
3027185,138.14322104065067
3027184,763.4621616867768
3027183,27.24900390453032
3027182,19.261487686613307
3027181,565.9162429667907
3027180,820.0295656864074
3027179,8.624222683773233
3027178,98.14492594615169
3027177,8.163343640394654
3027176,31.35024457383041
3027175,28.31463999171189
3027186,4408.372467859434
3027228,18.402326392031622
3027200,224.29158703212312
3027202,58.613549612968264
3027226,0.10146665422616107
3027225,4142.77407998725
3027224,11.222866013753974
3027223,0.06335031543404306
3027222,9.2481841255862
3027221,55.4489168003058
3027220,119.06641523472527
3027219,6395.967772156988
3027218,178.56744598265064
3027217,890.4206458456853
3027216,22.760123629329797
3027201,8206.29344158688
3027215,20.208632163347794
3027213,804.138962487306
3027212,10.33596831244506
3027211,122.46253092025013
3027210,10.068274076671056
3027209,26.020986916228594
3027208,23.345304783249667
3027207,495.1662811526261
3027206,0.8693975193823713
3027205,53.50851842726795
3027204,44.39552929571147
3027203,1.4209791853982723
3027214,603.1220067085749
3027173,0.7128225078883861
3027284,209.3339048810325
3027286,104.83108647168568
3027366,5205.29951513717
3027365,202.13457583912515
3027364,296.06423898501794
3027363,308.59205163823646
3027362,1338.9675364736165
3027361,1357.9579390139065
3027360,12.56617289976952
3027359,905.4360031783503
3027358,0.17850533759829018
3027357,4756.816888533203
3027356,6.794567547697126
3027367,25.947394584927554
3027355,0.13828177094557548
3027353,23.3932668413193
3027352,97.12800479500046
3027351,2884.7183117103245
3027350,85.85569938357331
3027349,484.71015264738605
3027348,15.155789573773305
3027347,9.192383337584763
3027346,382.1657133997019
3027345,572.5579462798922
3027344,5.816684723937899
3027343,72.8888987620175
3027354,5.945828692189579
3027342,3.605442297223436
3027368,1.1104504795985033
3027370,29.005071159464755
3027394,1326.7122611787563
3027393,5.494263819367582
3027392,915.383951417748
3027391,0.3302495459843708
3027390,3792.5203458169967
3027389,3.0447647190149594
3027388,0.24911794996278613
3027387,4.631597689118524
3027386,34.618758264623374
3027385,2.454023710758606
3027384,6235.487159089916
3027369,26.884390814541923
3027383,143.30323686337243
3027381,11.091137580942867
3027380,13.187485402453799
3027379,327.8310287605952
3027378,621.855063669711
3027377,7.143212971801292
3027376,112.7805432467388
3027375,3.9071053428226756
3027374,45.2831794008032
3027373,3.4530534748712096
3027372,287.73508977886553
3027371,0.6691246086479952
3027382,593.5528232101033
3027285,8743.449209266357
3027341,12.87551722570317
3027339,277.9539928229798
3027310,53.04970840926403
3027309,7.722804869986408
3027308,10.172427789338448
3027307,7.9275090890196065
3027306,177.28917896499254
3027305,0.3121901130664429
3027304,27.488501688607737
3027303,24.157355936316534
3027302,0.8987575189791552
3027301,15.985023876592194
3027300,3142.8162277861206
3027311,4.604293600808196
3027299,74.42127298918088
3027297,192.6254734736106
3027296,565.6628957529946
3027295,843.0689645466191
3027294,13.942519823534512
3027293,401.9631382502434
3027292,0.10288700626130824
3027291,2048.661398146411
3027290,5.278428950097224
3027289,0.15482874766693577
3027288,4.696246408613579
3027287,70.85339644568462
3027298,114.2670798512134
3027340,15.481852381061753
3027312,211.0483783501759
3027314,4.3937203000585345
3027338,0.4538643548315575
3027337,42.74218299202882
3027336,37.46123214559544
3027335,1.054246351698095
3027334,39.883425530976666
3027333,5373.53904289176
3027332,130.21367738585727
3027331,127.72459579202243
3027330,364.99490724238416
3027329,961.6566719538293
3027328,1381.925867039268
3027313,208.3927790638724
3027327,21.336825436219097
3027325,0.14888591450092625
3027324,3944.6651169630823
3027323,8.26797195720571
3027322,0.09334457513014054
3027321,8.575026461201745
3027320,15.23940351120595
3027319,0.49394315731371446
3027318,2047.6242914025124
3027317,69.92954678678224
3027316,185.1056884161022
3027315,7.488824314007932
3027326,559.1471749451985
3026727,4.210658325741676
3027172,44.49559121063576
3026725,0.26932000473564166
3026137,0.0
3026136,918.2429698265853
3026135,2.7443529372292046
3026134,0.060458105987871456
3026133,1.902205399312086
3026132,6.021028531144245
3026131,12.577608496566434
3026130,739.6979028678261
3026129,49.61341040995952
3026128,219.1883166668363
3026127,3.9888390422303965
3026126,1.131243897619024
3026125,255.96139568560778
3026124,206.75322079130638
3026123,1.287514307453562
3026122,27.969819837052917
3026121,4.687254127249957
3026120,0.47889734441313925
3026119,1.5893633892868384
3026118,252.4385135479215
3026117,0.17346669791475833
3026116,17.264250705037448
3026115,15.476509029362614
3026138,70.18700347486163
3026139,2.0826516262805046
3026140,253.7682112837852
3026141,310.886994429608
3026165,2.020077229335015
3026164,12.723734534345228
3026163,156.36181689291746
3026162,6.0585319793711445
3026161,14.611380766707265
3026160,3.035012996968848
3026159,2.331034294141974
3026158,55.400596506368835
3026157,1.460646054165156
3026156,1.2696943274343915
3026155,2.941439437442523
3026114,0.5411087188669297
3026154,2.303239082097134
3026152,2.3887179976168125
3026151,41.08627373824771
3026150,0.1360143200107853
3026149,9.627723767783328
3026148,7.585625301126941
3026147,0.4851433230718407
3026146,4.115232657757433
3026145,2064.8795271743074
3026144,4.372904162475786
3026143,29.480441733776004
3026142,51.389828423186884
3026153,2.4036639269668023
3026113,6.346354079887369
3026112,3780.7365784204208
3026111,57.14932534591029
3026082,23.305496312184772
3026081,0.3223981546336399
3026080,5.89412097796036
3026079,2670.4574306494014
3026078,46.35068052785868
3026077,117.74166655449854
3026076,172.30920960098373
3026075,281.0008702114862
3026074,921.2412221424302
3026073,6.147449417492541
3026072,177.20550055189452
3026083,20.153425017539096
3026071,0.0
3026069,0.38797380314380353
3026068,0.08236207184037182
3026067,5.40123860705191
3026066,3.559754677663056
3026065,7.6092673047024935
3026064,455.3805754761522
3026063,36.90539640796476
3026062,129.57004657105293
3026061,3.7943194337085497
3026060,0.9448383736660655
3026726,1.2728032395821751
3026070,1793.2656846804057
3026166,4.1381028136945135
3026084,0.1052250381729415
3026086,0.34883166093071455
3026110,124.11155258046195
3026109,315.6553292592431
3026108,633.262417343871
3026107,959.4836493048134
3026106,5.641038344962754
3026105,299.5708473495277
3026104,0.09087701943622259
3026103,2565.3121449196783
3026102,0.8611016767516348
3026101,0.13443607770277938
3026100,4.161876213458128
3026085,172.29314612149403
3026099,2.479433091567626
3026097,624.5299851346521
3026096,38.4125550065521
3026095,97.68683892645275
3026094,4.542277509132831
3026093,0.7138930240505226
3026092,168.61101435658244
3026091,95.7062160917481
3026090,1.4190940363136986
3026089,32.43943593970236
3026088,2.346252791885033
3026087,0.20246939326188237
3026098,0.16865195779686665
3026167,0.17919195923543663
3026168,1.8820955306402514
3026169,1681.3624465379487
3026249,0.15844393085665115
3026248,17.061972678243933
3026247,18.51787197096114
3026246,0.5328049659189491
3026245,8.443862236273203
3026244,4129.997789802482
3026243,46.55679130975967
3026242,107.58525603344019
3026241,322.78270787594676
3026240,771.2238562870269
3026239,1042.5204702365581
3026250,267.4787451603128
3026238,6.9879250261001715
3026236,0.0
3026235,2769.376358895672
3026234,4.180663141533316
3026233,0.20303505959202095
3026232,4.753455515792064
3026231,28.05827539481684
3026230,0.35094587582584696
3026229,3768.0183365931034
3026228,90.39919120566041
3026227,430.0273906813288
3026226,10.154114656477415
3026237,448.5031222333248
3026225,9.505838638249253
3026251,5.146779717255216
3026253,4.70087703813382
3026277,3216.5142635432408
3026276,61.48232394357147
3026275,141.8975066843137
3026274,237.29538196595306
3026273,564.3493409465812
3026272,878.6744795242482
3026271,6.80878590293986
3026270,355.5269628544645
3026269,0.09064275073058829
3026268,1903.9859140884273
3026267,1.9698313406250603
3026252,3.7641840503940154
3026266,0.22676277385705723
3026264,7.690444468461747
3026263,43.40519980605918
3026262,654.1639908730898
3026261,54.532790629350096
3026260,185.865328023899
3026259,5.949211939369818
3026258,3.249547710163969
3026257,284.2351001278682
3026256,186.4163825354336
3026255,2.0995855373301895
3026254,31.780947394895463
3026265,5.239992120955907
3026058,144.86713060905458
3026224,229.8164745937333
3026222,6.751073463201649
3026193,3.7421973119658336
3026192,0.9563598448208048
3026191,166.64539925592828
3026190,127.48456926339776
3026189,1.1206109618927504
3026188,23.49906923929795
3026187,2.998222603746857
3026186,0.25900898619032214
3026185,2.8054726925101092
3026184,176.21831672069987
3026183,0.1637908331248762
3026194,115.02707240159964
3026182,10.681911306246072
3026180,0.578983384166879
3026179,5.699742560747989
3026178,2980.3738658771963
3026177,41.54011894229003
3026176,58.70931674879095
3026175,217.99385291098366
3026174,372.1274473492913
3026173,723.6680869351486
3026172,5.3290464293884146
3026171,164.481828865785
3026170,0.0791197729686327
3026181,12.427463291598132
3026223,412.4413678993379
3026195,37.132061867967344
3026197,10.875360973142326
3026221,65.43206913009861
3026220,4.68129100582745
3026219,21.66773443648329
3026218,16.334015758649944
3026217,212.17370778418774
3026216,0.30649963482659315
3026215,25.312831978184143
3026214,20.629050132541035
3026213,1.0835355544061964
3026212,23.71900995020178
3026211,3802.2590131903426
3026196,289.8686932573587
3026210,106.56652735388829
3026208,224.69071897946193
3026207,824.0065865434282
3026206,895.3082810373936
3026205,11.393534978151791
3026204,508.30538968736784
3026203,0.12049357013272473
3026202,2954.6175625930446
3026201,3.969742865607709
3026200,0.11576639982842399
3026199,4.03661163140364
3026198,2.7548182276860977
3026209,178.28142346657202
3026278,6.080793819828845
3026057,1.1327618356238234
3026055,3.0654549928453942
3025914,5262.571083090908
3025913,75.31850884237545
3025912,143.26567178335995
3025911,375.2902212022798
3025910,741.9804889693172
3025909,1476.749867431086
3025908,9.868227175630498
3025907,575.2017152910323
3025906,0.12015504957653733
3025905,3101.483789464681
3025904,4.905353351797477
3025903,0.24626447007408786
3025902,5.746181490573
3025901,2.752544847618167
3025900,0.11615444176713628
3025899,367.37351870754685
3025898,25.70898982937021
3025897,136.88702491770727
3025896,4.982954375654902
3025895,1.4983656905436291
3025894,170.4255489779518
3025893,148.12815156824846
3025892,1.012150644053099
3025915,14.053808169055715
3025916,0.7773158416172645
3025917,25.145485594185526
3025918,23.607019716704805
3025942,646.6379669084841
3025941,5.089260437855369
3025940,154.54803952370364
3025939,0.04948034691940407
3025938,1435.2717510427499
3025937,0.6463066134190965
3025936,0.12216655155333961
3025935,3.5574551505108074
3025934,7.518449198272938
3025933,26.54139444891744
3025932,1235.10693136117
3025891,14.152304846902588
3025931,67.31671540336026
3025929,7.786750956221178
3025928,2.6443965869345405
3025927,357.4609663599953
3025926,442.2691871331636
3025925,2.229914007492497
3025924,33.56702440580624
3025923,6.405545477735769
3025922,2.573547299702244
3025921,9.34076694363395
3025920,326.8246925074283
3025919,0.29312409086739455
3025930,336.01166551001614
3025890,2.0401200921882894
3025889,0.058442590936920856
3025888,3.691673736124333
3025859,6.681366800160369
3025858,69.98711007933535
3025857,4.5078864471774125
3025856,25.982671667339883
3025855,15.365830333408603
3025854,179.5034371551044
3025853,0.286106336019885
3025852,24.1715143469453
3025851,20.123468480946425
3025850,1.1757191066601682
3025849,21.875504552511956
3025860,338.59727610535896
3025848,3157.338149758973
3025846,148.51416149973875
3025845,161.6877803178252
3025844,765.6889941961354
3025843,730.9841633287417
3025842,12.394532907442274
3025841,425.43726581608246
3025840,0.10987496964308112
3025839,2590.6561378931406
3025838,3.5660833496784727
3025837,0.10519259739407132
3025836,3.6590487054038077
3025847,97.35858083964294
3025943,368.7730735672809
3025861,172.44015139307334
3025863,11.95153542847507
3025887,157.50049315162948
3025886,0.11114141573012755
3025885,12.982769835246689
3025884,13.492223802748573
3025883,0.3592914792474827
3025882,4.287122549405892
3025881,3192.1627414270833
3025880,38.60327085600938
3025879,42.03135165774893
3025878,210.69177430859898
3025877,283.7843730928143
3025862,9.011159700062443
3025876,882.8248949015031
3025874,119.40276150239522
3025873,0.001267530109070513
3025872,1543.633522422034
3025871,1.2542815939501497
3025870,0.09354408249155162
3025869,3.663721576436923
3025868,26.318345332215916
3025867,0.3364802527586022
3025866,3542.9581877536148
3025865,75.81260525867015
3025864,351.3093786766895
3025875,4.57607210865069
3025944,168.08559251073743
3025945,48.385904660488386
3025946,34.00739474295006
3026026,183.48111711908646
3026025,150.76408906605369
3026024,1.0144686897443647
3026023,20.878793357008206
3026022,2.923418948842561
3026021,0.15953329430699867
3026020,0.6479757782243898
3026019,172.84676115957035
3026018,0.11510448777250219
3026017,17.33376564725376
3026016,15.160586608449048
3026027,0.6662693382424685
3026015,0.44826406922606526
3026013,2674.127128522502
3026012,37.689126040112704
3026011,45.95880010732307
3026010,178.67799849329447
3026009,395.0977091753911
3026008,800.3292031985577
3026007,5.043775402410407
3026006,171.6460017306014
3026005,0.03288873140703644
3026004,1431.5601616029794
3026003,1.7239341639040617
3026014,4.249729391247396
3026002,0.1070986750589612
3026028,3.1581215067039494
3026030,42.98102994573293
3026054,0.32143947970289144
3026053,3.0374464846078366
3026052,201.25116558139473
3026051,0.16037673309302636
3026050,16.475479564928598
3026049,15.176306623185663
3026048,0.580775072588374
3026047,6.420180230497152
3026046,2864.9624968594676
3026045,43.40836489944624
3026044,60.9851941531618
3026029,100.47404290212775
3026043,237.5175311300067
3026041,751.7667073154726
3026040,5.052735177540443
3026039,171.38044557095117
3026038,0.07386159509832867
3026037,1553.9650814859376
3026036,0.918595568502055
3026035,0.2546637616608703
3026034,3.6382495575611804
3026033,2.3678263490016302
3026032,7.993991675338542
3026031,361.71876481010906
3026042,380.1006374493108
3026056,23.401841624251634
3026001,3.3311028472373314
3025999,0.1991787863393514
3025970,0.6344339413402977
3025969,0.10240362362019928
3025968,3.4574403151035566
3025967,1.738262617769153
3025966,6.952305696029393
3025965,216.5899054267489
3025964,32.80029811340498
3025963,106.34732615645034
3025962,3.3335372489935162
3025961,0.7860398112710081
3025960,151.26038505682573
3025971,1400.0254133834417
3025959,122.53966352891602
3025957,22.759490347798863
3025956,4.190284459178554
3025955,0.16225126863020195
3025954,1.2765542649463333
3025953,157.91645967212668
3025952,0.11852102153997034
3025951,9.47643324642103
3025950,10.533680464375452
3025949,0.4948465364763
3025948,3.905514589121445
3025947,2480.191242930625
3025958,0.8764189133640969
3026000,1.6125711662040025
3025972,0.039980298740951645
3025974,4.7595704082299655
3025998,205.46750276435105
3025997,30.865524218018276
3025996,101.41695407931932
3025995,3.20182709951166
3025994,0.7500889233666037
3025993,152.12961550455674
3025992,117.89251877567774
3025991,0.8193885011697255
3025990,21.817948573362266
3025989,2.4846748665007317
3025988,0.16392277942849479
3025973,150.17114008204925
3025987,1.3502363531415895
3025985,0.12012964096339765
3025984,9.158020709585625
3025983,10.423538371808073
3025982,0.48406614928047165
3025981,3.8540784319787855
3025980,2412.0500154531214
3025979,33.22767451105476
3025978,46.74231939078712
3025977,153.66875186010225
3025976,344.14075205220695
3025975,632.4253411064334
3025986,152.33927384493208
3026279,0.6517450991656208
3026059,174.57470048480758
3026281,20.913443298783374
3026584,165.15491680434752
3026583,34.87157882655224
3026582,64.31205488420845
3026581,29.95747583644546
3026580,394.433960194797
3026579,1.2410662148934746
3026578,51.362463210812514
3026577,39.83075216271962
3026576,2.727559294443954
3026575,71.3766628699524
3026574,6629.605928283717
3026573,276.75184312480474
3026572,465.214922409017
3026571,365.3984574612892
3026570,1913.1859063419413
3026569,1719.0961601617232
3026568,27.25247674348557
3026567,1144.7601867892654
3026566,0.4217387806224327
3026565,6332.169310566287
3026564,10.247449864490633
3026563,0.4359913895964598
3026562,7.531360907473987
3026585,15.655653688049952
3026586,842.1930613891886
3026587,442.9505297862022
3026588,17.235132645287692
3026612,0.10377821110168708
3026611,6.457698044060019
3026610,8.193060133295605
3026609,0.318693369337345
3026608,2.0732257887992303
3026607,1643.709063805078
3026606,32.61720294935658
3026605,83.65737020886746
3026604,98.09654929104289
3026603,249.89709969836065
3026602,462.52607196596574
3026561,2.4812808655134546
3026601,3.38148862361696
3026599,0.0
3026598,1094.491751015853
3026597,0.3311827215961277
3026596,0.03180553074105672
3026595,2.3321168866554998
3026594,92.11951452293636
3026593,0.9957056629196446
3026592,8430.068064128274
3026591,297.93570830862734
3026590,1049.604502220463
3026589,20.25917317568541
3026600,112.137384597677
3026560,1.029397828831863
3026559,879.9564583140076
3026558,57.914263472170475
3026529,4.128754318140864
3026528,2.91481086532544
3026527,1.0824161332601365
3026526,982.7571943740695
3026525,61.20557205211327
3026524,144.0508127123193
3026523,4.71844208919296
3026522,2.9788013450331774
3026521,236.72771388305088
3026520,158.00293414862907
3026519,1.403987890440729
3026530,0.21683242054772264
3026518,48.80107313020585
3026516,2.449442787681113
3026515,0.33302896137632493
3026514,226.1470268929698
3026513,0.3113415918428916
3026512,18.575894260033422
3026511,20.97223177882126
3026510,0.8054495928215935
3026509,5.484648821298891
3026508,4001.7311857787604
3026507,58.901940101720214
3026506,162.12137753619106
3026517,3.712996581604129
3026613,102.27489405488457
3026531,1.0824758486017867
3026533,0.14366569966070483
3026557,137.813587329986
3026556,4.576828454567017
3026555,2.950656809412813
3026554,209.4590277395842
3026553,152.45770750234968
3026552,1.4329129802343243
3026551,45.60442713193187
3026550,3.051845452256618
3026549,2.183506523833733
3026548,0.32808430147089807
3026547,216.37732470203264
3026532,2354.8081542125965
3026546,0.31525295975962775
3026544,19.21129278707789
3026543,0.7306293655266602
3026542,4.844176624101646
3026541,3142.663607698828
3026540,56.484588199750945
3026539,136.98015381309278
3026538,213.7384327824262
3026537,658.6655022010467
3026536,795.40847987052
3026535,6.977247091400514
3026534,469.08454553966453
3026545,20.222976527051543
3026614,0.3875027694563733
3026615,0.24881343287213928
3026616,1.9690929942788853
3026696,0.6422770156208235
3026695,0.18072885458343355
3026694,5.280084390650556
3026693,0.9047728811360254
3026692,0.1289105502187107
3026691,183.6313093396103
3026690,16.235634010804507
3026689,61.087348791851184
3026688,1.8188491501705704
3026687,0.6012828597292383
3026686,90.76232073912439
3026697,1712.1252547800862
3026685,58.02720024493547
3026683,18.64105002823684
3026682,1.5403769364528586
3026681,0.1287259351461352
3026680,0.2193719082096641
3026679,97.80840706564611
3026678,0.06786214246937683
3026677,4.78888136815677
3026676,8.688623836303476
3026675,0.27971860601339177
3026674,1.423072952055255
3026673,1520.15252380657
3026684,0.4391302197472729
3026672,22.790367143727362
3026698,0.05932027052442529
3026700,4.91901585129153
3026280,21.375778761109277
3026723,40.91120090457296
3026722,164.9982915414846
3026721,3.5099139002183835
3026720,0.9180577964458219
3026719,200.13636379938515
3026718,200.11822254999043
3026717,0.9363342789216387
3026716,34.73230724251734
3026715,5.339900728223007
3026714,0.27395505896065603
3026699,249.3153791265381
3026713,0.37411559268522376
3026711,0.16453987271709686
3026710,10.442230450238357
3026709,21.91621682425523
3026708,0.6137704365599883
3026707,3.267057383803552
3026706,2936.6165546515394
3026705,55.14193575523266
3026704,134.09119535344877
3026703,188.04344001810205
3026702,446.7453339103764
3026701,806.2008223216841
3026712,189.4183346981458
3026505,249.9372165578189
3026671,88.23072637077517
3026669,205.45363922579313
3026640,3784.503889939067
3026639,55.85027661295453
3026638,189.79563539407263
3026637,232.40548340516102
3026636,711.9239846684503
3026635,1041.3245737738948
3026634,6.730614438735051
3026633,455.7276761629227
3026632,0.08004177748243824
3026631,2472.49224326075
3026630,2.135947615192927
3026641,6.411705208836296
3026629,0.21629937188141296
3026627,1.3823047890204236
3026626,0.1668798977485646
3026625,246.1367162423839
3026624,23.478923811740252
3026623,74.5038080485407
3026622,2.369160468414298
3026621,0.824720936591828
3026620,92.81988941466031
3026619,67.67135279568986
3026618,0.6077648307355799
3026617,21.873320246934576
3026628,5.491032982671409
3026670,77.17995249464309
3026642,0.5436035063953273
3026644,18.068166810382756
3026668,430.9491245239506
3026667,2.9786326828238194
3026666,89.19580433527491
3026665,0.0
3026664,804.6114996859005
3026663,0.1664177321406829
3026662,0.004650024310864209
3026661,1.7732539838884662
3026660,4.7059544929511405
3026659,0.8733381965440741
3026658,994.9239999745766
3026643,17.530297288687205
3026657,62.61587754511002
3026655,5.51818040386178
3026654,2.344853146122145
3026653,247.6311551644462
3026652,241.83880251608304
3026651,1.4729612739632865
3026650,24.62505078529349
3026649,5.584218414579699
3026648,2.113190599792929
3026647,1.9418709697946914
3026646,221.14984061823807
3026645,0.2535445774992783
3026656,169.736784690089
3026504,813.8178785050467
3026724,667.6710682667929
3026502,7.660488921376693
3026361,1676.7448441150145
3026360,36.10868316401027
3026359,247.88840050829387
3026358,4.9414591941943335
3026357,3.617444408034731
3026356,146.07457196858996
3026355,322.55276740326235
3026354,2.9970287561536324
3026353,36.54173635718431
3026352,4.079740774249807
3026351,4.279249013275151
3026362,0.3014013822286944
3026350,6.754046331803957
3026348,0.1303930594505397
3026347,13.960796858964322
3026346,9.988262200960977
3026345,0.510310963751889
3026344,15.287482615179552
3026343,2220.3166845530604
3026342,51.3519672493539
3026341,59.00709990131609
3026340,140.5964505115627
3026339,413.85531583680506
3026338,468.9051561571109
3026349,107.88618733354268
3026337,9.159808047322494
3026363,12.183714069147763
3026365,0.08018042991124447
3026389,288.87943373199914
3026388,310.1738646329238
3026387,8.918813024189658
3026386,73.93584042518958
3026385,6.9877755616593955
3026384,43.78642709820478
3026383,8.3776630600111
3026382,220.6022041809384
3026381,0.24488362273073297
3026380,45.51081606689128
3026379,24.246085502248153
3026364,3.2604279280909694
3026378,1.2189647597674007
3026376,3710.443147209773
3026375,146.5603015573616
3026374,187.5223154558623
3026373,266.1033631674542
3026372,1179.859809050045
3026371,937.95473395904
3026370,13.661916240378915
3026369,806.694426149538
3026368,0.18273050287970805
3026367,3378.2357226508157
3026366,4.361575475960293
3026377,19.65481024197385
3026390,13.432814077766597
3026336,259.8033787671936
3026334,1552.5791970121686
3026305,603.8341866506476
3026304,4.70312142599434
3026303,145.1179260406261
3026302,0.10931392383371352
3026301,1186.3045388440917
3026300,0.7762636090193358
3026299,0.21500521378040463
3026298,3.2532431728180153
3026297,3.5340253152449357
3026296,0.7298001028888397
3026295,878.7224074541402
3026306,314.62510055092554
3026294,88.20726566509586
3026292,5.2105782964089995
3026291,2.0680608274627508
3026290,227.056871676353
3026289,165.36118582442373
3026288,1.7937296031912915
3026287,38.41663021992772
3026286,4.8044981522861585
3026285,1.8212477175323523
3026284,2.3728846664819843
3026283,223.14268201186619
3026503,979.084259070269
3026293,177.43424884172995
3026335,0.04962778876777256
3026307,133.62831881814225
3026309,50.503179806330415
3026333,1.8253069130815018
3026332,0.05091256002919434
3026331,3.151653901098771
3026330,1.1671605569465644
3026329,17.832317401143527
3026328,396.9369131286378
3026327,24.007732084654204
3026326,52.72770136726331
3026325,3.583615526761636
3026324,0.9625060100377227
3026323,133.06764423691308
3026308,74.7951990630173
3026322,50.174695525417775
3026320,27.34668411300125
3026319,2.814288429384968
3026318,0.6002021633016723
3026317,0.8575012175794472
3026316,141.94309529628762
3026315,0.18198627559433792
3026314,17.674393184336232
3026313,17.642727533935503
3026312,0.5368632302321803
3026311,3.4644098161026085
3026310,1891.338807952768
3026321,1.6243980629288934
3026391,9.278908779734463
3026282,0.24389964712462103
3026393,111.16270482166881
3026392,417.2976040236072
3026472,224.84123937728424
3026471,809.7348585834281
3026470,755.6196717791718
3026469,10.407416749404618
3026468,533.5227801132714
3026467,0.11484582749811653
3026466,2730.1126636247795
3026465,4.959462131572161
3026464,0.11569507447275551
3026463,3.9074768099650408
3026474,108.60066784742473
3026462,2.585293992533106
3026460,909.1139838218904
3026459,18.407935353258097
3026458,119.0724851800207
3026457,3.114774911748789
3026456,2.827027554114577
3026455,110.50049534886953
3026454,143.5848101272594
3026453,1.5890510534672857
3026452,20.952623337848554
3026451,1.6757234118005533
3026450,3.9065470857888203
3026461,0.27075077118133206
3026449,1.7937685124896543
3026475,3182.06410037883
3026477,1.2240555217551399
3026501,548.3605051339711
3026500,0.1445695062340974
3026499,2846.6862221415863
3026498,2.562143970867771
3026497,0.2116525123350146
3026496,5.057934044177908
3026495,18.719742732486008
3026494,0.4368145209654248
3026493,4064.38474438372
3026492,71.45421442485157
3026491,349.82156464718685
3026476,19.26102835354218
3026490,8.172749777118346
3026488,211.17059149041495
3026487,281.4694064289651
3026486,5.10673573582377
3026485,83.47389977278557
3026484,4.702548966660921
3026483,32.15147823773571
3026482,6.753816106929371
3026481,174.40002959125425
3026480,0.23809095934456434
3026479,26.030621233655133
3026478,18.412698098854786
3026489,8.47229596095498
3026448,71.24439197104851
3026473,175.09396863338776
3026446,6.754784565041979
3026417,21.795308514282326
3026416,0.45898059866839985
3026415,36.37003756673787
3026414,0.10754760211095339
3026413,8.186553042643814
3026412,5.161098449129221
3026411,0.5116178490901409
3026410,5.640403337497294
3026409,1268.378677947551
3026408,4.985197971903404
3026407,18.66225525877107
3026418,1.4928293476059085
3026406,37.0873956307607
3026404,188.43301934768297
3026403,2.5123972177513343
3026402,86.34289110368316
3026401,0.0
3026400,629.4101360057347
3026399,1.9774238162198343
3026398,0.0
3026397,1.5603927670913151
3026396,24.904382494580126
3026395,0.5520356159820283
3026447,0.14978161582028438
3026405,199.38349416067118
3026419,43.78001145866997
3026394,4531.599364976958
3026421,8.98446399372315
3026445,7.641019584924548
3026444,0.45371939443101494
3026443,3.907477341428743
3026442,1414.3385250550007
3026441,35.54981516878187
3026440,43.10457242905518
3026420,2.134825747074906
3026438,252.38925553046
3026437,346.97871976380725
3026436,6.036900214171744
3026435,185.61092234391734
3026434,0.022244064604040964
3026439,73.47581667482034
3026432,1.077465034557664
3026431,0.010822848287828462
3026430,2.4705203450546396
3026429,3.722530977008917
3026428,0.2638678467377381
3026427,609.3621676719223
3026426,6.63823210800137
3026425,12.953073493106897
3026424,2.288150926768167
3026423,2.784138120937003
3026422,57.38006524500101
3026433,1067.8345788509716
3028803,1497.071765873817
3028804,0.5290619125186509
3028805,7.548851520249098
3028806,4.321967763610259
3028812,11.415716432637595
3028808,3.878412457897932
3028809,2362.9327803736833
3028810,0.29892178226081306
3028811,511.70021772340147
3028807,0.24893937091661114
3028802,56.858764403069245
3028790,0.283966355561564
3028800,10.050358002100927
3028799,8.126075363525013
3028798,247.9545708943395
3028797,193.43996242589677
3028796,6.926438852485804
3028795,51.606349575540285
3028794,5.16460379721775
3028793,12.520885696310037
3028792,8.761384909619483
3028791,193.54579881455973
3028813,836.0853692641612
3028801,204.80116498548705
3028814,641.0704675066223
3028827,7.861825040415772
3028816,104.63997116546759
3028840,0.09507639665592832
3028839,4.100514265179908
3028838,13.632354399922257
3028837,0.6536453786133751
3028836,1467.6013426841516
3028835,95.57842308900305
3028834,138.14643732150446
3028833,9.558817444676366
3028832,10.016819681663977
3028831,241.7921400233271
3028830,145.08439435344943
3028829,9.155851451736757
3028828,63.48573559914634
3028826,21.18368759311362
3028825,13.898287054422118
3028824,181.27508473094238
3028823,0.4126733651405858
3028822,16.082266992269773
3028821,18.630729504462906
3028820,1.1304289697022796
3028819,25.616429502504758
3028818,2942.6927505387744
3028817,114.55504010610757
3028815,204.03109544888528
3028789,26.572081473770822
3028734,9.262394531538916
3028787,0.9040276339733364
3028758,246.4691593089352
3028757,0.21198367055090178
3028756,22.128917925505178
3028755,24.329105604287708
3028754,0.783715993542194
3028753,7.724578863110832
3028752,3755.284414291597
3028751,64.7855356359492
3028750,136.599962808368
3028749,221.2309394633761
3028748,436.35902257561344
3028759,0.8406225533880645
3028747,1122.5465572060527
3028745,344.16505106569605
3028744,0.11233631128382564
3028743,2381.2760815422334
3028742,2.1506263803794012
3028741,0.18834438041008705
3028740,4.709191308092926
3028739,24.666961322098807
3028738,0.2889879805455052
3028737,1605.6946722780758
3028736,75.28205191659292
3028735,414.08270573822676
3028746,6.424043061098859
3028788,20.069400633923205
3028760,0.781413736170316
3028762,39.59628492568776
3028786,20.787729338919906
3028785,3306.156358721761
3028784,94.30716681367689
3028783,108.38551767372302
3028782,206.73934762714728
3028781,587.7821371158589
3028780,870.8289682270301
3028779,11.966264319730895
3028778,431.6726460963303
3028777,0.14633168567968072
3028776,2189.562764575376
3028761,5.291507186410838
3028775,4.016647499514808
3028773,4.577074210848989
3028772,2.6526716802696786
3028771,0.30641872084287924
3028770,779.9250146653039
3028769,51.53399445967582
3028768,149.81060737447024
3028767,4.683455726819543
3028766,1.2731164511172697
3028765,265.7667462302986
3028764,171.99871519722458
3028763,1.407633083785552
3028774,0.16680759930335554
3028841,0.835564315587729
3028896,916.2630605568542
3028843,0.05152859417606798
3028924,23.340126485605545
3028923,475.71517442126384
3028922,0.8069315470189733
3028921,60.07881160942273
3028920,54.65724673216987
3028919,1.3728890567390923
3028918,78.51995457283367
3028917,8007.35645081663
3028916,252.09932101389822
3028915,350.94998225478554
3028914,560.5447876406175
3028925,22.216856860336208
3028913,1783.899756187316
3028911,24.3545221562443
3028910,1087.62411743455
3028909,0.18792533619219953
3028908,7063.592712995221
3028907,11.547100533284485
3028906,0.16921842109869756
3028905,11.421188202873845
3028904,94.82428175125337
3028903,119.81953030265034
3028902,6987.116895214578
3028901,324.59841220174513
3028912,2016.975820254316
3028900,1058.3829723437993
3028926,15.804452499997428
3028928,12.060004167864504
3028733,8.769785465892676
3028951,52.339532386536725
3028950,7232.904585232788
3028949,201.62626419058608
3028948,185.6583413033069
3028947,569.0104023172908
3028946,1339.016458235975
3028945,1773.2682878405842
3028944,19.622695765109153
3028943,786.8269102935215
3028942,0.12434387782632503
3028927,193.772324027124
3028941,5047.382275799757
3028939,0.09169838743940469
3028938,9.672003463409679
3028937,70.6454673266504
3028936,103.83321881090669
3028935,4708.963903619051
3028934,241.7709573941013
3028933,971.9508780322689
3028932,24.785440124070565
3028931,21.273548057157075
3028930,543.9232534105441
3028929,938.7758721486849
3028940,11.493862533000607
3028842,3177.7490270835583
3028899,28.923638925951625
3028897,541.6527999351243
3028867,149.9417600931751
3028866,4.116599335345694
3028865,1.8411111547709438
3028864,229.19451111550669
3028863,221.90105919954036
3028862,1.6071409592909518
3028861,40.848307623109704
3028860,2.2113511984613217
3028859,1.792267770554015
3028858,0.3005404626985552
3028857,217.6641866243433
3028868,57.30041833102686
3028856,0.14668751812912983
3028854,18.099626421497696
3028853,0.5855664981681847
3028852,4.514250029255479
3028851,4141.038527300778
3028850,47.93960452264951
3028849,131.2437023251146
3028848,219.02082785329668
3028847,470.30138165633656
3028846,998.2660830110945
3028845,6.290313373143629
3028844,411.9353077180526
3028855,10.972890471432425
3028898,24.899499053267142
3028869,604.213396358073
3028871,0.8880504270797411
3028895,15.552620186591842
3028894,248.69992173067212
3028893,26.138318719271936
3028892,23.094222624312263
3028891,25.304613307797062
3028890,454.84718669443964
3028889,1.1006403755356624
3028888,71.83700153535668
3028887,74.34938255877891
3028886,2.455505902771378
3028885,85.19898152383368
3028870,0.7357669878813113
3028884,9235.442074243427
3028882,468.83998272675825
3028881,531.7441631159662
3028880,2263.0657452565833
3028879,2209.0379740194535
3028878,26.793733128727453
3028877,1266.3706881290552
3028876,0.2391585678181465
3028875,8630.729522667107
3028874,12.536889986530179
3028873,0.22484940857986102
3028872,13.70120841794317
3028883,378.8281161885932
3028732,200.2447095574188
3028621,39.189392936216464
3028730,6.0974380234346395
3028588,7.39461538253938
3028587,3404.4166715993756
3028586,75.77838007903107
3028585,140.88007974678362
3028584,217.4095358204329
3028583,552.7188140268157
3028582,866.3957451580412
3028581,6.674139495820254
3028580,405.1360604792187
3028579,0.06746934717562242
3028578,2473.823094597924
3028577,1.0164142036945685
3028576,0.1123618053163914
3028575,4.262905383300769
3028574,0.4976427465632343
3028573,0.2175252289625567
3028572,204.0376397501664
3028571,27.048228087497364
3028570,53.87324186690911
3028569,1.7193617686615013
3028568,0.5976689515521576
3028567,89.94114375791324
3028566,136.77763000565818
3028589,0.5642849427381973
3028590,20.44507361854883
3028591,17.244844185998627
3028592,0.21885318662353426
3028616,770.633911529066
3028615,931.1182082058252
3028614,11.123027107371648
3028613,557.856497301614
3028612,0.17782940582329115
3028611,2891.246411784311
3028610,5.783040400090113
3028609,0.1465575005968016
3028608,4.151749022664533
3028607,1.3686786162784879
3028606,0.9069951016089228
3028565,0.5587725643973072
3028605,934.6366101185641
3028603,127.92863698216254
3028602,4.473315544156992
3028601,2.8564912821646655
3028600,242.96055393825986
3028599,288.4478092453234
3028598,1.6398533532561919
3028597,50.764240908242016
3028596,3.0298634276201293
3028595,4.917746372133641
3028594,0.36160580995798
3028593,207.39084312364946
3028604,62.54599637163686
3028564,23.27219192949032
3028563,1.3468013488758737
3028562,0.24503447470104736
3028533,242.09695334527152
3028532,1.97299861956347
3028531,39.78400467605562
3028530,5.027654207539206
3028529,3.657776079326548
3028528,2.7753557568616425
3028527,215.48908878130723
3028526,0.3216791134438538
3028525,26.686479631218326
3028524,17.870126769352197
3028523,0.9954539323582583
3028534,247.3772492590951
3028522,6.337557753588197
3028520,72.57682436403657
3028519,129.2711939499014
3028518,196.6701369128964
3028517,521.8401211335246
3028516,909.5591940919015
3028515,7.702018912776083
3028514,492.8518858438181
3028513,0.12006354454642858
3028512,2257.153165522163
3028511,2.296651912718871
3028510,0.20119188082014047
3028521,3605.8868410349264
3028617,179.41607159159955
3028535,3.1197468406994444
3028537,149.39212326356585
3028561,0.14187746479654068
3028560,104.42746839202294
3028559,0.08858850924741003
3028558,5.327782754957391
3028557,11.38303810900891
3028556,0.35719664654053257
3028555,2.1393147232316307
3028554,1777.4470391946886
3028553,35.75840067862838
3028552,82.08069624511957
3028551,81.64562994497261
3028536,5.3660170011007144
3028550,164.03179879538328
3028548,2.670050656048874
3028547,95.14377022307738
3028546,0.007565976141608828
3028545,1203.8599740741158
3028544,0.9188670930507281
3028543,0.054752943204718726
3028542,2.5003514890428953
3028541,3.726601975986463
3028540,1.181970454614624
3028539,463.3551376542183
3028538,45.699344217728246
3028549,466.94145321950384
3028618,137.9937875893308
3028619,121.67235966772058
3028620,3835.8285127413515
3028701,8.392689174084628
3028700,4.686017083042638
3028699,281.15827593085663
3028698,237.1628920726208
3028697,3.248092934594532
3028696,51.1317303237213
3028695,7.514494824025503
3028694,9.066250361319254
3028693,6.942105105831623
3028692,248.15529283296019
3028691,0.3406838894502092
3028702,210.34889195142225
3028690,26.79902170119318
3028688,1.1191980743541015
3028687,21.34573666804832
3028686,4421.300478349428
3028685,81.10174929869117
3028684,193.29880219792332
3028683,215.08018443719905
3028682,624.9648767139893
3028681,1212.9165474985111
3028680,8.960037876914795
3028679,594.6487770177879
3028678,0.1560443713499469
3028689,25.305332144967533
3028677,2900.8584161107938
3028703,82.49561452131667
3028705,11.656292526899659
3028729,66.77464946171506
3028728,3.2675411287582135
3028727,12.223502113995842
3028726,15.142697298689548
3028725,192.02742401881594
3028724,0.2353682913656629
3028723,17.515547965130114
3028722,14.738645902973918
3028721,0.8973660982887461
3028720,19.563468684706212
3028719,3377.273395433834
3028704,892.2349005070284
3028718,97.45663066418676
3028716,200.31346893531375
3028715,756.3396452331419
3028714,755.88384476904
3028713,10.417555555635026
3028712,395.65536800879966
3028711,0.1052536753261919
3028710,2518.902310186737
3028709,4.630533611374624
3028708,0.0693384677531465
3028707,3.4428543967284195
3028706,8.221778077594054
3028717,151.93817734668016
3028731,382.21862971857877
3028676,4.838429182056486
3028674,5.197035479650616
3028645,0.0654485604411181
3028644,2049.9847417168944
3028643,5.783197606263672
3028642,0.07574125209316085
3028641,4.817480116116037
3028640,15.4287705284923
3028639,0.6939459835109212
3028638,1369.791431664051
3028637,109.09069435163771
3028636,208.23019203285608
3028635,10.428383031346483
3028646,375.3266151259851
3028634,12.276107829606495
3028632,213.66976642097592
3028631,8.7542145757146
3028630,79.90116484307966
3028629,4.428237259431613
3028628,20.88038975314994
3028627,13.58221502049161
3028626,196.62610472059262
3028625,0.28381680034540696
3028624,22.671744223688737
3028623,20.918397174283577
3028622,1.3816656187716787
3028633,235.21281478514257
3028675,0.2145246011910251
3028647,11.88928881867803
3028649,558.150788106861
3028673,13.124795398904439
3028672,0.5370000152999341
3028671,1167.8513179125748
3028670,73.83993644610553
3028669,169.2856992205694
3028668,9.832758953229513
3028667,8.28579285499698
3028666,220.26513394667174
3028665,211.63740616986456
3028664,6.975659337328217
3028663,63.99473258906619
3028648,808.7024231829217
3028662,5.008410529892211
3028660,13.146228901547776
3028659,181.43046691107773
3028658,0.2073836892093037
3028657,27.510593198795526
3028656,25.8858244025069
3028655,1.121793606253029
3028654,22.388806194071897
3028653,3263.405709115304
3028652,98.89837699425998
3028651,113.34133014471224
3028650,166.96161899764493
3028661,11.356119604407478
3028952,1.2520734153711581
3029397,1024.043511973345
3028954,45.77720383026998
3029257,21.16379656630249
3029256,2.6772879117569124
3029255,0.3060337577752987
3029254,0.31094970877847644
3029253,157.43361857450617
3029252,0.12989936375380398
3029251,13.753057672042324
3029250,12.58688698104524
3029249,0.41027462273660087
3029248,4.870726958255479
3029247,2542.235443216844
3029246,31.946599748490307
3029245,57.26668666200501
3029244,145.18727921903752
3029243,196.72505937809893
3029242,763.5826719451197
3029241,4.399820975798779
3029240,180.6422912647701
3029239,0.05621812960159763
3029238,1563.0657875072664
3029237,0.4364242933879301
3029236,0.10914650197609158
3029235,4.193378267705593
3029258,0.9718541217232173
3029259,82.48700758873805
3029260,156.9673301933953
3029261,0.5740917368944332
3029285,0.27618964867889384
3029284,28.759787019280573
3029283,17.00653499970238
3029282,0.9446910868705991
3029281,27.7402714359247
3029280,4082.377716809757
3029279,127.79459082015754
3029278,171.2777979431853
3029277,256.66528154805366
3029276,845.9110179021031
3029275,954.2019526256558
3029234,3.795066176607107
3029274,12.967990955817836
3029272,0.10465506797691036
3029271,3009.581249806062
3029270,6.101299776302881
3029269,0.10883631200595595
3029268,4.384116541078827
3029267,1.1747338952833468
3029266,0.19632390013526207
3029265,342.65356528314766
3029264,48.48677756307198
3029263,56.70837718988818
3029262,2.804416791250635
3029273,494.1822909901678
3029233,0.7827893004303585
3029232,987.536664525993
3029231,124.4066070048179
3029202,4.963694119639649
3029201,9.966147851625605
3029200,2.2117301950588333
3029199,2815.373613771956
3029198,56.524768911054885
3029197,87.5104990324066
3029196,11.034377559883124
3029195,7.540399265731315
3029194,401.4793405371778
3029193,108.83090140589131
3029192,5.927222586635551
3029203,0.11389550328145727
3029191,119.55973064606046
3029189,21.153238335886403
3029188,3.807757496957395
3029187,259.1379800008047
3029186,0.6164995216194071
3029185,22.855869715689963
3029184,9.316065414946998
3029183,1.5777957926810213
3029182,12.928601067324779
3029181,4223.054583827622
3029180,182.4853438963286
3029179,53.13705386713635
3029190,3.171597605592604
3029286,213.8172673242088
3029204,3.3945983558356563
3029206,0.17634824905290733
3029230,248.95664589614142
3029229,6.6563184629097965
3029228,4.883753614367849
3029227,209.3769772591539
3029226,260.9374296486896
3029225,3.9025834282212015
3029224,67.99469338792015
3029223,3.2814371072101407
3029222,5.251356388344269
3029221,3.505685974889446
3029220,59.052644565785506
3029205,2101.1654503449267
3029219,0.3226382002388082
3029217,10.854273279123422
3029216,0.9959818318015479
3029215,9.985137925677696
3029214,2761.0756682914543
3029213,170.22714434931552
3029212,134.47868456227135
3029211,200.41174605294063
3029210,561.410474948531
3029209,749.2772422521648
3029208,8.028284627646814
3029207,450.05895972195617
3029218,27.452956719886444
3029287,18.042857283997133
3029288,12.343482692784159
3029289,8.312493004528413
3029369,5.947500988554959
3029368,0.20243515437356432
3029367,6.679765067828397
3029366,44.06747603042521
3029365,0.6604871978728386
3029364,3174.900369245069
3029363,158.850554686793
3029362,588.6223349598309
3029361,13.888934066239091
3029360,11.742358531527275
3029359,288.6479695975715
3029370,3112.699882981197
3029358,543.3845066911452
3029356,107.82151089494295
3029355,13.575904814555983
3029354,20.876259685619868
3029353,20.06930615029348
3029352,265.99838086429605
3029351,0.47051195085748304
3029350,37.46138797481993
3029349,31.433817822351536
3029348,1.7440896288357006
3029347,36.7998993434208
3029346,4556.328594923524
3029357,9.562422924033722
3029345,167.90391268888538
3029371,0.11128223687612761
3029373,12.294380069338098
3028509,4.371628905326527
3029396,85.65656903946828
3029395,400.47205283850576
3029394,9.300560956208502
3029393,4.547684440089752
3029392,359.62864138810806
3029391,422.5498698506041
3029390,3.260453049255206
3029389,45.92236974089512
3029388,8.741523135009617
3029387,6.243991868486492
3029372,585.9945537815935
3029386,9.604264206536008
3029384,0.4412577848675262
3029383,30.150166932389197
3029382,28.866088819414777
3029381,1.2462179508464022
3029380,12.957266537738008
3029379,5079.237799629724
3029378,77.22769713422863
3029377,175.5558616568065
3029376,383.60722819339964
3029375,789.1040955521901
3029374,1345.4288644829871
3029385,319.22132465384385
3029178,359.96007419854567
3029344,259.5462468016052
3029342,1153.455604208727
3029313,4001.5647502963734
3029312,178.36314791463283
3029311,254.45645763383996
3029310,219.09667845815036
3029309,1162.383487719704
3029308,1016.0273952775667
3029307,16.42270288892516
3029306,646.4086368036312
3029305,0.2066059265457909
3029304,3684.433654223319
3029303,5.8434840450102135
3029314,38.61455993442595
3029302,0.1924619600384528
3029300,29.586456595389976
3029299,0.34009424323636656
3029298,2340.5711996790938
3029297,97.65163878655841
3029296,465.18114101306867
3029295,10.369608280952525
3029294,9.488233541895992
3029293,253.52376303406754
3029292,452.97330507321976
3029291,7.04900659590038
3029290,75.39327556188516
3029301,4.417226778086786
3029343,274.1630517629127
3029315,1.6661595370647562
3029317,31.39022182908655
3029341,1089.2737509476049
3029340,17.13864648756631
3029339,685.1698867698037
3029338,0.16618040694782502
3029337,3710.310178388245
3029336,7.556671866791808
3029335,0.1747917983671261
3029334,5.504408069715417
3029333,45.41719940196285
3029332,0.5035228456109857
3029331,3586.1180722303784
3029316,24.604020163693082
3029330,154.77679433528442
3029328,12.484029087007034
3029327,10.159096772105151
3029326,235.18210857552242
3029325,552.0221026935473
3029324,10.20205909926001
3029323,113.85756795701742
3029322,7.714474399575456
3029321,22.208769957867265
3029320,15.548123625145177
3029319,135.29789906095775
3029318,0.47737847582198223
3029329,583.2048001750896
3029177,893.7851105672834
3029176,1307.4130708586843
3029175,5.797904586727297
3029034,1918.2631956635055
3029033,103.97497309476634
3029032,716.0081681520405
3029031,19.253637744000667
3029030,17.4168816804476
3029029,525.8344767743985
3029028,779.579278857842
3029027,6.485980610367524
3029026,87.40487016841584
3029025,5.790729149963032
3029024,10.804781840190266
3029035,91.16313745743814
3029023,24.97386588945579
3029021,0.5658011232025852
3029020,37.03994870149922
3029019,37.69525364900171
3029018,0.847997058096744
3029017,45.02539306642736
3029016,6927.0538949276915
3029015,147.41016688031004
3029014,142.66729627067363
3029013,512.6828193697747
3029012,1139.3558688052635
3029011,1670.5060168795194
3029022,400.82753835624254
3029010,19.396967647689216
3029036,28.385567422199504
3029038,0.14121831546730834
3029062,454.84637631482
3029061,744.5829689894634
3029060,12.521874827680652
3029059,155.8264045793488
3029058,11.202328826547928
3029057,23.57364189959726
3029056,20.39017492873736
3029055,393.0855872809773
3029054,0.6338515227654331
3029053,47.54159903876746
3029052,47.90844183811001
3029037,9.077119922874669
3029051,1.3574189658199032
3029049,6918.25915160359
3029048,262.9979408795218
3029047,317.98134369876584
3029046,450.1735939082358
3029045,1625.2476689249947
3029044,1789.4013888981963
3029043,23.148306479738004
3029042,1025.042420373016
3029041,0.190962289631246
3029040,6334.15529183152
3029039,9.879387175740893
3029050,66.37372515916186
3029063,18.35806811384877
3029009,691.5548967867156
3029007,4240.381457228814
3028978,1852.1512974514171
3028977,21.882033557055937
3028976,997.435921558968
3028975,0.21369814711836962
3028974,6187.560148116394
3028973,12.373690419795011
3028972,0.11784007431261931
3028971,10.639874426486276
3028970,43.39863713904547
3028969,89.47139898405838
3028968,2584.2781912932846
3028979,1593.9901436284351
3028967,141.07270123357407
3028965,20.709012520928017
3028964,19.384137783621306
3028963,542.3733693642647
3028962,827.5811863399641
3028961,8.742592332444266
3028960,122.92866543684502
3028959,9.398522758306045
3028958,16.509406140267274
3028957,24.980711061456
3028956,406.107266735769
3028955,0.7106651364875278
3028966,811.6492329676227
3029008,0.10318150043975964
3028980,549.6561379771143
3028982,233.20122837049126
3029006,10.995229952443264
3029005,0.06734216566736036
3029004,9.202741236513518
3029003,55.08902870871119
3029002,100.75855597079884
3029001,3735.1720217673337
3029000,182.34800584295698
3028999,810.6540827646396
3028998,22.50130872155615
3028997,20.337015667682486
3028996,578.0340537333459
3028981,259.7165082379381
3028995,811.5444254233688
3028993,141.2394456540799
3028992,7.8371735115006445
3028991,20.25402566615737
3028990,28.844154422161925
3028989,430.52824813514616
3028988,0.8670429352228468
3028987,53.06470560075943
3028986,45.68705662521266
3028985,1.4312724407911794
3028984,61.147818511988994
3028983,7921.52044786741
3028994,10.47539095784503
3028953,37.93172845201179
3029064,23.607765630924472
3029066,212.06678092833988
3029146,282.45597674817674
3029145,309.15941311778107
3029144,1310.633215635537
3029143,1288.2815491385204
3029142,12.741771785492526
3029141,844.9186800309753
3029140,0.1730354245005931
3029139,4682.41257724278
3029138,4.095406490956064
3029137,0.1452773836967659
3029136,5.947164583130579
3029147,211.16343604818792
3029135,23.99920867163292
3029133,1554.3392328066864
3029132,87.11101068773492
3029131,479.7182189970413
3029130,14.975182240339953
3029129,9.26012746245072
3029128,370.59635701485365
3029127,586.0049324851351
3029126,5.856995648050653
3029125,80.36493111517345
3029124,3.724622556540269
3029123,11.604735916073526
3029134,82.14126754895175
3029122,18.711684617833093
3029148,5062.181557072029
3029150,1.112246836669787
3029174,904.8871296667178
3029173,0.33197350539234705
3029172,3691.493059937231
3029171,3.1426366292844126
3029170,0.2523793356326834
3029169,4.652469826978541
3029168,32.70002557054443
3029167,2.4555082614066186
3029166,2918.7633940413602
3029165,145.47782441585207
3029164,585.9214699287786
3029149,26.239196634936185
3029163,10.93203069336218
3029161,338.5194907589347
3029160,642.5208589754066
3029159,7.213385408535398
3029158,124.53831194263799
3029157,4.058389337620554
3029156,19.585455264043382
3029155,3.4736605421313893
3029154,128.51108271034877
3029153,0.6642724320639264
3029152,28.59369350490474
3029151,27.638226183613018
3029162,13.253187565680014
3029065,772.524628720335
3029121,273.08100284488995
3029119,42.64250402261691
3029090,5.323832977908383
3029089,7.857542685339814
3029088,74.61672384114742
3029087,0.313130998869799
3029086,27.480538777772484
3029085,18.406779523192437
3029084,0.8964652663231065
3029083,16.511092933694147
3029082,3008.5083554873872
3029081,74.76881438837127
3029080,111.17540678503366
3029091,7.747210322413984
3029079,181.93980452816479
3029077,821.8754290558079
3029076,14.336007368244816
3029075,381.39120181801337
3029074,0.10175803705388804
3029073,2015.4106262780053
3029072,3.476049209163028
3029071,0.15516167171389803
3029070,4.717358151122268
3029069,67.5579446129919
3029068,88.1530521242935
3029067,4284.800420153242
3029078,559.7066744897402
3029120,0.4525462927837019
3029092,57.583370665185974
3029094,215.7504061714182
3029118,36.15874932730882
3029117,1.0601197272464518
3029116,41.184341670669916
3029115,5188.01566949327
3029114,105.31318541182831
3029113,125.25568345130705
3029112,358.80602540097755
3029111,943.7050051320133
3029110,1380.7701349524013
3029109,21.420373975734673
3029108,557.9860825121965
3029093,4.64653678769654
3029107,0.14312915020334205
3029105,4.64138441789564
3029104,0.10227102756751812
3029103,8.52883743916823
3029102,14.989255662855554
3029101,0.4987678324864127
3029100,764.0695497463952
3029099,70.62608069400919
3029098,181.23230007423012
3029097,7.386125628912978
3029096,4.403049096289601
3029095,201.2195982263361
3029106,3857.072557476993
3028508,2.52505094391477
3028063,20.985207122735886
3028506,1389.7544233282567
3027918,932.4257345229505
3027917,2.9346740382564276
3027916,0.07890904880443843
3027915,1.9837137216812621
3027914,5.962725552778557
3027913,12.756224478396682
3027912,765.3490015032215
3027911,51.336070661182085
3027910,273.90311255988377
3027909,4.05936978089642
3027908,1.162823437680132
3027907,254.6782572700224
3027906,301.57499618442796
3027905,1.3156487629623466
3027904,31.470602522947154
3027903,8.131906198727545
3027902,0.5517223518181289
3027901,1.5906881392126055
3027900,245.72516212017626
3027899,0.1866219323474034
3027898,17.10958400307916
3027897,12.863413032009205
3027896,0.5669848872563263
3027919,0.0
3027920,65.14317819893147
3027921,2.1898154552162272
3027922,261.9815882768589
3027946,18.725482913731025
3027945,158.69590417014905
3027944,6.61119066059967
3027943,15.434546842377706
3027942,3.092058823621933
3027941,2.380391634732746
3027940,67.59004592588718
3027939,78.79140280079834
3027938,1.4235964307517075
3027937,13.306410149340861
3027936,2.4131868354081116
3027895,6.678228978485603
3027935,2.5331298313831585
3027933,42.84574919356776
3027932,0.14985642337282287
3027931,7.848734550042284
3027930,5.383200510525662
3027929,0.5115346430497867
3027928,4.421734780485817
3027927,2125.6857926704697
3027926,18.36831999978832
3027925,27.40140642088822
3027924,62.69270416944049
3027923,179.46591611703414
3027934,2.3994222048996376
3027894,3728.4385387797784
3027893,64.69348393147357
3027892,120.2743494503139
3027863,0.3429356283383427
3027862,3.0994637889868883
3027861,2151.4004601270253
3027860,34.63374816216834
3027859,83.53899985892194
3027858,139.38266411532692
3027857,227.67080572922458
3027856,644.3339115389075
3027855,4.266431112889856
3027854,153.5443366006271
3027853,0.006087401541458735
3027864,11.029778648114934
3027852,1280.7309189182313
3027850,0.09540837718825894
3027849,3.468356391919004
3027848,3.5458586511962524
3027847,11.100703093867669
3027846,475.5273840077904
3027845,38.83264099638417
3027844,132.13893975331789
3027843,3.8700371336580375
3027842,0.9871517467124591
3027841,172.21231701875834
3027840,153.43029989695563
3027851,1.2735406110271734
3027947,1.962033097367271
3027865,12.28824465747569
3027867,160.83161257860291
3027891,306.6867041705027
3027890,507.2785609061007
3027889,974.4552079266402
3027888,5.87829302712731
3027887,293.74123696889245
3027886,0.10310637622442091
3027885,2554.527427350715
3027884,1.781030244061177
3027883,0.15306327813338302
3027882,4.306847300113833
3027881,1.4484397316814492
3027866,0.11817514213984132
3027880,0.18621603221120922
3027878,36.96765426902532
3027877,95.66879560279156
3027876,2.852977883330586
3027875,0.7401598407518999
3027874,145.11803000809198
3027873,100.3000878932807
3027872,0.8082809156220121
3027871,22.62815168620891
3027870,2.417960591893556
3027869,0.25761102846448947
3027868,0.3478492334666508
3027879,282.2398051882175
3027948,4.313090896886929
3027949,0.19635378397786435
3027950,0.9619902708974093
3028030,11.358505930432669
3028029,16.512665343089676
3028028,0.5591020452366307
3028027,8.931982508143209
3028026,4168.253426850676
3028025,51.63913459918038
3028024,107.48118922666686
3028023,326.10531351763075
3028022,603.0221043014565
3028021,1073.5437390853542
3028020,7.387771969411924
3028031,0.1718519111265608
3028019,470.8909346386706
3028017,2769.316270493306
3028016,4.251599581765484
3028015,0.22322826495338602
3028014,4.915041083453489
3028013,23.287473205929476
3028012,0.3546301063813669
3028011,2098.2136319829096
3028010,91.4419174351505
3028009,420.2388424256124
3028008,10.032614819138635
3028007,9.509498511601745
3028018,0.011032905155644646
3028006,221.93167180179503
3028032,264.7542660399709
3028034,4.029926255747065
3028058,63.030845127135265
3028057,137.68947119064606
3028056,236.61693207293095
3028055,427.30136966440637
3028054,868.2209400534448
3028053,7.1786622561605355
3028052,350.81347062262654
3028051,0.10189867790220608
3028050,1864.532925652874
3028049,3.817571809370908
3028048,0.24199598950269036
3028033,5.252738702786083
3028047,5.432761457481576
3028045,29.29308214667096
3028044,1034.3652861358414
3028043,56.51087929368717
3028042,194.4760242931497
3028041,6.047457853315234
3028040,3.3125150515858692
3028039,290.83385018871155
3028038,352.2928572983415
3028037,2.2185530814103998
3028036,34.73047702877362
3028035,4.800999855928272
3028046,7.848490006239773
3027839,1.151531121151573
3028005,414.12594302323834
3028003,67.26487599817203
3027974,0.9863426644745057
3027973,167.96790564233928
3027972,149.6134553268164
3027971,1.1384392600124595
3027970,26.45604520990535
3027969,3.114799848013983
3027968,0.32895555760549167
3027967,2.8005093280963633
3027966,180.2826794197187
3027965,0.17672404065335845
3027964,10.904317876407276
3027975,3.811650413546719
3027963,15.577487764033432
3027961,6.0461899666838805
3027960,3001.431290851667
3027959,45.26100471790166
3027958,59.46281362560025
3027957,212.1634316444892
3027956,304.9357184671324
3027955,715.9045419231236
3027954,5.563286068551154
3027953,171.70849894835038
3027952,0.08921411096061108
3027951,1697.9015976134428
3027962,0.6025481868986173
3028004,6.819188894159645
3027976,118.03118234931561
3027978,306.62420219321757
3028002,9.009085306517427
3028001,13.727478770468078
3028000,16.20437895685849
3027999,206.38509317449007
3027998,0.3056337263705318
3027997,24.536645306856617
3027996,17.113409281103237
3027995,1.0817719972262405
3027994,24.297424339382683
3027993,3692.2853702853076
3027992,105.44110198682706
3027977,38.73646410241868
3027991,171.91540556387787
3027989,812.4943304728257
3027988,868.3519100116022
3027987,11.752564875933874
3027986,481.4013911048126
3027985,0.11975094087246564
3027984,2865.1201693102917
3027983,5.237353804481282
3027982,0.11747298327822815
3027981,4.008486806251396
3027980,2.7774344286650483
3027979,7.827017167730197
3027990,217.59357360269917
3028059,3233.0604410998053
3027838,24.9421578948971
3027836,0.36732118511135975
3027695,79.35074290744335
3027694,148.57063659993497
3027693,378.10881101286884
3027692,654.3893910416948
3027691,1488.4353344841172
3027690,10.371039613027097
3027689,592.0649675586974
3027688,0.13157723755438622
3027687,3181.853480189303
3027686,5.0808695146709555
3027685,0.2654581444572162
3027684,6.039558808186132
3027683,2.22672755945888
3027682,5.628761847219367
3027681,276.2884696206699
3027680,19.683049287492324
3027679,131.60346164422236
3027678,3.0882934486318847
3027677,0.696105597255285
3027676,147.1043545866419
3027675,153.94646539963222
3027674,0.6114386708847921
3027673,12.368691674177658
3027696,5292.533518671529
3027697,15.159441039420162
3027698,0.8283689482802659
3027699,25.882193725203358
3027723,5.2626177695934215
3027722,156.63822973646026
3027721,0.06002718978429168
3027720,1444.2826943964735
3027719,0.6879825330014746
3027718,0.13928275626105918
3027717,3.661081139434706
3027716,7.72778011426996
3027715,28.807701900980927
3027714,1212.6690844069446
3027713,70.48387081842567
3027672,1.4837807708412232
3027712,345.0741152525037
3027710,2.7100461045777973
3027709,375.103652904585
3027708,511.86485227376534
3027707,2.3307998921513935
3027706,36.630614036005845
3027705,6.534483857851063
3027704,2.8500368551044044
3027703,7.224176152684409
3027702,329.0328850482042
3027701,0.30631003905390336
3027700,17.172905143497186
3027711,7.866690860433923
3027671,0.13370208495063862
3027670,1.798400501648978
3027669,145.2060471850473
3027640,68.89232318046649
3027639,4.5564821239048365
3027638,14.14814646121586
3027637,15.38976934288744
3027636,176.18394107637252
3027635,0.28525394362568335
3027634,26.686882233005203
3027633,20.534136334769155
3027632,1.1738775229905238
3027631,22.32900549731455
3027630,3106.5822019499615
3027641,6.745088653664464
3027629,99.46006885459228
3027627,157.99139061580735
3027626,753.7040023165804
3027625,714.7259689299348
3027624,12.41210930651041
3027623,398.50077156745505
3027622,0.10913937807017414
3027621,2512.1796558332658
3027620,4.622495763853212
3027619,0.10688300803544644
3027618,3.6330322205515193
3029398,29.370517596825092
3027628,144.5042603491349
3027724,639.0433265192464
3027642,339.9809720000831
3027644,9.014647244262903
3027668,0.12292697157594455
3027667,8.981157414577993
3027666,8.547057277591035
3027665,0.3812894693707465
3027664,3.064813069913896
3027663,2569.5720766708023
3027662,27.902600767104964
3027661,32.63683904967869
3027660,173.09226427992152
3027659,233.7968487087476
3027658,626.5923377202417
3027643,169.5746934648418
3027657,3.223377328119293
3027655,0.011887685406719627
3027654,1156.1504657927746
3027653,0.6200454646724771
3027652,0.1108360931649538
3027651,2.4834569859304745
3027650,22.03890711952997
3027649,0.3401250334061261
3027648,1965.96796681259
3027647,76.68892065273594
3027646,346.4103317909337
3027645,9.914480073494445
3027656,104.72741897205884
3027725,304.4010874137019
3027726,161.8969307956759
3027727,48.8563004956948
3027807,178.30543268551963
3027806,1.055426037842043
3027805,22.259888224566012
3027804,3.023721154989544
3027803,0.21890449370923729
3027802,0.6580446123285133
3027801,192.60157688194002
3027800,0.13044809472519767
3027799,17.268250844172112
3027798,17.27566274678982
3027797,0.4737257157157858
3027808,189.67586536062942
3027796,4.497137347461826
3027794,39.02217148804874
3027793,45.50578455885835
3027792,183.03061793542633
3027791,321.51244457769064
3027790,788.7041556001769
3027789,5.2408040581038655
3027788,178.05923071060147
3027787,0.045279700799814096
3027786,1440.5113858711127
3027785,1.7661833731920291
3027784,0.12336863824312061
3027795,2635.590577215276
3027783,3.448896676977892
3027809,0.7022677795924106
3027811,102.85612787365278
3027835,3.0600598015536953
3027834,194.23721957005498
3027833,0.1765189219009915
3027832,16.956100780352802
3027831,17.930766016685673
3027830,0.6172410079231414
3027829,6.6480538112100085
3027828,2833.9369144133107
3027827,45.49832549914492
3027826,65.9079890275283
3027825,225.3842121205839
3027810,3.2237915983512604
3027824,308.57552909894196
3027822,5.171904469928292
3027821,169.73576560480947
3027820,0.08690635893687695
3027819,1575.6874332268044
3027818,2.0453247191970716
3027817,0.2693959558834069
3027816,3.7754317811439346
3027815,2.3854987841224107
3027814,8.18483593444988
3027813,375.73076220631043
3027812,44.22687992279141
3027823,734.6271210299154
3027837,4.45962241762299
3027782,1.64415443156186
3027780,220.49848699843224
3027751,0.11921838794042967
3027750,3.5587921980003285
3027749,1.7475063372992485
3027748,0.23065415429121203
3027747,232.43060865692033
3027746,33.85784696393291
3027745,108.90161996599107
3027744,3.3720362490587785
3027743,0.8146616118010817
3027742,154.88703007613017
3027741,150.09779422518935
3027752,0.6758093066257116
3027740,0.9211719666034988
3027738,4.037291758550383
3027737,0.22271107482338856
3027736,1.2779554957540253
3027735,154.6244201464889
3027734,0.13173026747927255
3027733,9.608381460800251
3027732,10.919341624068053
3027731,0.5182008593796981
3027730,4.14069223952894
3027729,2450.4894581403164
3027728,34.67456140928526
3027739,24.765681343676263
3027781,9.913697328667846
3027753,1408.815226751253
3027755,153.77772173410835
3027779,32.14791201343369
3027778,103.85393133029956
3027777,3.23915599101153
3027776,0.7781346006008889
3027775,146.05534303871679
3027774,143.55764415752247
3027773,0.8627813650318927
3027772,23.959517726266146
3027771,2.5541539824712665
3027770,0.22446953688742077
3027769,1.3516829356518723
3027754,0.05043167005590403
3027768,140.24187663798827
3027766,9.285958592902436
3027765,10.805516619763894
3027764,0.5072520477754427
3027763,4.0867901566687985
3027762,2393.1324135660116
3027761,35.15339988094017
3027760,47.19706023959639
3027759,153.56459092339367
3027758,275.69985051201877
3027757,624.9973675703893
3027756,4.974981021790809
3027767,0.133357883997236
3028507,0.2927557347947027
3028060,6.432691035995208
3028062,21.78166045579552
3028365,25.15728109111024
3028364,36.162723034814235
3028363,29.7259525578901
3028362,375.73607690758854
3028361,1.2395809039646832
3028360,50.9066668187109
3028359,40.82394223150823
3028358,2.7244041939977293
3028357,73.07024620234353
3028356,6408.9513498081005
3028355,282.82466220063026
3028354,448.6603207934606
3028353,361.0564228809687
3028352,1865.7329262389478
3028351,1654.8565230650138
3028350,28.070926350896688
3028349,1087.727182347325
3028348,0.4207964951447835
3028347,6112.808178727157
3028346,9.99913630222059
3028345,0.43818776254685826
3028344,7.48372113466773
3028343,2.5412501231802196
3028366,176.25023480698854
3028367,15.802021418175944
3028368,845.6286683848765
3028369,422.24919404459894
3028393,9.006892693980921
3028392,10.586474552784402
3028391,0.3413723252871829
3028390,2.2296342292105282
3028389,1681.4026992834238
3028388,31.03514390914468
3028387,82.67196143551509
3028386,99.22340625693029
3028385,195.7314117934575
3028384,472.57931439098735
3028383,3.5226245168477934
3028342,1.0535745272033168
3028382,121.3887914120134
3028380,1116.7015376198328
3028379,0.3957990607107922
3028378,0.0433724846738753
3028377,2.4350545104562427
3028376,89.35456384863325
3028375,1.001148249417536
3028374,5709.657971388603
3028373,301.3461116160616
3028372,1025.745478200198
3028371,20.02760068765269
3028370,17.24148513920518
3028381,0.0
3028341,905.45299150521
3028340,58.44967615250267
3028339,142.61205473207798
3028310,2.9153126110754846
3028309,1.1072244512855183
3028308,1011.2289737925959
3028307,65.28999131816938
3028306,146.54252218791382
3028305,4.798709806318395
3028304,3.0277868118239866
3028303,245.98954847725824
3028302,291.2926056376913
3028301,1.5447401486796148
3028300,52.25654945618737
3028311,4.2871946731840875
3028299,3.8413566271057373
3028297,0.333239006332322
3028296,225.08136060085474
3028295,0.3248057094882826
3028294,18.913031152418036
3028293,21.19933309653376
3028292,0.8260856253381346
3028291,5.739877772200325
3028290,4033.575133253813
3028289,56.64511999342758
3028288,155.84326028219766
3028287,251.36150406830976
3028298,2.5833106363786045
3028394,0.11854508309928456
3028312,0.23047360014319052
3028314,2381.437948342064
3028338,4.655108391981131
3028337,2.999295771541686
3028336,212.25096286518732
3028335,267.1017360313194
3028334,1.4389003508534288
3028333,46.69312026344101
3028332,3.16219882459879
3028331,2.3070537736046295
3028330,0.3510018719775337
3028329,215.02446200635913
3028328,0.32875723713007654
3028313,1.1645126719119543
3028327,20.58847954103592
3028325,0.7504102134678512
3028324,5.074197263577598
3028323,3246.381458835645
3028322,58.43455155525781
3028321,133.9377570860053
3028320,218.6492330933284
3028319,505.1673069276878
3028318,813.2882999431387
3028317,7.234209048964251
3028316,472.08994956423146
3028315,0.1569502574579115
3028326,19.420193333495885
3028395,105.11716971083415
3028396,0.401287100110496
3028397,0.31716998974653365
3028477,0.19900341243891512
3028476,11.80830395273317
3028475,0.9308080355492283
3028474,0.1458773372752762
3028473,269.80628621616313
3028472,16.73091677490883
3028471,63.134947055496355
3028470,1.8672185942102346
3028469,0.6352620005049978
3028468,92.47739897473551
3028467,90.49480015939069
3028478,1.6727542096792902
3028466,0.4550247845989732
3028464,1.6325291089069407
3028463,0.20099144867829793
3028462,0.2314859204791287
3028461,101.48949355896815
3028460,0.08214851214973712
3028459,4.933338413887195
3028458,7.391802826417889
3028457,0.30172727199201127
3028456,1.5688130894425596
3028455,1594.8739168150762
3028454,25.490050638138875
3028465,21.083318133325815
3028453,87.19208389462185
3028479,2277.1456102237926
3028481,301.1386864036532
3028505,45.29643325135857
3028504,190.06147439507396
3028503,4.893898780112404
3028502,2.6410731765054
3028501,244.64400166843512
3028500,235.60877777733214
3028499,2.307667357077052
3028498,55.74214406608029
3028497,12.910938825601125
3028496,0.3504680745325445
3028495,0.3801884026556573
3028480,0.0702026341411286
3028494,206.5755319479061
3028492,26.30683167818189
3028491,36.976475228333534
3028490,0.6393452115321843
3028489,5.895883471476315
3028488,3552.639645907809
3028487,77.09373619330566
3028486,152.95053310613437
3028485,228.41525300137152
3028484,446.01356946093347
3028483,1128.3039968078956
3028482,10.462719138172723
3028493,0.17855317233145174
3028286,622.264980003235
3028452,78.81795163191148
3028450,444.4979446620197
3028421,59.25909280631324
3028420,184.9911955445518
3028419,235.58257522901454
3028418,543.8658600066267
3028417,1062.1208535574037
3028416,7.117801257496625
3028415,459.5907274770337
3028414,0.09387331700620602
3028413,2485.8383134661694
3028412,2.2728934029281094
3028411,0.23516206046423324
3028422,3807.9673066141468
3028410,5.688733476767327
3028408,0.18441733925963147
3028407,259.54769016430026
3028406,24.182349577231545
3028405,76.99387195474958
3028404,2.4269728627837353
3028403,0.8634414219852793
3028402,101.02424748649642
3028401,105.91979738794218
3028400,0.6255218912279215
3028399,24.493043807448913
3028398,2.0767968415760643
3028409,1.4148670297241384
3028451,138.18779766076068
3028423,6.899513595175179
3028425,18.1387924217015
3028449,3.1067918373406203
3028448,92.42899264797074
3028447,0.0
3028446,836.940485809286
3028445,0.22303628833632633
3028444,0.015912554122526144
3028443,1.858926901438473
3028442,4.147913762161252
3028441,0.9062534122385042
3028440,769.8430084614015
3028439,64.24567652640322
3028424,0.5719986135079853
3028438,175.5472331173646
3028436,2.413902726307222
3028435,256.626159719871
3028434,357.0856377399867
3028433,1.5558839405959604
3028432,27.45320637873574
3028431,5.715451317346307
3028430,2.3302230242457176
3028429,1.9745944882251605
3028428,225.7744944217761
3028427,0.2695980781415422
3028426,16.02843997559469
3028437,5.595456791461971
3028061,0.6780005557159505
3028285,984.2441205552985
3028283,542.5797889128195
3028142,36.43153655844318
3028141,242.89480397192546
3028140,4.891480178876645
3028139,3.6347103947192068
3028138,142.01208464371754
3028137,319.002590474897
3028136,3.0206654548408975
3028135,42.05625619334384
3028134,5.1927315194824
3028133,2.556588822912293
3028132,6.601378839285194
3028131,106.2515743706652
3028130,0.13252877339082292
3028129,13.979275899257688
3028128,10.273616661383983
3028127,0.510254822474508
3028126,15.710452665247814
3028125,2190.4838105811373
3028124,64.81384576100655
3028123,57.606566490864445
3028122,137.80291858296377
3028121,408.0442070739
3028120,469.4791543773566
3028143,849.9230751264819
3028144,0.3082236256314963
3028145,9.671720872539346
3028146,3.261247336015657
3028170,316.5494093807686
3028169,9.02836198279089
3028168,101.82042799130365
3028167,7.119552173091556
3028166,19.94940277699378
3028165,7.993276756590202
3028164,211.3065112222589
3028163,0.24473838262530506
3028162,41.38037755206142
3028161,24.890876925161322
3028160,1.2144395375201587
3028119,9.226348149180216
3028159,20.448578422058887
3028157,150.3509120995245
3028156,175.4101721510902
3028155,257.51477795183837
3028154,1092.5873864968453
3028153,921.006423009144
3028152,14.087811619996284
3028151,744.9759167167839
3028150,0.18053546962301523
3028149,3288.7493171183755
3028148,6.272364176278834
3028147,0.07959166846208136
3028158,3490.1390687545313
3028118,254.4700294005034
3028117,0.04729102938234841
3028116,1546.160376734886
3028087,603.5875496252374
3028086,4.7842143718685906
3028085,149.74100303875605
3028084,0.12062992053465668
3028083,1183.1994454829075
3028082,0.8282144813133494
3028081,0.2314755787829281
3028080,3.3437064857994088
3028079,3.528396582752178
3028078,0.7504076223886149
3028077,916.7558320677832
3028088,217.86229889336244
3028076,90.63554915201829
3028074,5.271394450307258
3028073,2.1055181745030573
3028072,228.21711748109283
3028071,205.23574724213952
3028070,1.8973626071356091
3028069,40.903081308383264
3028068,4.926094267446678
3028067,1.9598881902212577
3028066,2.3684855137149095
3028065,221.75285569145223
3028064,0.25506221184918415
3028075,180.81402579386008
3028171,263.7341159685821
3028089,127.24184784318712
3028091,53.57271727553348
3028115,1.8159701241745614
3028114,0.05244700468739163
3028113,3.1316267153473385
3028112,1.1998385134251297
3028111,13.59259065613942
3028110,414.65068733871493
3028109,24.655889848441504
3028108,53.859541322805654
3028107,3.6318709423069393
3028106,0.9972046123656864
3028105,129.79390854816575
3028090,77.26801522364974
3028104,152.33174371084738
3028102,29.413425481284126
3028101,2.879473891276394
3028100,0.6557627889514435
3028099,0.8570730237001465
3028098,131.8233692677766
3028097,0.19761084973439508
3028096,20.375747916168063
3028095,17.72661294377302
3028094,0.5630481299484416
3028093,3.6015117488001094
3028092,1908.2585112999486
3028103,1.6796180419543711
3028172,13.457776584919772
3028173,9.172035795591299
3028174,394.67148136022695
3028254,211.0482937237156
3028253,787.6387294460375
3028252,743.8783143342981
3028251,10.88246747451242
3028250,509.67511093657004
3028249,0.11410694139091655
3028248,2630.8209077580223
3028247,3.6179663744782857
3028246,0.11740154882923014
3028245,3.880073083547387
3028244,2.580841263234888
3028255,168.7827460068681
3028243,0.27485464867251425
3028241,18.588690103752942
3028240,118.39012579336088
3028239,3.071992328176977
3028238,2.8336466515532455
3028237,103.76705838002133
3028236,146.5471634338663
3028235,1.617645991791162
3028234,23.309512432284272
3028233,1.7198655840004333
3028232,2.6320636713803154
3028231,1.8163672834215716
3028242,404.1667970300538
3028230,73.67592991270287
3028256,112.69487525526834
3028258,19.966199866707093
3028282,0.15786456244064279
3028281,2700.407181579158
3028280,1.2682950333196037
3028279,0.22523562308137512
3028278,5.245079140481899
3028277,18.246907962067155
3028276,0.4407329281018466
3028275,2425.0888910508556
3028274,72.53351924459548
3028273,342.98843054760323
3028272,8.072832603932214
3028257,3076.3142243317634
3028271,8.47559578353632
3028269,282.6203336759188
3028268,5.31289715993201
3028267,89.76158583444641
3028266,4.799958347212805
3028265,16.00911768558044
3028264,6.721280387058566
3028263,177.21099783076204
3028262,0.2372703900902825
3028261,26.036575046078443
3028260,16.075922540751446
3028259,1.2221730249214682
3028270,206.51234316832915
3028284,10.85775026634379
3028229,0.14964747123033903
3028227,8.613973658265436
3028198,0.8331735022656463
3028197,16.312195923877397
3028196,0.12879857730245842
3028195,8.371648560931058
3028194,7.390704956411426
3028193,0.579233962176203
3028192,5.863286664628979
3028191,1308.7577928350445
3028190,5.569674357960958
3028189,28.98513508593592
3028188,40.204364447293564
3028199,6.558712265281643
3028187,227.84487734402808
3028185,3.1514245665694487
3028184,100.98214540461157
3028183,0.0
3028182,624.2689345018763
3028181,1.2557832127496367
3028180,0.009374494490917984
3028179,1.7199296424507442
3028178,29.01378133708732
3028177,0.55704790019573
3028176,2774.3223016450374
3028175,112.20732607353553
3028186,300.4964520307425
3028228,8.971552498640252
3028200,2.027170406225586
3028202,2.1895670868742396
3028226,0.45075476720294866
3028225,4.15190941212913
3028224,1491.3079188611212
3028223,37.03709821397408
3028222,42.67052672549422
3028221,68.83369981889625
3028220,258.785512896292
3028219,328.68129602752595
3028218,6.24130618941464
3028217,199.50384535579389
3028216,0.020346878632427397
3028201,45.22427022555489
3028215,1111.1630740150501
3028213,0.010271890773208404
3028212,2.4711878300870183
3028211,1.0190806137569957
3028210,0.2917725182769706
3028209,69.37040217600607
3028208,8.189573462637377
3028207,25.455920438948816
3028206,2.80744870549856
3028205,2.9125530845414453
3028204,66.16606647626637
3028203,31.991906312545808
3028214,1.4583390859613297
3029399,13.486970471827856
